# Blender 4.4.1
# www.blender.org
mtllib PushToSpace.mtl
o テキスト
v -8.644757 -0.585316 -0.629999
v -8.604806 -0.608778 -0.629999
v -8.564814 -0.629906 -0.629999
v -8.524445 -0.648722 -0.629999
v -8.483369 -0.665247 -0.629999
v -8.441251 -0.679500 -0.629999
v -8.397758 -0.691504 -0.629999
v -8.352556 -0.701278 -0.629999
v -8.305313 -0.708844 -0.629999
v -8.255695 -0.714222 -0.629999
v -8.203368 -0.717434 -0.629999
v -8.148001 -0.718500 -0.629999
v -8.046904 -0.711496 -0.629999
v -7.953722 -0.691222 -0.629999
v -7.868625 -0.658781 -0.629999
v -7.791778 -0.615278 -0.629999
v -7.723347 -0.561816 -0.629999
v -7.663500 -0.499500 -0.629999
v -7.612402 -0.429434 -0.629999
v -7.570222 -0.352722 -0.629999
v -7.537125 -0.270469 -0.629999
v -7.513277 -0.183778 -0.629999
v -7.498847 -0.093754 -0.629999
v -7.493999 -0.001500 -0.629999
v -7.499292 0.097667 -0.629999
v -7.514833 0.190833 -0.629999
v -7.540125 0.277500 -0.629999
v -7.574667 0.357167 -0.629999
v -7.617959 0.429333 -0.629999
v -7.669500 0.493500 -0.629999
v -7.728792 0.549167 -0.629999
v -7.795334 0.595833 -0.629999
v -7.868626 0.633000 -0.629999
v -7.948167 0.660167 -0.629999
v -8.033459 0.676833 -0.629999
v -8.124000 0.682500 -0.629999
v -8.210505 0.677431 -0.629999
v -8.291292 0.662194 -0.629999
v -8.366016 0.636750 -0.629999
v -8.434334 0.601056 -0.629999
v -8.495901 0.555070 -0.629999
v -8.550375 0.498750 -0.629999
v -8.597412 0.432056 -0.629999
v -8.636667 0.354944 -0.629999
v -8.667797 0.267375 -0.629999
v -8.690458 0.169306 -0.629999
v -8.704308 0.060694 -0.629999
v -8.709001 -0.058500 -0.629999
v -7.761001 -0.058500 -0.629999
v -7.773810 -0.122557 -0.629999
v -7.791224 -0.181208 -0.629999
v -7.813220 -0.234422 -0.629999
v -7.839779 -0.282167 -0.629999
v -7.870879 -0.324412 -0.629999
v -7.906501 -0.361125 -0.629999
v -7.946622 -0.392276 -0.629999
v -7.991222 -0.417833 -0.629999
v -8.040281 -0.437766 -0.629999
v -8.093779 -0.452042 -0.629999
v -8.151691 -0.460630 -0.629999
v -8.214000 -0.463500 -0.629999
v -8.254318 -0.462261 -0.629999
v -8.294305 -0.458583 -0.629999
v -8.334000 -0.452531 -0.629999
v -8.373444 -0.444167 -0.629999
v -8.412680 -0.433552 -0.629999
v -8.451750 -0.420750 -0.629999
v -8.490694 -0.405823 -0.629999
v -8.529554 -0.388833 -0.629999
v -8.568375 -0.369844 -0.629999
v -8.607195 -0.348917 -0.629999
v -8.646055 -0.326115 -0.629999
v -8.684999 -0.301500 -0.629999
v -8.684999 -0.559500 -0.629999
v -8.440521 0.167906 -0.629999
v -8.431667 0.214000 -0.629999
v -8.418563 0.256594 -0.629999
v -8.401334 0.295500 -0.629999
v -8.380104 0.330531 -0.629999
v -8.355000 0.361500 -0.629999
v -8.326146 0.388219 -0.629999
v -8.293667 0.410500 -0.629999
v -8.257688 0.428156 -0.629999
v -8.218333 0.441000 -0.629999
v -8.175730 0.448844 -0.629999
v -8.130000 0.451500 -0.629999
v -8.080689 0.449016 -0.629999
v -8.034777 0.441625 -0.629999
v -7.992280 0.429422 -0.629999
v -7.953222 0.412500 -0.629999
v -7.917622 0.390953 -0.629999
v -7.885500 0.364875 -0.629999
v -7.856878 0.334359 -0.629999
v -7.831778 0.299500 -0.629999
v -7.810219 0.260391 -0.629999
v -7.792222 0.217125 -0.629999
v -7.777809 0.169797 -0.629999
v -7.767000 0.118500 -0.629999
v -8.445000 0.118500 -0.629999
v -7.198776 0.328524 -0.629999
v -7.163445 0.349694 -0.629999
v -7.129782 0.368156 -0.629999
v -7.097556 0.384056 -0.629999
v -7.066539 0.397538 -0.629999
v -7.036501 0.408750 -0.629999
v -7.007213 0.417837 -0.629999
v -6.978446 0.424944 -0.629999
v -6.949970 0.430219 -0.629999
v -6.921556 0.433806 -0.629999
v -6.892976 0.435851 -0.629999
v -6.864000 0.436500 -0.629999
v -6.804866 0.432741 -0.629999
v -6.749180 0.421681 -0.629999
v -6.697266 0.403641 -0.629999
v -6.649445 0.378944 -0.629999
v -6.606040 0.347915 -0.629999
v -6.567374 0.310875 -0.629999
v -6.533772 0.268148 -0.629999
v -6.505555 0.220056 -0.629999
v -6.483047 0.166922 -0.629999
v -6.466569 0.109069 -0.629999
v -6.456446 0.046821 -0.629999
v -6.453000 -0.019500 -0.629999
v -6.456701 -0.086905 -0.629999
v -6.467611 -0.149486 -0.629999
v -6.485437 -0.207047 -0.629999
v -6.509889 -0.259389 -0.629999
v -6.540673 -0.306314 -0.629999
v -6.577499 -0.347625 -0.629999
v -6.620076 -0.383123 -0.629999
v -6.668110 -0.412611 -0.629999
v -6.721312 -0.435891 -0.629999
v -6.779388 -0.452764 -0.629999
v -6.842049 -0.463033 -0.629999
v -6.909000 -0.466500 -0.629999
v -6.937393 -0.465875 -0.629999
v -6.965652 -0.464000 -0.629999
v -6.993890 -0.460875 -0.629999
v -7.022222 -0.456500 -0.629999
v -7.050762 -0.450875 -0.629999
v -7.079625 -0.444000 -0.629999
v -7.108925 -0.435875 -0.629999
v -7.138778 -0.426500 -0.629999
v -7.169297 -0.415875 -0.629999
v -7.200598 -0.404000 -0.629999
v -7.232794 -0.390875 -0.629999
v -7.266001 -0.376500 -0.629999
v -7.266001 -0.640500 -0.629999
v -7.241877 -0.650858 -0.629999
v -7.214764 -0.660861 -0.629999
v -7.185047 -0.670406 -0.629999
v -7.153111 -0.679389 -0.629999
v -7.119342 -0.687705 -0.629999
v -7.084126 -0.695250 -0.629999
v -7.047846 -0.701920 -0.629999
v -7.010890 -0.707611 -0.629999
v -6.973641 -0.712219 -0.629999
v -6.936486 -0.715639 -0.629999
v -6.899811 -0.717767 -0.629999
v -6.864000 -0.718500 -0.629999
v -6.766095 -0.712781 -0.629999
v -6.673751 -0.696000 -0.629999
v -6.587532 -0.668719 -0.629999
v -6.508000 -0.631500 -0.629999
v -6.435719 -0.584906 -0.629999
v -6.371250 -0.529500 -0.629999
v -6.315156 -0.465844 -0.629999
v -6.268000 -0.394500 -0.629999
v -6.230344 -0.316031 -0.629999
v -6.202750 -0.231000 -0.629999
v -6.185781 -0.139969 -0.629999
v -6.180000 -0.043500 -0.629999
v -6.185311 0.064055 -0.629999
v -6.200999 0.164444 -0.629999
v -6.226686 0.257250 -0.629999
v -6.262000 0.342056 -0.629999
v -6.306562 0.418444 -0.629999
v -6.360000 0.486000 -0.629999
v -6.421937 0.544306 -0.629999
v -6.492000 0.592945 -0.629999
v -6.569813 0.631500 -0.629999
v -6.655001 0.659556 -0.629999
v -6.747188 0.676695 -0.629999
v -6.846000 0.682500 -0.629999
v -6.883980 0.681759 -0.629999
v -6.920096 0.679570 -0.629999
v -6.954608 0.675984 -0.629999
v -6.987777 0.671056 -0.629999
v -7.019862 0.664835 -0.629999
v -7.051124 0.657375 -0.629999
v -7.081823 0.648727 -0.629999
v -7.112221 0.638945 -0.629999
v -7.142577 0.628078 -0.629999
v -7.173152 0.616181 -0.629999
v -7.204206 0.603304 -0.629999
v -7.236001 0.589500 -0.629999
v -7.236001 0.304500 -0.629999
v -5.979691 -0.632582 -0.629999
v -5.953015 -0.649403 -0.629999
v -5.928610 -0.664078 -0.629999
v -5.906112 -0.676722 -0.629999
v -5.885155 -0.687450 -0.629999
v -5.865376 -0.696375 -0.629999
v -5.846408 -0.703613 -0.629999
v -5.827889 -0.709278 -0.629999
v -5.809454 -0.713484 -0.629999
v -5.790737 -0.716347 -0.629999
v -5.771374 -0.717981 -0.629999
v -5.751000 -0.718500 -0.629999
v -5.722867 -0.717618 -0.629999
v -5.696931 -0.714944 -0.629999
v -5.673141 -0.710438 -0.629999
v -5.651445 -0.704056 -0.629999
v -5.631790 -0.695757 -0.629999
v -5.614125 -0.685500 -0.629999
v -5.598398 -0.673243 -0.629999
v -5.584556 -0.658944 -0.629999
v -5.572547 -0.642563 -0.629999
v -5.562320 -0.624056 -0.629999
v -5.553822 -0.603382 -0.629999
v -5.547000 -0.580500 -0.629999
v -5.517629 -0.602752 -0.629999
v -5.488028 -0.623014 -0.629999
v -5.458219 -0.641297 -0.630000
v -5.428223 -0.657611 -0.630000
v -5.398060 -0.671967 -0.630000
v -5.367751 -0.684375 -0.630000
v -5.337317 -0.694846 -0.630000
v -5.306778 -0.703389 -0.630000
v -5.276157 -0.710016 -0.630000
v -5.245473 -0.714736 -0.630000
v -5.214747 -0.717561 -0.630000
v -5.184000 -0.718500 -0.630000
v -5.135913 -0.715330 -0.630000
v -5.090806 -0.706139 -0.630000
v -5.048906 -0.691406 -0.630000
v -5.010445 -0.671611 -0.630000
v -4.975650 -0.647233 -0.630000
v -4.944750 -0.618750 -0.630000
v -4.917976 -0.586642 -0.630000
v -4.895556 -0.551389 -0.630000
v -4.877719 -0.513469 -0.630000
v -4.864695 -0.473361 -0.630000
v -4.856712 -0.431545 -0.630000
v -4.854001 -0.388500 -0.630000
v -4.858907 -0.325519 -0.630000
v -4.873001 -0.269653 -0.630000
v -4.895344 -0.220266 -0.630000
v -4.925001 -0.176722 -0.630000
v -4.961032 -0.138387 -0.630000
v -5.002501 -0.104625 -0.630000
v -5.048470 -0.074800 -0.630000
v -5.098001 -0.048278 -0.630000
v -5.150157 -0.024422 -0.630000
v -5.204000 -0.002597 -0.630000
v -5.258594 0.017832 -0.630000
v -5.313001 0.037500 -0.630000
v -5.550000 0.121500 -0.630000
v -5.550000 0.193500 -0.630000
v -5.548313 0.233455 -0.630000
v -5.543250 0.269389 -0.630000
v -5.534813 0.301406 -0.630000
v -5.523000 0.329611 -0.630000
v -5.507813 0.354108 -0.630000
v -5.489251 0.375000 -0.630000
v -5.467313 0.392392 -0.630000
v -5.442000 0.406389 -0.630000
v -5.413313 0.417094 -0.630000
v -5.381250 0.424611 -0.630000
v -5.345813 0.429045 -0.630000
v -5.307001 0.430500 -0.630000
v -5.270202 0.429054 -0.630000
v -5.233361 0.424681 -0.630000
v -5.196563 0.417328 -0.630000
v -5.159889 0.406944 -0.630000
v -5.123424 0.393477 -0.630000
v -5.087250 0.376875 -0.630000
v -5.051452 0.357085 -0.630000
v -5.016111 0.334056 -0.630000
v -4.981313 0.307734 -0.630000
v -4.947139 0.278069 -0.630000
v -4.913674 0.245009 -0.630000
v -4.881001 0.208500 -0.630000
v -4.881001 0.499500 -0.630000
v -4.908130 0.528939 -0.630000
v -4.937029 0.555764 -0.630000
v -4.967720 0.579984 -0.630000
v -5.000223 0.601611 -0.630000
v -5.034560 0.620655 -0.630000
v -5.070751 0.637125 -0.630000
v -5.108817 0.651033 -0.630000
v -5.148778 0.662389 -0.630000
v -5.190657 0.671203 -0.630000
v -5.234473 0.677486 -0.630000
v -5.280247 0.681248 -0.630000
v -5.328001 0.682500 -0.630000
v -5.394970 0.679608 -0.630000
v -5.459013 0.670861 -0.630000
v -5.519578 0.656156 -0.630000
v -5.576111 0.635389 -0.630000
v -5.628060 0.608455 -0.630000
v -5.674875 0.575250 -0.630000
v -5.716002 0.535670 -0.630000
v -5.750889 0.489611 -0.630000
v -5.778985 0.436969 -0.630000
v -5.799736 0.377639 -0.630000
v -5.812593 0.311517 -0.630000
v -5.817000 0.238500 -0.630000
v -5.817000 -0.454500 -0.629999
v -5.817374 -0.466571 -0.629999
v -5.818487 -0.477319 -0.629999
v -5.820329 -0.486797 -0.629999
v -5.822889 -0.495056 -0.629999
v -5.826159 -0.502148 -0.629999
v -5.830126 -0.508125 -0.629999
v -5.834780 -0.513040 -0.629999
v -5.840112 -0.516944 -0.629999
v -5.846110 -0.519891 -0.629999
v -5.852764 -0.521931 -0.629999
v -5.860065 -0.523116 -0.629999
v -5.868000 -0.523500 -0.629999
v -5.875300 -0.522943 -0.629999
v -5.883653 -0.521292 -0.629999
v -5.892984 -0.518578 -0.629999
v -5.903222 -0.514833 -0.629999
v -5.914293 -0.510089 -0.629999
v -5.926125 -0.504375 -0.629999
v -5.938644 -0.497724 -0.629999
v -5.951778 -0.490167 -0.629999
v -5.965454 -0.481734 -0.629999
v -5.979598 -0.472458 -0.629999
v -5.994138 -0.462370 -0.629999
v -6.009001 -0.451500 -0.629999
v -6.009001 -0.613500 -0.629999
v -5.493723 -0.045047 -0.630000
v -5.439278 -0.064875 -0.630000
v -5.387250 -0.085266 -0.630000
v -5.338223 -0.106500 -0.630000
v -5.292778 -0.128859 -0.630000
v -5.251500 -0.152625 -0.630000
v -5.214972 -0.178078 -0.630000
v -5.183778 -0.205500 -0.630000
v -5.158500 -0.235172 -0.630000
v -5.139723 -0.267375 -0.630000
v -5.128028 -0.302391 -0.630000
v -5.124001 -0.340500 -0.630000
v -5.125658 -0.367537 -0.630000
v -5.130514 -0.393042 -0.630000
v -5.138391 -0.416859 -0.630000
v -5.149111 -0.438833 -0.630000
v -5.162498 -0.458807 -0.630000
v -5.178375 -0.476625 -0.630000
v -5.196565 -0.492130 -0.630000
v -5.216889 -0.505167 -0.630000
v -5.239172 -0.515578 -0.630000
v -5.263237 -0.523208 -0.630000
v -5.288905 -0.527901 -0.630000
v -5.316000 -0.529500 -0.630000
v -5.336876 -0.528634 -0.630000
v -5.357501 -0.526069 -0.630000
v -5.377876 -0.521859 -0.630000
v -5.398001 -0.516056 -0.630000
v -5.417876 -0.508710 -0.630000
v -5.437501 -0.499875 -0.630000
v -5.456876 -0.489603 -0.630000
v -5.476001 -0.477945 -0.630000
v -5.494876 -0.464953 -0.630000
v -5.513501 -0.450681 -0.630000
v -5.531876 -0.435179 -0.630000
v -5.550000 -0.418500 -0.630000
v -5.550000 -0.025500 -0.630000
v -3.447001 -1.381500 -0.630000
v -3.447001 0.655500 -0.630000
v -3.909000 0.655500 -0.630000
v -4.027288 0.650521 -0.630000
v -4.136056 0.635667 -0.630000
v -4.235157 0.611063 -0.630000
v -4.324445 0.576833 -0.630000
v -4.403774 0.533104 -0.630000
v -4.473000 0.480000 -0.630000
v -4.531976 0.417646 -0.630000
v -4.580556 0.346167 -0.630000
v -4.618594 0.265687 -0.630000
v -4.645945 0.176333 -0.630000
v -4.662462 0.078229 -0.630000
v -4.668000 -0.028500 -0.630000
v -4.662162 -0.127154 -0.630000
v -4.645042 -0.220236 -0.630000
v -4.617235 -0.307172 -0.630000
v -4.579334 -0.387389 -0.630000
v -4.531933 -0.460314 -0.630000
v -4.475626 -0.525375 -0.630000
v -4.411006 -0.581998 -0.630000
v -4.338667 -0.629611 -0.630000
v -4.259204 -0.667641 -0.630000
v -4.173209 -0.695514 -0.630000
v -4.081277 -0.712658 -0.630000
v -3.984001 -0.718500 -0.630000
v -3.962360 -0.718122 -0.630000
v -3.940875 -0.716972 -0.630000
v -3.919453 -0.715031 -0.630000
v -3.898000 -0.712278 -0.630000
v -3.876422 -0.708691 -0.630000
v -3.854625 -0.704250 -0.630000
v -3.832516 -0.698934 -0.630000
v -3.810000 -0.692722 -0.630000
v -3.786985 -0.685594 -0.630000
v -3.763375 -0.677528 -0.630000
v -3.739079 -0.668504 -0.630000
v -3.714000 -0.658500 -0.630000
v -3.714000 -1.381500 -0.630000
v -3.734370 -0.427873 -0.630000
v -3.754959 -0.436486 -0.630000
v -3.775735 -0.444328 -0.630000
v -3.796667 -0.451389 -0.630000
v -3.817724 -0.457658 -0.630000
v -3.838876 -0.463125 -0.630000
v -3.860089 -0.467780 -0.630000
v -3.881334 -0.471611 -0.630000
v -3.902579 -0.474609 -0.630000
v -3.923792 -0.476764 -0.630000
v -3.944943 -0.478064 -0.630000
v -3.966001 -0.478500 -0.630000
v -4.026749 -0.474571 -0.630000
v -4.084237 -0.463069 -0.630000
v -4.138079 -0.444422 -0.630000
v -4.187890 -0.419056 -0.630000
v -4.233284 -0.387398 -0.630000
v -4.273876 -0.349875 -0.630000
v -4.309280 -0.306915 -0.630000
v -4.339112 -0.258944 -0.630000
v -4.362985 -0.206391 -0.630000
v -4.380514 -0.149681 -0.630000
v -4.391315 -0.089241 -0.630000
v -4.395000 -0.025500 -0.630000
v -4.391939 0.041786 -0.630000
v -4.382764 0.104042 -0.630000
v -4.367484 0.161109 -0.630000
v -4.346111 0.212833 -0.630000
v -4.318655 0.259057 -0.630000
v -4.285125 0.299625 -0.630000
v -4.245533 0.334380 -0.630000
v -4.199889 0.363167 -0.630000
v -4.148203 0.385828 -0.630000
v -4.090487 0.402208 -0.630000
v -4.026749 0.412151 -0.630000
v -3.957000 0.415500 -0.630000
v -3.714000 0.415500 -0.630000
v -3.714000 -0.418500 -0.630000
v -3.055639 0.943352 -0.630000
v -3.012611 0.977570 -0.630000
v -2.970000 1.007391 -0.630000
v -2.927889 1.033056 -0.630000
v -2.886361 1.054804 -0.630000
v -2.845500 1.072875 -0.630000
v -2.805389 1.087509 -0.630000
v -2.766111 1.098944 -0.630000
v -2.727750 1.107422 -0.630000
v -2.690389 1.113181 -0.630000
v -2.654111 1.116460 -0.630000
v -2.619000 1.117500 -0.630000
v -2.572922 1.115469 -0.630000
v -2.529375 1.109500 -0.630000
v -2.488641 1.099781 -0.630000
v -2.451000 1.086500 -0.630000
v -2.416734 1.069844 -0.630000
v -2.386125 1.050000 -0.630000
v -2.359453 1.027156 -0.630000
v -2.337000 1.001500 -0.630000
v -2.319047 0.973219 -0.630000
v -2.305875 0.942500 -0.630000
v -2.297766 0.909531 -0.630000
v -2.295000 0.874500 -0.630000
v -2.312413 0.783952 -0.630000
v -2.360556 0.706361 -0.630000
v -2.433281 0.638063 -0.630000
v -2.524445 0.575389 -0.630000
v -2.627900 0.514674 -0.630000
v -2.737500 0.452250 -0.630000
v -2.847101 0.384451 -0.630000
v -2.950556 0.307611 -0.630000
v -3.041719 0.218062 -0.630000
v -3.114444 0.112139 -0.630000
v -3.162587 -0.013826 -0.630000
v -3.180000 -0.163500 -0.630000
v -3.175028 -0.241853 -0.630000
v -3.160472 -0.316070 -0.630000
v -3.136875 -0.385641 -0.630000
v -3.104778 -0.450056 -0.630000
v -3.064723 -0.508804 -0.630000
v -3.017250 -0.561375 -0.630000
v -2.962903 -0.607259 -0.630000
v -2.902223 -0.645944 -0.630000
v -2.835750 -0.676922 -0.630000
v -2.764028 -0.699681 -0.630000
v -2.687597 -0.713710 -0.630000
v -2.607000 -0.718500 -0.630000
v -2.552356 -0.717245 -0.630000
v -2.499347 -0.713458 -0.630000
v -2.447860 -0.707109 -0.630000
v -2.397778 -0.698167 -0.630000
v -2.348988 -0.686599 -0.630000
v -2.301375 -0.672375 -0.630000
v -2.254825 -0.655464 -0.630000
v -2.209223 -0.635833 -0.630000
v -2.164454 -0.613453 -0.630000
v -2.120403 -0.588292 -0.630000
v -2.076957 -0.560318 -0.630000
v -2.034000 -0.529500 -0.630000
v -2.034000 -0.157500 -0.630000
v -2.072297 -0.203677 -0.630000
v -2.112125 -0.246167 -0.630000
v -2.153391 -0.284906 -0.630000
v -2.196000 -0.319833 -0.630000
v -2.239859 -0.350885 -0.630000
v -2.284875 -0.378000 -0.630000
v -2.330953 -0.401115 -0.630000
v -2.378000 -0.420167 -0.630000
v -2.425922 -0.435094 -0.630000
v -2.474625 -0.445833 -0.630000
v -2.524016 -0.452323 -0.630000
v -2.574000 -0.454500 -0.630000
v -2.628448 -0.451601 -0.630000
v -2.677834 -0.443306 -0.630000
v -2.722219 -0.430219 -0.630000
v -2.761667 -0.412945 -0.630000
v -2.796240 -0.392087 -0.630000
v -2.826000 -0.368250 -0.630000
v -2.851011 -0.342038 -0.630000
v -2.871334 -0.314056 -0.630000
v -2.887032 -0.284906 -0.630000
v -2.898167 -0.255195 -0.630000
v -2.904802 -0.225524 -0.630000
v -2.907000 -0.196500 -0.630000
v -2.889588 -0.098049 -0.630000
v -2.841445 -0.012139 -0.630000
v -2.768720 0.064312 -0.630000
v -2.677557 0.134389 -0.630000
v -2.574101 0.201174 -0.630000
v -2.464501 0.267750 -0.630000
v -2.354900 0.337201 -0.630000
v -2.251445 0.412611 -0.630000
v -2.160282 0.497062 -0.630000
v -2.087556 0.593639 -0.630000
v -2.039413 0.705424 -0.630000
v -2.022000 0.835500 -0.630000
v -2.027057 0.916196 -0.630000
v -2.041958 0.991569 -0.630000
v -2.066297 1.061297 -0.630000
v -2.099667 1.125056 -0.630000
v -2.141661 1.182523 -0.630000
v -2.191875 1.233375 -0.630000
v -2.249901 1.277290 -0.630000
v -2.315333 1.313944 -0.630000
v -2.387766 1.343016 -0.630000
v -2.466792 1.364181 -0.630000
v -2.552005 1.377116 -0.630000
v -2.643000 1.381500 -0.630000
v -2.681993 1.380500 -0.630000
v -2.720944 1.377500 -0.630000
v -2.759812 1.372500 -0.630000
v -2.798556 1.365500 -0.630000
v -2.837132 1.356500 -0.630000
v -2.875500 1.345500 -0.630000
v -2.913618 1.332500 -0.630000
v -2.951445 1.317500 -0.630000
v -2.988938 1.300500 -0.630000
v -3.026056 1.281500 -0.630000
v -3.062757 1.260500 -0.630000
v -3.099000 1.237500 -0.630000
v -3.099000 0.904500 -0.630000
v -0.953906 -0.108038 -0.630000
v -0.936000 -0.205306 -0.630000
v -0.906844 -0.295781 -0.630000
v -0.867000 -0.378944 -0.630000
v -0.817031 -0.454274 -0.630000
v -0.757500 -0.521250 -0.630000
v -0.688969 -0.579351 -0.630000
v -0.612000 -0.628056 -0.630000
v -0.527156 -0.666844 -0.630000
v -0.435000 -0.695194 -0.630000
v -0.336094 -0.712587 -0.630000
v -0.231000 -0.718500 -0.630000
v -0.130042 -0.712358 -0.630000
v -0.034583 -0.694361 -0.630000
v 0.054750 -0.665156 -0.630000
v 0.137333 -0.625389 -0.630000
v 0.212542 -0.575705 -0.630000
v 0.279750 -0.516750 -0.630000
v 0.338333 -0.449170 -0.630000
v 0.387667 -0.373611 -0.630000
v 0.427125 -0.290719 -0.630000
v 0.456083 -0.201139 -0.630000
v 0.473917 -0.105517 -0.630000
v 0.480000 -0.004500 -0.630000
v 0.473688 0.090314 -0.630000
v 0.455250 0.180764 -0.630000
v 0.425438 0.266109 -0.630000
v 0.385000 0.345611 -0.630000
v 0.334688 0.418529 -0.630000
v 0.275250 0.484125 -0.630000
v 0.207438 0.541658 -0.630000
v 0.132000 0.590389 -0.630000
v 0.049688 0.629578 -0.630000
v -0.038750 0.658486 -0.630000
v -0.132562 0.676373 -0.630000
v -0.231000 0.682500 -0.630000
v -0.334203 0.676602 -0.630000
v -0.431875 0.659319 -0.630000
v -0.523359 0.631266 -0.630000
v -0.608000 0.593056 -0.630000
v -0.685141 0.545304 -0.630000
v -0.754125 0.488625 -0.630000
v -0.814297 0.423634 -0.630000
v -0.865000 0.350944 -0.630000
v -0.905578 0.271172 -0.630000
v -0.935375 0.184931 -0.630000
v -0.953734 0.092835 -0.630000
v -0.960000 -0.004500 -0.630000
v 0.203368 -0.073696 -0.630000
v 0.192694 -0.138569 -0.630000
v 0.175312 -0.198797 -0.630000
v 0.151556 -0.254056 -0.630000
v 0.121757 -0.304023 -0.630000
v 0.086250 -0.348375 -0.630000
v 0.045368 -0.386790 -0.630000
v -0.000556 -0.418945 -0.630000
v -0.051187 -0.444516 -0.630000
v -0.106194 -0.463181 -0.630000
v -0.165243 -0.474616 -0.630000
v -0.228000 -0.478500 -0.630000
v -0.296271 -0.474790 -0.630000
v -0.359917 -0.463820 -0.630000
v -0.418687 -0.445828 -0.630000
v -0.472333 -0.421056 -0.630000
v -0.520604 -0.389741 -0.630000
v -0.563250 -0.352125 -0.630000
v -0.600021 -0.308446 -0.630000
v -0.630667 -0.258944 -0.630000
v -0.654937 -0.203859 -0.630000
v -0.672583 -0.143431 -0.630000
v -0.683354 -0.077898 -0.630000
v -0.687000 -0.007500 -0.630000
v -0.683068 0.056182 -0.630000
v -0.671542 0.116458 -0.630000
v -0.652828 0.172922 -0.630000
v -0.627333 0.225167 -0.630000
v -0.595464 0.272786 -0.630000
v -0.557625 0.315375 -0.630000
v -0.514224 0.352526 -0.630000
v -0.465667 0.383833 -0.630000
v -0.412359 0.408891 -0.630000
v -0.354708 0.427292 -0.630000
v -0.293120 0.438630 -0.630000
v -0.228000 0.442500 -0.630000
v -0.166503 0.438632 -0.630000
v -0.108278 0.427305 -0.630000
v -0.053719 0.408937 -0.630000
v -0.003222 0.383944 -0.630000
v 0.042816 0.352743 -0.630000
v 0.084000 0.315750 -0.630000
v 0.119934 0.273382 -0.630000
v 0.150222 0.226056 -0.630000
v 0.174469 0.174187 -0.630000
v 0.192278 0.118194 -0.630000
v 0.203254 0.058493 -0.630000
v 0.207000 -0.004500 -0.630000
v 1.347000 1.090500 -0.630000
v 1.347000 -0.691500 -0.630000
v 1.641000 -0.691500 -0.630000
v 1.641000 1.090500 -0.630000
v 2.349000 1.090500 -0.630000
v 2.349000 1.354500 -0.630000
v 0.639000 1.354500 -0.630000
v 0.639000 1.090500 -0.630000
v 4.278000 0.478500 -0.630000
v 4.251528 0.509613 -0.630000
v 4.223223 0.538403 -0.630000
v 4.193251 0.564797 -0.630000
v 4.161778 0.588722 -0.630000
v 4.128973 0.610106 -0.630000
v 4.095000 0.628875 -0.630000
v 4.060028 0.644957 -0.630000
v 4.024222 0.658278 -0.630000
v 3.987750 0.668766 -0.630000
v 3.950778 0.676347 -0.630000
v 3.913472 0.680950 -0.630000
v 3.876000 0.682500 -0.630000
v 3.811511 0.678745 -0.630000
v 3.750333 0.667458 -0.630000
v 3.692906 0.648609 -0.630000
v 3.639667 0.622167 -0.630000
v 3.591052 0.588099 -0.630000
v 3.547500 0.546375 -0.630000
v 3.509448 0.496964 -0.630000
v 3.477334 0.439833 -0.630000
v 3.451594 0.374953 -0.630000
v 3.432667 0.302292 -0.630000
v 3.420990 0.221818 -0.630000
v 3.417000 0.133500 -0.630000
v 3.417000 -0.691500 -0.630000
v 3.684000 -0.691500 -0.630000
v 3.684000 0.142500 -0.630000
v 3.686100 0.190528 -0.630000
v 3.692305 0.235472 -0.630000
v 3.702468 0.277125 -0.630000
v 3.716444 0.315278 -0.630000
v 3.734086 0.349722 -0.630000
v 3.755250 0.380250 -0.630000
v 3.779788 0.406653 -0.630000
v 3.807555 0.428722 -0.630000
v 3.838406 0.446250 -0.630000
v 3.872194 0.459028 -0.630000
v 3.908774 0.466847 -0.630000
v 3.948000 0.469500 -0.630000
v 3.976784 0.468356 -0.630000
v 4.004765 0.464847 -0.630000
v 4.032141 0.458859 -0.630000
v 4.059112 0.450278 -0.630000
v 4.085874 0.438988 -0.630000
v 4.112625 0.424875 -0.630000
v 4.139565 0.407825 -0.630000
v 4.166889 0.387722 -0.630000
v 4.194797 0.364453 -0.630000
v 4.223486 0.337903 -0.630000
v 4.253155 0.307957 -0.630000
v 4.284000 0.274500 -0.630000
v 4.284000 -0.691500 -0.630000
v 4.551000 -0.691500 -0.630000
v 4.551000 1.354500 -0.630000
v 4.284000 1.354500 -0.630000
v 4.284000 0.478500 -0.630000
v 4.954293 0.331071 -0.630000
v 4.991097 0.352319 -0.630000
v 5.027297 0.371297 -0.630000
v 5.062778 0.388055 -0.630000
v 5.097425 0.402648 -0.630000
v 5.131125 0.415125 -0.630000
v 5.163762 0.425540 -0.630000
v 5.195222 0.433944 -0.630000
v 5.225391 0.440391 -0.630000
v 5.254153 0.444931 -0.630000
v 5.281394 0.447616 -0.630000
v 5.307000 0.448500 -0.630000
v 5.333170 0.447455 -0.630000
v 5.357611 0.444389 -0.630000
v 5.380219 0.439406 -0.630000
v 5.400889 0.432611 -0.630000
v 5.419518 0.424108 -0.630000
v 5.436000 0.414000 -0.630000
v 5.450233 0.402392 -0.630000
v 5.462111 0.389389 -0.630000
v 5.471531 0.375094 -0.630000
v 5.478389 0.359611 -0.630000
v 5.482580 0.343045 -0.630000
v 5.484000 0.325500 -0.630000
v 5.482092 0.310219 -0.630000
v 5.476236 0.294250 -0.630000
v 5.466235 0.277406 -0.630000
v 5.451889 0.259500 -0.630000
v 5.433002 0.240344 -0.630000
v 5.409375 0.219750 -0.630000
v 5.380811 0.197531 -0.630000
v 5.347112 0.173500 -0.630000
v 5.308079 0.147469 -0.630000
v 5.263515 0.119250 -0.630000
v 5.213221 0.088656 -0.630000
v 5.157001 0.055500 -0.630000
v 5.104403 0.019818 -0.630000
v 5.057472 -0.013958 -0.630000
v 5.016000 -0.046172 -0.630000
v 4.979778 -0.077167 -0.630000
v 4.948597 -0.107286 -0.630000
v 4.922250 -0.136875 -0.630000
v 4.900528 -0.166276 -0.630000
v 4.883222 -0.195833 -0.630000
v 4.870125 -0.225891 -0.630000
v 4.861028 -0.256792 -0.630000
v 4.855722 -0.288880 -0.630000
v 4.854000 -0.322500 -0.630000
v 4.857867 -0.380078 -0.630000
v 4.869181 -0.434125 -0.630000
v 4.887516 -0.484359 -0.630000
v 4.912445 -0.530500 -0.630000
v 4.943541 -0.572266 -0.630000
v 4.980375 -0.609375 -0.630000
v 5.022523 -0.641547 -0.630000
v 5.069556 -0.668500 -0.630000
v 5.121047 -0.689953 -0.630000
v 5.176570 -0.705625 -0.630000
v 5.235696 -0.715234 -0.630000
v 5.298000 -0.718500 -0.630000
v 5.338547 -0.717799 -0.630000
v 5.377875 -0.715639 -0.630000
v 5.416266 -0.711938 -0.630000
v 5.454000 -0.706611 -0.630000
v 5.491360 -0.699576 -0.630000
v 5.528625 -0.690750 -0.630000
v 5.566079 -0.680049 -0.630000
v 5.604001 -0.667389 -0.630000
v 5.642672 -0.652688 -0.630000
v 5.682375 -0.635861 -0.630000
v 5.723391 -0.616826 -0.630000
v 5.766000 -0.595500 -0.630000
v 5.766000 -0.307500 -0.630000
v 5.722834 -0.336191 -0.630000
v 5.680417 -0.362278 -0.630000
v 5.638875 -0.385781 -0.630000
v 5.598334 -0.406722 -0.630000
v 5.558917 -0.425122 -0.630000
v 5.520751 -0.441000 -0.630000
v 5.483959 -0.454379 -0.630000
v 5.448667 -0.465278 -0.630000
v 5.415000 -0.473719 -0.630000
v 5.383084 -0.479722 -0.630000
v 5.353042 -0.483309 -0.630000
v 5.325000 -0.484500 -0.630000
v 5.298417 -0.482062 -0.630000
v 5.272833 -0.477750 -0.630000
v 5.248500 -0.471563 -0.630000
v 5.225667 -0.463500 -0.630000
v 5.204583 -0.453563 -0.630000
v 5.185500 -0.441750 -0.630000
v 5.168667 -0.428063 -0.630000
v 5.154334 -0.412500 -0.630000
v 5.142750 -0.395063 -0.630000
v 5.134167 -0.375750 -0.630000
v 5.128834 -0.354563 -0.630000
v 5.127000 -0.331500 -0.630000
v 5.139396 -0.286609 -0.630000
v 5.173666 -0.244125 -0.630000
v 5.225437 -0.202828 -0.630000
v 5.290333 -0.161500 -0.630000
v 5.363979 -0.118922 -0.630000
v 5.442000 -0.073875 -0.630000
v 5.520021 -0.025141 -0.630000
v 5.593667 0.028500 -0.630000
v 5.658563 0.088266 -0.630000
v 5.710334 0.155375 -0.630000
v 5.744604 0.231047 -0.630001
v 5.757000 0.316500 -0.630001
v 5.753421 0.371597 -0.630001
v 5.742862 0.422778 -0.630001
v 5.725595 0.469875 -0.630001
v 5.701889 0.512722 -0.630001
v 5.672018 0.551153 -0.630001
v 5.636250 0.585000 -0.630001
v 5.594858 0.614097 -0.630001
v 5.548111 0.638278 -0.630001
v 5.496282 0.657375 -0.630001
v 5.439639 0.671222 -0.630000
v 5.378455 0.679653 -0.630000
v 5.313000 0.682500 -0.630000
v 5.281433 0.681748 -0.630000
v 5.249709 0.679486 -0.630000
v 5.217798 0.675703 -0.630000
v 5.185668 0.670389 -0.630000
v 5.153287 0.663533 -0.630000
v 5.120625 0.655125 -0.630000
v 5.087652 0.645155 -0.630000
v 5.054334 0.633611 -0.630000
v 5.020641 0.620484 -0.630000
v 4.986542 0.605764 -0.630000
v 4.952005 0.589439 -0.630000
v 4.917000 0.571500 -0.630000
v 4.917000 0.307500 -0.630000
v 6.345000 -0.520500 -0.630001
v 6.373648 -0.549604 -0.630001
v 6.403931 -0.576833 -0.630001
v 6.435609 -0.602062 -0.630001
v 6.468445 -0.625167 -0.630001
v 6.502196 -0.646021 -0.630001
v 6.536625 -0.664500 -0.630001
v 6.571491 -0.680479 -0.630001
v 6.606555 -0.693833 -0.630001
v 6.641578 -0.704437 -0.630001
v 6.676319 -0.712167 -0.630001
v 6.710540 -0.716896 -0.630001
v 6.744000 -0.718500 -0.630001
v 6.810498 -0.714465 -0.630001
v 6.873236 -0.702472 -0.630001
v 6.931828 -0.682688 -0.630001
v 6.985888 -0.655278 -0.630001
v 7.035032 -0.620410 -0.630001
v 7.078875 -0.578250 -0.630001
v 7.117029 -0.528965 -0.630001
v 7.149111 -0.472722 -0.630001
v 7.174734 -0.409688 -0.630001
v 7.193514 -0.340028 -0.630001
v 7.205064 -0.263910 -0.630001
v 7.209001 -0.181500 -0.630001
v 7.209001 0.655500 -0.630001
v 6.942000 0.655500 -0.630001
v 6.942000 -0.199500 -0.630001
v 6.940064 -0.245047 -0.630001
v 6.934263 -0.287125 -0.630001
v 6.924609 -0.325641 -0.630001
v 6.911111 -0.360500 -0.630001
v 6.893779 -0.391609 -0.630001
v 6.872625 -0.418875 -0.630001
v 6.847658 -0.442203 -0.630001
v 6.818889 -0.461500 -0.630001
v 6.786328 -0.476672 -0.630001
v 6.749987 -0.487625 -0.630001
v 6.709873 -0.494266 -0.630001
v 6.666000 -0.496500 -0.630001
v 6.636137 -0.495130 -0.630001
v 6.606597 -0.491042 -0.630001
v 6.577453 -0.484266 -0.630001
v 6.548778 -0.474833 -0.630001
v 6.520644 -0.462776 -0.630001
v 6.493124 -0.448125 -0.630001
v 6.466293 -0.430912 -0.630001
v 6.440222 -0.411167 -0.630001
v 6.414984 -0.388922 -0.630001
v 6.390653 -0.364208 -0.630001
v 6.367300 -0.337057 -0.630001
v 6.345000 -0.307500 -0.630001
v 6.345000 0.655500 -0.630001
v 6.078000 0.655500 -0.630001
v 6.078000 -0.691500 -0.630000
v 6.345000 -0.691500 -0.630001
v 7.963290 1.349118 -0.630001
v 7.866570 1.333444 -0.630001
v 7.779704 1.308187 -0.630001
v 7.702556 1.274055 -0.630001
v 7.634992 1.231757 -0.630001
v 7.576875 1.182000 -0.630001
v 7.528071 1.125493 -0.630001
v 7.488444 1.062945 -0.630001
v 7.457859 0.995063 -0.630001
v 7.436181 0.922556 -0.630001
v 7.423272 0.846132 -0.630001
v 7.419000 0.766500 -0.630001
v 7.423524 0.687794 -0.630001
v 7.437194 0.612597 -0.630001
v 7.460156 0.541547 -0.630001
v 7.492556 0.475278 -0.630001
v 7.534538 0.414425 -0.630001
v 7.586250 0.359625 -0.630001
v 7.647837 0.311512 -0.630001
v 7.719445 0.270722 -0.630001
v 7.801219 0.237891 -0.630001
v 7.893306 0.213653 -0.630001
v 7.995851 0.198644 -0.630001
v 8.109000 0.193500 -0.630001
v 8.415000 0.193500 -0.630001
v 8.415000 -0.691500 -0.630001
v 8.709001 -0.691500 -0.630001
v 8.709001 1.354500 -0.630001
v 8.070000 1.354500 -0.630001
v 8.082000 0.457500 -0.630001
v 8.028911 0.459920 -0.630001
v 7.979291 0.467111 -0.630001
v 7.933359 0.478969 -0.630001
v 7.891333 0.495389 -0.630001
v 7.853432 0.516267 -0.630001
v 7.819875 0.541500 -0.630001
v 7.790880 0.570983 -0.630001
v 7.766666 0.604611 -0.630001
v 7.747454 0.642281 -0.630001
v 7.733459 0.683889 -0.630001
v 7.724901 0.729330 -0.630001
v 7.722000 0.778500 -0.630001
v 7.723748 0.816149 -0.630001
v 7.729236 0.853694 -0.630001
v 7.738828 0.890531 -0.630001
v 7.752889 0.926055 -0.630001
v 7.771783 0.959663 -0.630001
v 7.795875 0.990750 -0.630001
v 7.825529 1.018712 -0.630001
v 7.861111 1.042944 -0.630001
v 7.902985 1.062844 -0.630001
v 7.951514 1.077806 -0.630001
v 8.007064 1.087226 -0.630001
v 8.070000 1.090500 -0.630001
v 8.415000 1.090500 -0.630001
v 8.415000 0.457500 -0.630001
v -8.644757 -0.585316 0.630001
v -8.604806 -0.608778 0.630001
v -8.564814 -0.629906 0.630001
v -8.524445 -0.648722 0.630001
v -8.483369 -0.665247 0.630001
v -8.441251 -0.679500 0.630001
v -8.397758 -0.691504 0.630001
v -8.352556 -0.701278 0.630001
v -8.305313 -0.708844 0.630001
v -8.255695 -0.714222 0.630001
v -8.203368 -0.717434 0.630001
v -8.148001 -0.718500 0.630001
v -8.046904 -0.711496 0.630001
v -7.953722 -0.691222 0.630001
v -7.868625 -0.658781 0.630001
v -7.791778 -0.615278 0.630001
v -7.723347 -0.561816 0.630001
v -7.663500 -0.499500 0.630001
v -7.612402 -0.429434 0.630001
v -7.570222 -0.352722 0.630001
v -7.537125 -0.270469 0.630001
v -7.513277 -0.183778 0.630001
v -7.498847 -0.093753 0.630001
v -7.493999 -0.001500 0.630001
v -7.499292 0.097667 0.630001
v -7.514833 0.190833 0.630001
v -7.540125 0.277500 0.630001
v -7.574667 0.357167 0.630001
v -7.617959 0.429333 0.630001
v -7.669500 0.493500 0.630001
v -7.728792 0.549167 0.630001
v -7.795334 0.595833 0.630001
v -7.868626 0.633000 0.630001
v -7.948167 0.660167 0.630001
v -8.033459 0.676833 0.630001
v -8.124000 0.682500 0.630001
v -8.210505 0.677431 0.630001
v -8.291292 0.662194 0.630001
v -8.366016 0.636750 0.630001
v -8.434334 0.601056 0.630001
v -8.495901 0.555070 0.630001
v -8.550375 0.498750 0.630001
v -8.597412 0.432056 0.630001
v -8.636667 0.354944 0.630001
v -8.667797 0.267375 0.630001
v -8.690458 0.169306 0.630001
v -8.704308 0.060694 0.630001
v -8.709001 -0.058500 0.630001
v -7.761001 -0.058500 0.630001
v -7.773810 -0.122557 0.630001
v -7.791224 -0.181208 0.630001
v -7.813220 -0.234422 0.630001
v -7.839779 -0.282167 0.630001
v -7.870879 -0.324411 0.630001
v -7.906501 -0.361125 0.630001
v -7.946622 -0.392276 0.630001
v -7.991222 -0.417833 0.630001
v -8.040281 -0.437766 0.630001
v -8.093779 -0.452042 0.630001
v -8.151691 -0.460630 0.630001
v -8.214000 -0.463500 0.630001
v -8.254318 -0.462260 0.630001
v -8.294305 -0.458583 0.630001
v -8.334000 -0.452531 0.630001
v -8.373444 -0.444167 0.630001
v -8.412680 -0.433552 0.630001
v -8.451750 -0.420750 0.630001
v -8.490694 -0.405823 0.630001
v -8.529554 -0.388833 0.630001
v -8.568375 -0.369844 0.630001
v -8.607195 -0.348917 0.630001
v -8.646055 -0.326115 0.630001
v -8.684999 -0.301500 0.630001
v -8.684999 -0.559500 0.630001
v -8.440521 0.167906 0.630001
v -8.431667 0.214000 0.630001
v -8.418563 0.256594 0.630001
v -8.401334 0.295500 0.630001
v -8.380104 0.330531 0.630001
v -8.355000 0.361500 0.630001
v -8.326146 0.388219 0.630001
v -8.293667 0.410500 0.630001
v -8.257688 0.428156 0.630001
v -8.218333 0.441000 0.630001
v -8.175730 0.448844 0.630001
v -8.130000 0.451500 0.630001
v -8.080689 0.449016 0.630001
v -8.034777 0.441625 0.630001
v -7.992280 0.429422 0.630001
v -7.953222 0.412500 0.630001
v -7.917622 0.390953 0.630001
v -7.885500 0.364875 0.630001
v -7.856878 0.334359 0.630001
v -7.831778 0.299500 0.630001
v -7.810219 0.260391 0.630001
v -7.792222 0.217125 0.630001
v -7.777809 0.169797 0.630001
v -7.767000 0.118500 0.630001
v -8.445000 0.118500 0.630001
v -7.198776 0.328524 0.630001
v -7.163445 0.349695 0.630001
v -7.129782 0.368156 0.630001
v -7.097556 0.384056 0.630001
v -7.066539 0.397538 0.630001
v -7.036501 0.408750 0.630001
v -7.007213 0.417837 0.630001
v -6.978446 0.424944 0.630001
v -6.949970 0.430219 0.630001
v -6.921556 0.433806 0.630001
v -6.892976 0.435851 0.630001
v -6.864000 0.436500 0.630001
v -6.804866 0.432741 0.630001
v -6.749180 0.421681 0.630001
v -6.697266 0.403641 0.630001
v -6.649445 0.378944 0.630001
v -6.606040 0.347915 0.630001
v -6.567374 0.310875 0.630001
v -6.533772 0.268148 0.630001
v -6.505555 0.220056 0.630001
v -6.483047 0.166922 0.630001
v -6.466569 0.109069 0.630001
v -6.456446 0.046821 0.630001
v -6.453000 -0.019500 0.630001
v -6.456701 -0.086904 0.630001
v -6.467611 -0.149486 0.630001
v -6.485437 -0.207047 0.630001
v -6.509889 -0.259389 0.630001
v -6.540673 -0.306314 0.630001
v -6.577499 -0.347625 0.630001
v -6.620076 -0.383123 0.630001
v -6.668110 -0.412611 0.630001
v -6.721312 -0.435891 0.630001
v -6.779388 -0.452764 0.630001
v -6.842049 -0.463033 0.630001
v -6.909000 -0.466500 0.630001
v -6.937393 -0.465875 0.630001
v -6.965652 -0.464000 0.630001
v -6.993890 -0.460875 0.630001
v -7.022222 -0.456500 0.630001
v -7.050762 -0.450875 0.630001
v -7.079625 -0.444000 0.630001
v -7.108925 -0.435875 0.630001
v -7.138778 -0.426500 0.630001
v -7.169297 -0.415875 0.630001
v -7.200598 -0.404000 0.630001
v -7.232794 -0.390875 0.630001
v -7.266001 -0.376500 0.630001
v -7.266001 -0.640500 0.630001
v -7.241877 -0.650858 0.630001
v -7.214764 -0.660861 0.630001
v -7.185047 -0.670406 0.630001
v -7.153111 -0.679389 0.630001
v -7.119342 -0.687705 0.630001
v -7.084126 -0.695250 0.630001
v -7.047846 -0.701920 0.630001
v -7.010890 -0.707611 0.630001
v -6.973641 -0.712219 0.630001
v -6.936486 -0.715639 0.630001
v -6.899811 -0.717767 0.630001
v -6.864000 -0.718500 0.630001
v -6.766095 -0.712781 0.630001
v -6.673751 -0.696000 0.630001
v -6.587532 -0.668719 0.630001
v -6.508000 -0.631500 0.630001
v -6.435719 -0.584906 0.630001
v -6.371250 -0.529500 0.630001
v -6.315156 -0.465844 0.630001
v -6.268000 -0.394500 0.630001
v -6.230344 -0.316031 0.630001
v -6.202750 -0.231000 0.630001
v -6.185781 -0.139969 0.630001
v -6.180000 -0.043500 0.630001
v -6.185311 0.064056 0.630001
v -6.200999 0.164444 0.630001
v -6.226686 0.257250 0.630001
v -6.262000 0.342056 0.630001
v -6.306562 0.418444 0.630001
v -6.360000 0.486000 0.630001
v -6.421937 0.544306 0.630001
v -6.492000 0.592945 0.630001
v -6.569813 0.631500 0.630001
v -6.655001 0.659556 0.630001
v -6.747188 0.676695 0.630001
v -6.846000 0.682500 0.630001
v -6.883980 0.681759 0.630001
v -6.920096 0.679570 0.630001
v -6.954608 0.675984 0.630001
v -6.987777 0.671056 0.630001
v -7.019862 0.664835 0.630001
v -7.051124 0.657375 0.630001
v -7.081823 0.648727 0.630001
v -7.112221 0.638945 0.630001
v -7.142577 0.628078 0.630001
v -7.173152 0.616181 0.630001
v -7.204206 0.603304 0.630001
v -7.236001 0.589500 0.630001
v -7.236001 0.304500 0.630001
v -5.979691 -0.632582 0.630001
v -5.953015 -0.649403 0.630001
v -5.928610 -0.664078 0.630001
v -5.906112 -0.676722 0.630001
v -5.885155 -0.687450 0.630001
v -5.865376 -0.696375 0.630001
v -5.846408 -0.703613 0.630001
v -5.827889 -0.709278 0.630001
v -5.809454 -0.713484 0.630001
v -5.790737 -0.716347 0.630001
v -5.771374 -0.717981 0.630001
v -5.751000 -0.718500 0.630001
v -5.722867 -0.717618 0.630001
v -5.696931 -0.714944 0.630001
v -5.673141 -0.710438 0.630001
v -5.651445 -0.704056 0.630001
v -5.631790 -0.695757 0.630001
v -5.614125 -0.685500 0.630001
v -5.598398 -0.673243 0.630001
v -5.584556 -0.658944 0.630001
v -5.572547 -0.642563 0.630001
v -5.562320 -0.624056 0.630001
v -5.553822 -0.603382 0.630001
v -5.547000 -0.580500 0.630001
v -5.517629 -0.602752 0.630001
v -5.488028 -0.623014 0.630001
v -5.458219 -0.641297 0.630000
v -5.428223 -0.657611 0.630000
v -5.398060 -0.671967 0.630000
v -5.367751 -0.684375 0.630000
v -5.337317 -0.694846 0.630000
v -5.306778 -0.703389 0.630000
v -5.276157 -0.710016 0.630000
v -5.245473 -0.714736 0.630000
v -5.214747 -0.717561 0.630000
v -5.184000 -0.718500 0.630000
v -5.135913 -0.715330 0.630000
v -5.090806 -0.706139 0.630000
v -5.048906 -0.691406 0.630000
v -5.010445 -0.671611 0.630000
v -4.975650 -0.647233 0.630000
v -4.944750 -0.618750 0.630000
v -4.917976 -0.586642 0.630000
v -4.895556 -0.551389 0.630000
v -4.877719 -0.513469 0.630000
v -4.864695 -0.473361 0.630000
v -4.856712 -0.431545 0.630000
v -4.854001 -0.388500 0.630000
v -4.858907 -0.325519 0.630000
v -4.873001 -0.269653 0.630000
v -4.895344 -0.220266 0.630000
v -4.925001 -0.176722 0.630000
v -4.961032 -0.138387 0.630000
v -5.002501 -0.104625 0.630000
v -5.048470 -0.074800 0.630000
v -5.098001 -0.048278 0.630000
v -5.150157 -0.024422 0.630000
v -5.204000 -0.002597 0.630000
v -5.258594 0.017832 0.630000
v -5.313001 0.037500 0.630000
v -5.550000 0.121500 0.630000
v -5.550000 0.193500 0.630000
v -5.548313 0.233455 0.630000
v -5.543250 0.269389 0.630000
v -5.534813 0.301406 0.630000
v -5.523000 0.329611 0.630000
v -5.507813 0.354108 0.630000
v -5.489251 0.375000 0.630000
v -5.467313 0.392392 0.630000
v -5.442000 0.406389 0.630000
v -5.413313 0.417094 0.630000
v -5.381250 0.424611 0.630000
v -5.345813 0.429045 0.630000
v -5.307001 0.430500 0.630000
v -5.270202 0.429054 0.630000
v -5.233361 0.424681 0.630000
v -5.196563 0.417328 0.630000
v -5.159889 0.406945 0.630000
v -5.123424 0.393477 0.630000
v -5.087250 0.376875 0.630000
v -5.051452 0.357085 0.630000
v -5.016111 0.334056 0.630000
v -4.981313 0.307734 0.630000
v -4.947139 0.278069 0.630000
v -4.913674 0.245009 0.630000
v -4.881001 0.208500 0.630000
v -4.881001 0.499500 0.630000
v -4.908130 0.528939 0.630000
v -4.937029 0.555764 0.630000
v -4.967720 0.579984 0.630000
v -5.000223 0.601611 0.630000
v -5.034560 0.620655 0.630000
v -5.070751 0.637125 0.630000
v -5.108817 0.651033 0.630000
v -5.148778 0.662389 0.630000
v -5.190657 0.671203 0.630000
v -5.234473 0.677486 0.630000
v -5.280247 0.681248 0.630000
v -5.328001 0.682500 0.630000
v -5.394970 0.679608 0.630000
v -5.459013 0.670861 0.630000
v -5.519578 0.656156 0.630000
v -5.576111 0.635389 0.630000
v -5.628060 0.608455 0.630000
v -5.674875 0.575250 0.630000
v -5.716002 0.535670 0.630000
v -5.750889 0.489611 0.630000
v -5.778985 0.436969 0.630000
v -5.799736 0.377639 0.630000
v -5.812593 0.311517 0.630000
v -5.817000 0.238500 0.630000
v -5.817000 -0.454500 0.630001
v -5.817374 -0.466571 0.630001
v -5.818487 -0.477319 0.630001
v -5.820329 -0.486797 0.630001
v -5.822889 -0.495056 0.630001
v -5.826159 -0.502148 0.630001
v -5.830126 -0.508125 0.630001
v -5.834780 -0.513040 0.630001
v -5.840112 -0.516944 0.630001
v -5.846110 -0.519891 0.630001
v -5.852764 -0.521931 0.630001
v -5.860065 -0.523116 0.630001
v -5.868000 -0.523500 0.630001
v -5.875300 -0.522943 0.630001
v -5.883653 -0.521292 0.630001
v -5.892984 -0.518578 0.630001
v -5.903222 -0.514833 0.630001
v -5.914293 -0.510089 0.630001
v -5.926125 -0.504375 0.630001
v -5.938644 -0.497724 0.630001
v -5.951778 -0.490167 0.630001
v -5.965454 -0.481734 0.630001
v -5.979598 -0.472458 0.630001
v -5.994138 -0.462370 0.630001
v -6.009001 -0.451500 0.630001
v -6.009001 -0.613500 0.630001
v -5.493723 -0.045047 0.630000
v -5.439278 -0.064875 0.630000
v -5.387250 -0.085266 0.630000
v -5.338223 -0.106500 0.630000
v -5.292778 -0.128859 0.630000
v -5.251500 -0.152625 0.630000
v -5.214972 -0.178078 0.630000
v -5.183778 -0.205500 0.630000
v -5.158500 -0.235172 0.630000
v -5.139723 -0.267375 0.630000
v -5.128028 -0.302391 0.630000
v -5.124001 -0.340500 0.630000
v -5.125658 -0.367536 0.630000
v -5.130514 -0.393042 0.630000
v -5.138391 -0.416859 0.630000
v -5.149111 -0.438833 0.630000
v -5.162498 -0.458807 0.630000
v -5.178375 -0.476625 0.630000
v -5.196565 -0.492130 0.630000
v -5.216889 -0.505167 0.630000
v -5.239172 -0.515578 0.630000
v -5.263237 -0.523208 0.630000
v -5.288905 -0.527901 0.630000
v -5.316000 -0.529500 0.630000
v -5.336876 -0.528634 0.630000
v -5.357501 -0.526069 0.630000
v -5.377876 -0.521859 0.630000
v -5.398001 -0.516056 0.630000
v -5.417876 -0.508710 0.630000
v -5.437501 -0.499875 0.630000
v -5.456876 -0.489602 0.630000
v -5.476001 -0.477944 0.630000
v -5.494876 -0.464953 0.630000
v -5.513501 -0.450681 0.630000
v -5.531876 -0.435179 0.630000
v -5.550000 -0.418500 0.630000
v -5.550000 -0.025500 0.630000
v -3.447001 -1.381500 0.630000
v -3.447001 0.655500 0.630000
v -3.909000 0.655500 0.630000
v -4.027288 0.650521 0.630000
v -4.136056 0.635667 0.630000
v -4.235157 0.611063 0.630000
v -4.324445 0.576833 0.630000
v -4.403774 0.533104 0.630000
v -4.473000 0.480000 0.630000
v -4.531976 0.417646 0.630000
v -4.580556 0.346167 0.630000
v -4.618594 0.265688 0.630000
v -4.645945 0.176333 0.630000
v -4.662462 0.078229 0.630000
v -4.668000 -0.028500 0.630000
v -4.662162 -0.127154 0.630000
v -4.645042 -0.220236 0.630000
v -4.617235 -0.307172 0.630000
v -4.579334 -0.387389 0.630000
v -4.531933 -0.460314 0.630000
v -4.475626 -0.525375 0.630000
v -4.411006 -0.581998 0.630000
v -4.338667 -0.629611 0.630000
v -4.259204 -0.667641 0.630000
v -4.173209 -0.695514 0.630000
v -4.081277 -0.712658 0.630000
v -3.984001 -0.718500 0.630000
v -3.962360 -0.718122 0.630000
v -3.940875 -0.716972 0.630000
v -3.919453 -0.715031 0.630000
v -3.898000 -0.712278 0.630000
v -3.876422 -0.708691 0.630000
v -3.854625 -0.704250 0.630000
v -3.832516 -0.698934 0.630000
v -3.810000 -0.692722 0.630000
v -3.786985 -0.685594 0.630000
v -3.763375 -0.677528 0.630000
v -3.739079 -0.668504 0.630000
v -3.714000 -0.658500 0.630000
v -3.714000 -1.381500 0.630000
v -3.734370 -0.427873 0.630000
v -3.754959 -0.436486 0.630000
v -3.775735 -0.444328 0.630000
v -3.796667 -0.451389 0.630000
v -3.817724 -0.457658 0.630000
v -3.838876 -0.463125 0.630000
v -3.860089 -0.467779 0.630000
v -3.881334 -0.471611 0.630000
v -3.902579 -0.474609 0.630000
v -3.923792 -0.476764 0.630000
v -3.944943 -0.478064 0.630000
v -3.966001 -0.478500 0.630000
v -4.026749 -0.474571 0.630000
v -4.084237 -0.463069 0.630000
v -4.138079 -0.444422 0.630000
v -4.187890 -0.419056 0.630000
v -4.233284 -0.387398 0.630000
v -4.273876 -0.349875 0.630000
v -4.309280 -0.306915 0.630000
v -4.339112 -0.258944 0.630000
v -4.362985 -0.206391 0.630000
v -4.380514 -0.149681 0.630000
v -4.391315 -0.089241 0.630000
v -4.395000 -0.025500 0.630000
v -4.391939 0.041787 0.630000
v -4.382764 0.104042 0.630000
v -4.367484 0.161109 0.630000
v -4.346111 0.212833 0.630000
v -4.318655 0.259057 0.630000
v -4.285125 0.299625 0.630000
v -4.245533 0.334380 0.630000
v -4.199889 0.363167 0.630000
v -4.148203 0.385828 0.630000
v -4.090487 0.402208 0.630000
v -4.026749 0.412151 0.630000
v -3.957000 0.415500 0.630000
v -3.714000 0.415500 0.630000
v -3.714000 -0.418500 0.630000
v -3.055639 0.943352 0.630000
v -3.012611 0.977570 0.630000
v -2.970000 1.007391 0.630000
v -2.927889 1.033056 0.630000
v -2.886361 1.054804 0.630000
v -2.845500 1.072875 0.630000
v -2.805389 1.087509 0.630000
v -2.766111 1.098944 0.630000
v -2.727750 1.107422 0.630000
v -2.690389 1.113181 0.630000
v -2.654111 1.116460 0.630000
v -2.619000 1.117500 0.630000
v -2.572922 1.115469 0.630000
v -2.529375 1.109500 0.630000
v -2.488641 1.099781 0.630000
v -2.451000 1.086500 0.630000
v -2.416734 1.069844 0.630000
v -2.386125 1.050000 0.630000
v -2.359453 1.027156 0.630000
v -2.337000 1.001500 0.630000
v -2.319047 0.973219 0.630000
v -2.305875 0.942500 0.630000
v -2.297766 0.909531 0.630000
v -2.295000 0.874500 0.630000
v -2.312413 0.783952 0.630000
v -2.360556 0.706361 0.630000
v -2.433281 0.638063 0.630000
v -2.524445 0.575389 0.630000
v -2.627900 0.514674 0.630000
v -2.737500 0.452250 0.630000
v -2.847101 0.384451 0.630000
v -2.950556 0.307611 0.630000
v -3.041719 0.218063 0.630000
v -3.114444 0.112139 0.630000
v -3.162587 -0.013826 0.630000
v -3.180000 -0.163500 0.630000
v -3.175028 -0.241852 0.630000
v -3.160472 -0.316069 0.630000
v -3.136875 -0.385641 0.630000
v -3.104778 -0.450056 0.630000
v -3.064723 -0.508804 0.630000
v -3.017250 -0.561375 0.630000
v -2.962903 -0.607259 0.630000
v -2.902223 -0.645944 0.630000
v -2.835750 -0.676922 0.630000
v -2.764028 -0.699681 0.630000
v -2.687597 -0.713710 0.630000
v -2.607000 -0.718500 0.630000
v -2.552356 -0.717245 0.630000
v -2.499347 -0.713458 0.630000
v -2.447860 -0.707109 0.630000
v -2.397778 -0.698167 0.630000
v -2.348988 -0.686599 0.630000
v -2.301375 -0.672375 0.630000
v -2.254825 -0.655464 0.630000
v -2.209223 -0.635833 0.630000
v -2.164454 -0.613453 0.630000
v -2.120403 -0.588292 0.630000
v -2.076957 -0.560318 0.630000
v -2.034000 -0.529500 0.630000
v -2.034000 -0.157500 0.630000
v -2.072297 -0.203677 0.630000
v -2.112125 -0.246167 0.630000
v -2.153391 -0.284906 0.630000
v -2.196000 -0.319833 0.630000
v -2.239859 -0.350885 0.630000
v -2.284875 -0.378000 0.630000
v -2.330953 -0.401115 0.630000
v -2.378000 -0.420167 0.630000
v -2.425922 -0.435094 0.630000
v -2.474625 -0.445833 0.630000
v -2.524016 -0.452323 0.630000
v -2.574000 -0.454500 0.630000
v -2.628448 -0.451601 0.630000
v -2.677834 -0.443306 0.630000
v -2.722219 -0.430219 0.630000
v -2.761667 -0.412944 0.630000
v -2.796240 -0.392087 0.630000
v -2.826000 -0.368250 0.630000
v -2.851011 -0.342038 0.630000
v -2.871334 -0.314056 0.630000
v -2.887032 -0.284906 0.630000
v -2.898167 -0.255194 0.630000
v -2.904802 -0.225524 0.630000
v -2.907000 -0.196500 0.630000
v -2.889588 -0.098049 0.630000
v -2.841445 -0.012139 0.630000
v -2.768720 0.064312 0.630000
v -2.677557 0.134389 0.630000
v -2.574101 0.201174 0.630000
v -2.464501 0.267750 0.630000
v -2.354900 0.337201 0.630000
v -2.251445 0.412611 0.630000
v -2.160282 0.497063 0.630000
v -2.087556 0.593639 0.630000
v -2.039413 0.705424 0.630000
v -2.022000 0.835500 0.630000
v -2.027057 0.916196 0.630000
v -2.041958 0.991569 0.630000
v -2.066297 1.061297 0.630000
v -2.099667 1.125056 0.630000
v -2.141661 1.182523 0.630000
v -2.191875 1.233375 0.630000
v -2.249901 1.277290 0.630000
v -2.315333 1.313944 0.630000
v -2.387766 1.343016 0.630000
v -2.466792 1.364181 0.630000
v -2.552005 1.377116 0.630000
v -2.643000 1.381500 0.630000
v -2.681993 1.380500 0.630000
v -2.720944 1.377500 0.630000
v -2.759812 1.372500 0.630000
v -2.798556 1.365500 0.630000
v -2.837132 1.356500 0.630000
v -2.875500 1.345500 0.630000
v -2.913618 1.332500 0.630000
v -2.951445 1.317500 0.630000
v -2.988938 1.300500 0.630000
v -3.026056 1.281500 0.630000
v -3.062757 1.260500 0.630000
v -3.099000 1.237500 0.630000
v -3.099000 0.904500 0.630000
v -0.953906 -0.108038 0.630000
v -0.936000 -0.205305 0.630000
v -0.906844 -0.295781 0.630000
v -0.867000 -0.378944 0.630000
v -0.817031 -0.454274 0.630000
v -0.757500 -0.521250 0.630000
v -0.688969 -0.579351 0.630000
v -0.612000 -0.628056 0.630000
v -0.527156 -0.666844 0.630000
v -0.435000 -0.695194 0.630000
v -0.336094 -0.712587 0.630000
v -0.231000 -0.718500 0.630000
v -0.130042 -0.712358 0.630000
v -0.034583 -0.694361 0.630000
v 0.054750 -0.665156 0.630000
v 0.137333 -0.625389 0.630000
v 0.212542 -0.575705 0.630000
v 0.279750 -0.516750 0.630000
v 0.338333 -0.449170 0.630000
v 0.387667 -0.373611 0.630000
v 0.427125 -0.290719 0.630000
v 0.456084 -0.201139 0.630000
v 0.473917 -0.105517 0.630000
v 0.480000 -0.004500 0.630000
v 0.473688 0.090314 0.630000
v 0.455250 0.180764 0.630000
v 0.425438 0.266109 0.630000
v 0.385000 0.345611 0.630000
v 0.334688 0.418530 0.630000
v 0.275250 0.484125 0.630000
v 0.207438 0.541658 0.630000
v 0.132000 0.590389 0.630000
v 0.049688 0.629578 0.630000
v -0.038750 0.658486 0.630000
v -0.132562 0.676373 0.630000
v -0.231000 0.682500 0.630000
v -0.334203 0.676602 0.630000
v -0.431875 0.659319 0.630000
v -0.523359 0.631266 0.630000
v -0.608000 0.593056 0.630000
v -0.685141 0.545304 0.630000
v -0.754125 0.488625 0.630000
v -0.814297 0.423634 0.630000
v -0.865000 0.350944 0.630000
v -0.905578 0.271172 0.630000
v -0.935375 0.184931 0.630000
v -0.953734 0.092835 0.630000
v -0.960000 -0.004500 0.630000
v 0.203368 -0.073696 0.630000
v 0.192695 -0.138569 0.630000
v 0.175313 -0.198797 0.630000
v 0.151556 -0.254056 0.630000
v 0.121757 -0.304023 0.630000
v 0.086250 -0.348375 0.630000
v 0.045368 -0.386790 0.630000
v -0.000555 -0.418944 0.630000
v -0.051187 -0.444516 0.630000
v -0.106194 -0.463181 0.630000
v -0.165243 -0.474616 0.630000
v -0.228000 -0.478500 0.630000
v -0.296271 -0.474790 0.630000
v -0.359917 -0.463819 0.630000
v -0.418687 -0.445828 0.630000
v -0.472333 -0.421056 0.630000
v -0.520604 -0.389741 0.630000
v -0.563250 -0.352125 0.630000
v -0.600021 -0.308446 0.630000
v -0.630667 -0.258944 0.630000
v -0.654937 -0.203859 0.630000
v -0.672583 -0.143431 0.630000
v -0.683354 -0.077898 0.630000
v -0.687000 -0.007500 0.630000
v -0.683068 0.056182 0.630000
v -0.671542 0.116458 0.630000
v -0.652828 0.172922 0.630000
v -0.627333 0.225167 0.630000
v -0.595463 0.272787 0.630000
v -0.557625 0.315375 0.630000
v -0.514224 0.352526 0.630000
v -0.465667 0.383833 0.630000
v -0.412359 0.408891 0.630000
v -0.354708 0.427292 0.630000
v -0.293120 0.438630 0.630000
v -0.228000 0.442500 0.630000
v -0.166503 0.438632 0.630000
v -0.108278 0.427305 0.630000
v -0.053719 0.408937 0.630000
v -0.003222 0.383944 0.630000
v 0.042816 0.352743 0.630000
v 0.084000 0.315750 0.630000
v 0.119934 0.273382 0.630000
v 0.150222 0.226056 0.630000
v 0.174469 0.174188 0.630000
v 0.192278 0.118194 0.630000
v 0.203254 0.058493 0.630000
v 0.207000 -0.004500 0.630000
v 1.347000 1.090500 0.630000
v 1.347000 -0.691500 0.630000
v 1.641000 -0.691500 0.630000
v 1.641000 1.090500 0.630000
v 2.349000 1.090500 0.630000
v 2.349000 1.354500 0.630000
v 0.639000 1.354500 0.630000
v 0.639000 1.090500 0.630000
v 4.278000 0.478500 0.630000
v 4.251528 0.509613 0.630000
v 4.223223 0.538403 0.630000
v 4.193251 0.564797 0.630000
v 4.161778 0.588722 0.630000
v 4.128973 0.610106 0.630000
v 4.095000 0.628875 0.630000
v 4.060028 0.644957 0.630000
v 4.024222 0.658278 0.630000
v 3.987750 0.668766 0.630000
v 3.950778 0.676347 0.630000
v 3.913472 0.680950 0.630000
v 3.876000 0.682500 0.630000
v 3.811511 0.678745 0.630000
v 3.750333 0.667458 0.630000
v 3.692906 0.648609 0.630000
v 3.639667 0.622167 0.630000
v 3.591052 0.588099 0.630000
v 3.547500 0.546375 0.630000
v 3.509448 0.496964 0.630000
v 3.477334 0.439833 0.630000
v 3.451594 0.374953 0.630000
v 3.432667 0.302292 0.630000
v 3.420990 0.221818 0.630000
v 3.417000 0.133500 0.630000
v 3.417000 -0.691500 0.630000
v 3.684000 -0.691500 0.630000
v 3.684000 0.142500 0.630000
v 3.686100 0.190528 0.630000
v 3.692305 0.235472 0.630000
v 3.702468 0.277125 0.630000
v 3.716444 0.315278 0.630000
v 3.734086 0.349722 0.630000
v 3.755250 0.380250 0.630000
v 3.779788 0.406653 0.630000
v 3.807555 0.428722 0.630000
v 3.838406 0.446250 0.630000
v 3.872194 0.459028 0.630000
v 3.908774 0.466847 0.630000
v 3.948000 0.469500 0.630000
v 3.976784 0.468356 0.630000
v 4.004765 0.464847 0.630000
v 4.032141 0.458859 0.630000
v 4.059112 0.450278 0.630000
v 4.085874 0.438988 0.630000
v 4.112625 0.424875 0.630000
v 4.139565 0.407825 0.630000
v 4.166889 0.387722 0.630000
v 4.194797 0.364453 0.630000
v 4.223486 0.337903 0.630000
v 4.253155 0.307957 0.630000
v 4.284000 0.274500 0.630000
v 4.284000 -0.691500 0.630000
v 4.551000 -0.691500 0.630000
v 4.551000 1.354500 0.630000
v 4.284000 1.354500 0.630000
v 4.284000 0.478500 0.630000
v 4.954293 0.331071 0.630000
v 4.991097 0.352319 0.630000
v 5.027297 0.371297 0.630000
v 5.062778 0.388056 0.630000
v 5.097425 0.402648 0.630000
v 5.131125 0.415125 0.630000
v 5.163762 0.425540 0.630000
v 5.195222 0.433944 0.630000
v 5.225391 0.440391 0.630000
v 5.254153 0.444931 0.630000
v 5.281394 0.447616 0.630000
v 5.307000 0.448500 0.630000
v 5.333170 0.447455 0.630000
v 5.357611 0.444389 0.630000
v 5.380219 0.439406 0.630000
v 5.400889 0.432611 0.630000
v 5.419518 0.424108 0.630000
v 5.436000 0.414000 0.630000
v 5.450233 0.402392 0.630000
v 5.462111 0.389389 0.630000
v 5.471531 0.375094 0.630000
v 5.478389 0.359611 0.630000
v 5.482580 0.343045 0.630000
v 5.484000 0.325500 0.630000
v 5.482092 0.310219 0.630000
v 5.476236 0.294250 0.630000
v 5.466235 0.277406 0.630000
v 5.451889 0.259500 0.630000
v 5.433002 0.240344 0.630000
v 5.409375 0.219750 0.630000
v 5.380811 0.197531 0.630000
v 5.347112 0.173500 0.630000
v 5.308079 0.147469 0.630000
v 5.263515 0.119250 0.630000
v 5.213221 0.088656 0.630000
v 5.157001 0.055500 0.630000
v 5.104403 0.019818 0.630000
v 5.057472 -0.013958 0.630000
v 5.016000 -0.046172 0.630000
v 4.979778 -0.077167 0.630000
v 4.948597 -0.107286 0.630000
v 4.922250 -0.136875 0.630000
v 4.900528 -0.166276 0.630000
v 4.883222 -0.195833 0.630000
v 4.870125 -0.225891 0.630000
v 4.861028 -0.256792 0.630000
v 4.855722 -0.288880 0.630000
v 4.854000 -0.322500 0.630000
v 4.857867 -0.380078 0.630000
v 4.869181 -0.434125 0.630000
v 4.887516 -0.484359 0.630000
v 4.912445 -0.530500 0.630000
v 4.943541 -0.572266 0.630000
v 4.980375 -0.609375 0.630000
v 5.022523 -0.641547 0.630000
v 5.069556 -0.668500 0.630000
v 5.121047 -0.689953 0.630000
v 5.176570 -0.705625 0.630000
v 5.235696 -0.715234 0.630000
v 5.298000 -0.718500 0.630000
v 5.338547 -0.717799 0.630000
v 5.377875 -0.715639 0.630000
v 5.416266 -0.711938 0.630000
v 5.454000 -0.706611 0.630000
v 5.491360 -0.699576 0.630000
v 5.528625 -0.690750 0.630000
v 5.566079 -0.680049 0.630000
v 5.604001 -0.667389 0.630000
v 5.642672 -0.652688 0.630000
v 5.682375 -0.635861 0.630000
v 5.723391 -0.616826 0.630000
v 5.766000 -0.595500 0.630000
v 5.766000 -0.307500 0.630000
v 5.722834 -0.336191 0.630000
v 5.680417 -0.362278 0.630000
v 5.638875 -0.385781 0.630000
v 5.598334 -0.406722 0.630000
v 5.558917 -0.425122 0.630000
v 5.520751 -0.441000 0.630000
v 5.483959 -0.454379 0.630000
v 5.448667 -0.465278 0.630000
v 5.415000 -0.473719 0.630000
v 5.383084 -0.479722 0.630000
v 5.353042 -0.483309 0.630000
v 5.325000 -0.484500 0.630000
v 5.298417 -0.482062 0.630000
v 5.272833 -0.477750 0.630000
v 5.248500 -0.471562 0.630000
v 5.225667 -0.463500 0.630000
v 5.204583 -0.453562 0.630000
v 5.185500 -0.441750 0.630000
v 5.168667 -0.428062 0.630000
v 5.154334 -0.412500 0.630000
v 5.142750 -0.395062 0.630000
v 5.134167 -0.375750 0.630000
v 5.128834 -0.354562 0.630000
v 5.127000 -0.331500 0.630000
v 5.139396 -0.286609 0.630000
v 5.173666 -0.244125 0.630000
v 5.225437 -0.202828 0.630000
v 5.290333 -0.161500 0.630000
v 5.363979 -0.118922 0.630000
v 5.442000 -0.073875 0.630000
v 5.520021 -0.025141 0.630000
v 5.593667 0.028500 0.630000
v 5.658563 0.088266 0.630000
v 5.710334 0.155375 0.630000
v 5.744604 0.231047 0.629999
v 5.757000 0.316500 0.629999
v 5.753421 0.371597 0.629999
v 5.742862 0.422778 0.629999
v 5.725595 0.469875 0.629999
v 5.701889 0.512722 0.629999
v 5.672018 0.551153 0.629999
v 5.636250 0.585000 0.629999
v 5.594858 0.614097 0.629999
v 5.548111 0.638278 0.629999
v 5.496282 0.657375 0.629999
v 5.439639 0.671222 0.630000
v 5.378455 0.679653 0.630000
v 5.313000 0.682500 0.630000
v 5.281433 0.681748 0.630000
v 5.249709 0.679486 0.630000
v 5.217798 0.675703 0.630000
v 5.185668 0.670389 0.630000
v 5.153287 0.663533 0.630000
v 5.120625 0.655125 0.630000
v 5.087652 0.645155 0.630000
v 5.054334 0.633611 0.630000
v 5.020641 0.620484 0.630000
v 4.986542 0.605764 0.630000
v 4.952005 0.589439 0.630000
v 4.917000 0.571500 0.630000
v 4.917000 0.307500 0.630000
v 6.345000 -0.520500 0.629999
v 6.373648 -0.549604 0.629999
v 6.403931 -0.576833 0.629999
v 6.435609 -0.602062 0.629999
v 6.468445 -0.625167 0.629999
v 6.502196 -0.646021 0.629999
v 6.536625 -0.664500 0.629999
v 6.571491 -0.680479 0.629999
v 6.606555 -0.693833 0.629999
v 6.641578 -0.704437 0.629999
v 6.676319 -0.712167 0.629999
v 6.710540 -0.716896 0.629999
v 6.744000 -0.718500 0.629999
v 6.810498 -0.714465 0.629999
v 6.873236 -0.702472 0.629999
v 6.931828 -0.682688 0.629999
v 6.985888 -0.655278 0.629999
v 7.035032 -0.620410 0.629999
v 7.078875 -0.578250 0.629999
v 7.117029 -0.528965 0.629999
v 7.149111 -0.472722 0.629999
v 7.174734 -0.409687 0.629999
v 7.193514 -0.340028 0.629999
v 7.205064 -0.263910 0.629999
v 7.209001 -0.181500 0.629999
v 7.209001 0.655500 0.629999
v 6.942000 0.655500 0.629999
v 6.942000 -0.199500 0.629999
v 6.940064 -0.245047 0.629999
v 6.934263 -0.287125 0.629999
v 6.924609 -0.325641 0.629999
v 6.911111 -0.360500 0.629999
v 6.893779 -0.391609 0.629999
v 6.872625 -0.418875 0.629999
v 6.847658 -0.442203 0.629999
v 6.818889 -0.461500 0.629999
v 6.786328 -0.476672 0.629999
v 6.749987 -0.487625 0.629999
v 6.709873 -0.494266 0.629999
v 6.666000 -0.496500 0.629999
v 6.636137 -0.495130 0.629999
v 6.606597 -0.491042 0.629999
v 6.577453 -0.484266 0.629999
v 6.548778 -0.474833 0.629999
v 6.520644 -0.462776 0.629999
v 6.493124 -0.448125 0.629999
v 6.466293 -0.430912 0.629999
v 6.440222 -0.411167 0.629999
v 6.414984 -0.388922 0.629999
v 6.390653 -0.364208 0.629999
v 6.367300 -0.337057 0.629999
v 6.345000 -0.307500 0.629999
v 6.345000 0.655500 0.629999
v 6.078000 0.655500 0.629999
v 6.078000 -0.691500 0.630000
v 6.345000 -0.691500 0.629999
v 7.963290 1.349118 0.629999
v 7.866570 1.333444 0.629999
v 7.779704 1.308187 0.629999
v 7.702556 1.274055 0.629999
v 7.634992 1.231757 0.629999
v 7.576875 1.182000 0.629999
v 7.528071 1.125493 0.629999
v 7.488444 1.062945 0.629999
v 7.457859 0.995063 0.629999
v 7.436181 0.922556 0.629999
v 7.423272 0.846132 0.629999
v 7.419000 0.766500 0.629999
v 7.423524 0.687794 0.629999
v 7.437194 0.612597 0.629999
v 7.460156 0.541547 0.629999
v 7.492556 0.475278 0.629999
v 7.534538 0.414425 0.629999
v 7.586250 0.359625 0.629999
v 7.647837 0.311512 0.629999
v 7.719445 0.270722 0.629999
v 7.801219 0.237891 0.629999
v 7.893306 0.213653 0.629999
v 7.995851 0.198644 0.629999
v 8.109000 0.193500 0.629999
v 8.415000 0.193500 0.629999
v 8.415000 -0.691500 0.629999
v 8.709001 -0.691500 0.629999
v 8.709001 1.354500 0.629999
v 8.070000 1.354500 0.629999
v 8.082000 0.457500 0.629999
v 8.028911 0.459920 0.629999
v 7.979291 0.467111 0.629999
v 7.933359 0.478969 0.629999
v 7.891333 0.495389 0.629999
v 7.853432 0.516267 0.629999
v 7.819875 0.541500 0.629999
v 7.790880 0.570983 0.629999
v 7.766666 0.604611 0.629999
v 7.747454 0.642281 0.629999
v 7.733459 0.683889 0.629999
v 7.724901 0.729330 0.629999
v 7.722000 0.778500 0.629999
v 7.723748 0.816149 0.629999
v 7.729236 0.853694 0.629999
v 7.738828 0.890531 0.629999
v 7.752889 0.926055 0.629999
v 7.771783 0.959663 0.629999
v 7.795875 0.990750 0.629999
v 7.825529 1.018712 0.629999
v 7.861111 1.042944 0.629999
v 7.902985 1.062844 0.629999
v 7.951514 1.077806 0.629999
v 8.007064 1.087226 0.629999
v 8.070000 1.090500 0.629999
v 8.415000 1.090500 0.629999
v 8.415000 0.457500 0.629999
v 7.963290 1.349118 0.629999
v 7.963290 1.349118 -0.630001
v 7.866570 1.333444 0.629999
v 7.866570 1.333444 -0.630001
v 7.779704 1.308187 0.629999
v 7.779704 1.308187 -0.630001
v 7.702556 1.274055 0.629999
v 7.702556 1.274055 -0.630001
v 7.634992 1.231757 0.629999
v 7.634992 1.231757 -0.630001
v 7.576875 1.182000 0.629999
v 7.576875 1.182000 -0.630001
v 7.528071 1.125493 0.629999
v 7.528071 1.125493 -0.630001
v 7.488444 1.062945 0.629999
v 7.488444 1.062945 -0.630001
v 7.457859 0.995063 0.629999
v 7.457859 0.995063 -0.630001
v 7.436181 0.922556 0.629999
v 7.436181 0.922556 -0.630001
v 7.423272 0.846132 0.629999
v 7.423272 0.846132 -0.630001
v 7.419000 0.766500 0.629999
v 7.419000 0.766500 -0.630001
v 7.423524 0.687794 0.629999
v 7.423524 0.687794 -0.630001
v 7.437194 0.612597 0.629999
v 7.437194 0.612597 -0.630001
v 7.460156 0.541547 0.629999
v 7.460156 0.541547 -0.630001
v 7.492556 0.475278 0.629999
v 7.492556 0.475278 -0.630001
v 7.534538 0.414425 0.629999
v 7.534538 0.414425 -0.630001
v 7.586250 0.359625 0.629999
v 7.586250 0.359625 -0.630001
v 7.647837 0.311512 0.629999
v 7.647837 0.311512 -0.630001
v 7.719445 0.270722 0.629999
v 7.719445 0.270722 -0.630001
v 7.801219 0.237891 0.629999
v 7.801219 0.237891 -0.630001
v 7.893306 0.213653 0.629999
v 7.893306 0.213653 -0.630001
v 7.995851 0.198644 0.629999
v 7.995851 0.198644 -0.630001
v 8.109000 0.193500 0.629999
v 8.109000 0.193500 -0.630001
v 8.415000 0.193500 0.629999
v 8.415000 0.193500 -0.630001
v 8.415000 -0.691500 0.629999
v 8.415000 -0.691500 -0.630001
v 8.709001 -0.691500 0.629999
v 8.709001 -0.691500 -0.630001
v 8.709001 1.354500 0.629999
v 8.709001 1.354500 -0.630001
v 8.070000 1.354500 0.629999
v 8.070000 1.354500 -0.630001
v 8.082000 0.457500 0.629999
v 8.082000 0.457500 -0.630001
v 8.028911 0.459920 0.629999
v 8.028911 0.459920 -0.630001
v 7.979291 0.467111 0.629999
v 7.979291 0.467111 -0.630001
v 7.933359 0.478969 0.629999
v 7.933359 0.478969 -0.630001
v 7.891333 0.495389 0.629999
v 7.891333 0.495389 -0.630001
v 7.853432 0.516267 0.629999
v 7.853432 0.516267 -0.630001
v 7.819875 0.541500 0.629999
v 7.819875 0.541500 -0.630001
v 7.790880 0.570983 0.629999
v 7.790880 0.570983 -0.630001
v 7.766666 0.604611 0.629999
v 7.766666 0.604611 -0.630001
v 7.747454 0.642281 0.629999
v 7.747454 0.642281 -0.630001
v 7.733459 0.683889 0.629999
v 7.733459 0.683889 -0.630001
v 7.724901 0.729330 0.629999
v 7.724901 0.729330 -0.630001
v 7.722000 0.778500 0.629999
v 7.722000 0.778500 -0.630001
v 7.723748 0.816149 0.629999
v 7.723748 0.816149 -0.630001
v 7.729236 0.853694 0.629999
v 7.729236 0.853694 -0.630001
v 7.738828 0.890531 0.629999
v 7.738828 0.890531 -0.630001
v 7.752889 0.926055 0.629999
v 7.752889 0.926055 -0.630001
v 7.771783 0.959663 0.629999
v 7.771783 0.959663 -0.630001
v 7.795875 0.990750 0.629999
v 7.795875 0.990750 -0.630001
v 7.825529 1.018712 0.629999
v 7.825529 1.018712 -0.630001
v 7.861111 1.042944 0.629999
v 7.861111 1.042944 -0.630001
v 7.902985 1.062844 0.629999
v 7.902985 1.062844 -0.630001
v 7.951514 1.077806 0.629999
v 7.951514 1.077806 -0.630001
v 8.007064 1.087226 0.629999
v 8.007064 1.087226 -0.630001
v 8.070000 1.090500 0.629999
v 8.070000 1.090500 -0.630001
v 8.415000 1.090500 0.629999
v 8.415000 1.090500 -0.630001
v 8.415000 0.457500 0.629999
v 8.415000 0.457500 -0.630001
v 6.345000 -0.520500 0.629999
v 6.345000 -0.520500 -0.630001
v 6.373648 -0.549604 0.629999
v 6.373648 -0.549604 -0.630001
v 6.403931 -0.576833 0.629999
v 6.403931 -0.576833 -0.630001
v 6.435609 -0.602062 0.629999
v 6.435609 -0.602062 -0.630001
v 6.468445 -0.625167 0.629999
v 6.468445 -0.625167 -0.630001
v 6.502196 -0.646021 0.629999
v 6.502196 -0.646021 -0.630001
v 6.536625 -0.664500 0.629999
v 6.536625 -0.664500 -0.630001
v 6.571491 -0.680479 0.629999
v 6.571491 -0.680479 -0.630001
v 6.606555 -0.693833 0.629999
v 6.606555 -0.693833 -0.630001
v 6.641578 -0.704437 0.629999
v 6.641578 -0.704437 -0.630001
v 6.676319 -0.712167 0.629999
v 6.676319 -0.712167 -0.630001
v 6.710540 -0.716896 0.629999
v 6.710540 -0.716896 -0.630001
v 6.744000 -0.718500 0.629999
v 6.744000 -0.718500 -0.630001
v 6.810498 -0.714465 0.629999
v 6.810498 -0.714465 -0.630001
v 6.873236 -0.702472 0.629999
v 6.873236 -0.702472 -0.630001
v 6.931828 -0.682688 0.629999
v 6.931828 -0.682688 -0.630001
v 6.985888 -0.655278 0.629999
v 6.985888 -0.655278 -0.630001
v 7.035032 -0.620410 0.629999
v 7.035032 -0.620410 -0.630001
v 7.078875 -0.578250 0.629999
v 7.078875 -0.578250 -0.630001
v 7.117029 -0.528965 0.629999
v 7.117029 -0.528965 -0.630001
v 7.149111 -0.472722 0.629999
v 7.149111 -0.472722 -0.630001
v 7.174734 -0.409687 0.629999
v 7.174734 -0.409688 -0.630001
v 7.193514 -0.340028 0.629999
v 7.193514 -0.340028 -0.630001
v 7.205064 -0.263910 0.629999
v 7.205064 -0.263910 -0.630001
v 7.209001 -0.181500 0.629999
v 7.209001 -0.181500 -0.630001
v 7.209001 0.655500 0.629999
v 7.209001 0.655500 -0.630001
v 6.942000 0.655500 0.629999
v 6.942000 0.655500 -0.630001
v 6.942000 -0.199500 0.629999
v 6.942000 -0.199500 -0.630001
v 6.940064 -0.245047 0.629999
v 6.940064 -0.245047 -0.630001
v 6.934263 -0.287125 0.629999
v 6.934263 -0.287125 -0.630001
v 6.924609 -0.325641 0.629999
v 6.924609 -0.325641 -0.630001
v 6.911111 -0.360500 0.629999
v 6.911111 -0.360500 -0.630001
v 6.893779 -0.391609 0.629999
v 6.893779 -0.391609 -0.630001
v 6.872625 -0.418875 0.629999
v 6.872625 -0.418875 -0.630001
v 6.847658 -0.442203 0.629999
v 6.847658 -0.442203 -0.630001
v 6.818889 -0.461500 0.629999
v 6.818889 -0.461500 -0.630001
v 6.786328 -0.476672 0.629999
v 6.786328 -0.476672 -0.630001
v 6.749987 -0.487625 0.629999
v 6.749987 -0.487625 -0.630001
v 6.709873 -0.494266 0.629999
v 6.709873 -0.494266 -0.630001
v 6.666000 -0.496500 0.629999
v 6.666000 -0.496500 -0.630001
v 6.636137 -0.495130 0.629999
v 6.636137 -0.495130 -0.630001
v 6.606597 -0.491042 0.629999
v 6.606597 -0.491042 -0.630001
v 6.577453 -0.484266 0.629999
v 6.577453 -0.484266 -0.630001
v 6.548778 -0.474833 0.629999
v 6.548778 -0.474833 -0.630001
v 6.520644 -0.462776 0.629999
v 6.520644 -0.462776 -0.630001
v 6.493124 -0.448125 0.629999
v 6.493124 -0.448125 -0.630001
v 6.466293 -0.430912 0.629999
v 6.466293 -0.430912 -0.630001
v 6.440222 -0.411167 0.629999
v 6.440222 -0.411167 -0.630001
v 6.414984 -0.388922 0.629999
v 6.414984 -0.388922 -0.630001
v 6.390653 -0.364208 0.629999
v 6.390653 -0.364208 -0.630001
v 6.367300 -0.337057 0.629999
v 6.367300 -0.337057 -0.630001
v 6.345000 -0.307500 0.629999
v 6.345000 -0.307500 -0.630001
v 6.345000 0.655500 0.629999
v 6.345000 0.655500 -0.630001
v 6.078000 0.655500 0.629999
v 6.078000 0.655500 -0.630001
v 6.078000 -0.691500 0.630000
v 6.078000 -0.691500 -0.630000
v 6.345000 -0.691500 0.629999
v 6.345000 -0.691500 -0.630001
v 4.954293 0.331071 0.630000
v 4.954293 0.331071 -0.630000
v 4.991097 0.352319 0.630000
v 4.991097 0.352319 -0.630000
v 5.027297 0.371297 0.630000
v 5.027297 0.371297 -0.630000
v 5.062778 0.388056 0.630000
v 5.062778 0.388055 -0.630000
v 5.097425 0.402648 0.630000
v 5.097425 0.402648 -0.630000
v 5.131125 0.415125 0.630000
v 5.131125 0.415125 -0.630000
v 5.163762 0.425540 0.630000
v 5.163762 0.425540 -0.630000
v 5.195222 0.433944 0.630000
v 5.195222 0.433944 -0.630000
v 5.225391 0.440391 0.630000
v 5.225391 0.440391 -0.630000
v 5.254153 0.444931 0.630000
v 5.254153 0.444931 -0.630000
v 5.281394 0.447616 0.630000
v 5.281394 0.447616 -0.630000
v 5.307000 0.448500 0.630000
v 5.307000 0.448500 -0.630000
v 5.333170 0.447455 0.630000
v 5.333170 0.447455 -0.630000
v 5.357611 0.444389 0.630000
v 5.357611 0.444389 -0.630000
v 5.380219 0.439406 0.630000
v 5.380219 0.439406 -0.630000
v 5.400889 0.432611 0.630000
v 5.400889 0.432611 -0.630000
v 5.419518 0.424108 0.630000
v 5.419518 0.424108 -0.630000
v 5.436000 0.414000 0.630000
v 5.436000 0.414000 -0.630000
v 5.450233 0.402392 0.630000
v 5.450233 0.402392 -0.630000
v 5.462111 0.389389 0.630000
v 5.462111 0.389389 -0.630000
v 5.471531 0.375094 0.630000
v 5.471531 0.375094 -0.630000
v 5.478389 0.359611 0.630000
v 5.478389 0.359611 -0.630000
v 5.482580 0.343045 0.630000
v 5.482580 0.343045 -0.630000
v 5.484000 0.325500 0.630000
v 5.484000 0.325500 -0.630000
v 5.482092 0.310219 0.630000
v 5.482092 0.310219 -0.630000
v 5.476236 0.294250 0.630000
v 5.476236 0.294250 -0.630000
v 5.466235 0.277406 0.630000
v 5.466235 0.277406 -0.630000
v 5.451889 0.259500 0.630000
v 5.451889 0.259500 -0.630000
v 5.433002 0.240344 0.630000
v 5.433002 0.240344 -0.630000
v 5.409375 0.219750 0.630000
v 5.409375 0.219750 -0.630000
v 5.380811 0.197531 0.630000
v 5.380811 0.197531 -0.630000
v 5.347112 0.173500 0.630000
v 5.347112 0.173500 -0.630000
v 5.308079 0.147469 0.630000
v 5.308079 0.147469 -0.630000
v 5.263515 0.119250 0.630000
v 5.263515 0.119250 -0.630000
v 5.213221 0.088656 0.630000
v 5.213221 0.088656 -0.630000
v 5.157001 0.055500 0.630000
v 5.157001 0.055500 -0.630000
v 5.104403 0.019818 0.630000
v 5.104403 0.019818 -0.630000
v 5.057472 -0.013958 0.630000
v 5.057472 -0.013958 -0.630000
v 5.016000 -0.046172 0.630000
v 5.016000 -0.046172 -0.630000
v 4.979778 -0.077167 0.630000
v 4.979778 -0.077167 -0.630000
v 4.948597 -0.107286 0.630000
v 4.948597 -0.107286 -0.630000
v 4.922250 -0.136875 0.630000
v 4.922250 -0.136875 -0.630000
v 4.900528 -0.166276 0.630000
v 4.900528 -0.166276 -0.630000
v 4.883222 -0.195833 0.630000
v 4.883222 -0.195833 -0.630000
v 4.870125 -0.225891 0.630000
v 4.870125 -0.225891 -0.630000
v 4.861028 -0.256792 0.630000
v 4.861028 -0.256792 -0.630000
v 4.855722 -0.288880 0.630000
v 4.855722 -0.288880 -0.630000
v 4.854000 -0.322500 0.630000
v 4.854000 -0.322500 -0.630000
v 4.857867 -0.380078 0.630000
v 4.857867 -0.380078 -0.630000
v 4.869181 -0.434125 0.630000
v 4.869181 -0.434125 -0.630000
v 4.887516 -0.484359 0.630000
v 4.887516 -0.484359 -0.630000
v 4.912445 -0.530500 0.630000
v 4.912445 -0.530500 -0.630000
v 4.943541 -0.572266 0.630000
v 4.943541 -0.572266 -0.630000
v 4.980375 -0.609375 0.630000
v 4.980375 -0.609375 -0.630000
v 5.022523 -0.641547 0.630000
v 5.022523 -0.641547 -0.630000
v 5.069556 -0.668500 0.630000
v 5.069556 -0.668500 -0.630000
v 5.121047 -0.689953 0.630000
v 5.121047 -0.689953 -0.630000
v 5.176570 -0.705625 0.630000
v 5.176570 -0.705625 -0.630000
v 5.235696 -0.715234 0.630000
v 5.235696 -0.715234 -0.630000
v 5.298000 -0.718500 0.630000
v 5.298000 -0.718500 -0.630000
v 5.338547 -0.717799 0.630000
v 5.338547 -0.717799 -0.630000
v 5.377875 -0.715639 0.630000
v 5.377875 -0.715639 -0.630000
v 5.416266 -0.711938 0.630000
v 5.416266 -0.711938 -0.630000
v 5.454000 -0.706611 0.630000
v 5.454000 -0.706611 -0.630000
v 5.491360 -0.699576 0.630000
v 5.491360 -0.699576 -0.630000
v 5.528625 -0.690750 0.630000
v 5.528625 -0.690750 -0.630000
v 5.566079 -0.680049 0.630000
v 5.566079 -0.680049 -0.630000
v 5.604001 -0.667389 0.630000
v 5.604001 -0.667389 -0.630000
v 5.642672 -0.652688 0.630000
v 5.642672 -0.652688 -0.630000
v 5.682375 -0.635861 0.630000
v 5.682375 -0.635861 -0.630000
v 5.723391 -0.616826 0.630000
v 5.723391 -0.616826 -0.630000
v 5.766000 -0.595500 0.630000
v 5.766000 -0.595500 -0.630000
v 5.766000 -0.307500 0.630000
v 5.766000 -0.307500 -0.630000
v 5.722834 -0.336191 0.630000
v 5.722834 -0.336191 -0.630000
v 5.680417 -0.362278 0.630000
v 5.680417 -0.362278 -0.630000
v 5.638875 -0.385781 0.630000
v 5.638875 -0.385781 -0.630000
v 5.598334 -0.406722 0.630000
v 5.598334 -0.406722 -0.630000
v 5.558917 -0.425122 0.630000
v 5.558917 -0.425122 -0.630000
v 5.520751 -0.441000 0.630000
v 5.520751 -0.441000 -0.630000
v 5.483959 -0.454379 0.630000
v 5.483959 -0.454379 -0.630000
v 5.448667 -0.465278 0.630000
v 5.448667 -0.465278 -0.630000
v 5.415000 -0.473719 0.630000
v 5.415000 -0.473719 -0.630000
v 5.383084 -0.479722 0.630000
v 5.383084 -0.479722 -0.630000
v 5.353042 -0.483309 0.630000
v 5.353042 -0.483309 -0.630000
v 5.325000 -0.484500 0.630000
v 5.325000 -0.484500 -0.630000
v 5.298417 -0.482062 0.630000
v 5.298417 -0.482062 -0.630000
v 5.272833 -0.477750 0.630000
v 5.272833 -0.477750 -0.630000
v 5.248500 -0.471562 0.630000
v 5.248500 -0.471563 -0.630000
v 5.225667 -0.463500 0.630000
v 5.225667 -0.463500 -0.630000
v 5.204583 -0.453562 0.630000
v 5.204583 -0.453563 -0.630000
v 5.185500 -0.441750 0.630000
v 5.185500 -0.441750 -0.630000
v 5.168667 -0.428062 0.630000
v 5.168667 -0.428063 -0.630000
v 5.154334 -0.412500 0.630000
v 5.154334 -0.412500 -0.630000
v 5.142750 -0.395062 0.630000
v 5.142750 -0.395063 -0.630000
v 5.134167 -0.375750 0.630000
v 5.134167 -0.375750 -0.630000
v 5.128834 -0.354562 0.630000
v 5.128834 -0.354563 -0.630000
v 5.127000 -0.331500 0.630000
v 5.127000 -0.331500 -0.630000
v 5.139396 -0.286609 0.630000
v 5.139396 -0.286609 -0.630000
v 5.173666 -0.244125 0.630000
v 5.173666 -0.244125 -0.630000
v 5.225437 -0.202828 0.630000
v 5.225437 -0.202828 -0.630000
v 5.290333 -0.161500 0.630000
v 5.290333 -0.161500 -0.630000
v 5.363979 -0.118922 0.630000
v 5.363979 -0.118922 -0.630000
v 5.442000 -0.073875 0.630000
v 5.442000 -0.073875 -0.630000
v 5.520021 -0.025141 0.630000
v 5.520021 -0.025141 -0.630000
v 5.593667 0.028500 0.630000
v 5.593667 0.028500 -0.630000
v 5.658563 0.088266 0.630000
v 5.658563 0.088266 -0.630000
v 5.710334 0.155375 0.630000
v 5.710334 0.155375 -0.630000
v 5.744604 0.231047 0.629999
v 5.744604 0.231047 -0.630001
v 5.757000 0.316500 0.629999
v 5.757000 0.316500 -0.630001
v 5.753421 0.371597 0.629999
v 5.753421 0.371597 -0.630001
v 5.742862 0.422778 0.629999
v 5.742862 0.422778 -0.630001
v 5.725595 0.469875 0.629999
v 5.725595 0.469875 -0.630001
v 5.701889 0.512722 0.629999
v 5.701889 0.512722 -0.630001
v 5.672018 0.551153 0.629999
v 5.672018 0.551153 -0.630001
v 5.636250 0.585000 0.629999
v 5.636250 0.585000 -0.630001
v 5.594858 0.614097 0.629999
v 5.594858 0.614097 -0.630001
v 5.548111 0.638278 0.629999
v 5.548111 0.638278 -0.630001
v 5.496282 0.657375 0.629999
v 5.496282 0.657375 -0.630001
v 5.439639 0.671222 0.630000
v 5.439639 0.671222 -0.630000
v 5.378455 0.679653 0.630000
v 5.378455 0.679653 -0.630000
v 5.313000 0.682500 0.630000
v 5.313000 0.682500 -0.630000
v 5.281433 0.681748 0.630000
v 5.281433 0.681748 -0.630000
v 5.249709 0.679486 0.630000
v 5.249709 0.679486 -0.630000
v 5.217798 0.675703 0.630000
v 5.217798 0.675703 -0.630000
v 5.185668 0.670389 0.630000
v 5.185668 0.670389 -0.630000
v 5.153287 0.663533 0.630000
v 5.153287 0.663533 -0.630000
v 5.120625 0.655125 0.630000
v 5.120625 0.655125 -0.630000
v 5.087652 0.645155 0.630000
v 5.087652 0.645155 -0.630000
v 5.054334 0.633611 0.630000
v 5.054334 0.633611 -0.630000
v 5.020641 0.620484 0.630000
v 5.020641 0.620484 -0.630000
v 4.986542 0.605764 0.630000
v 4.986542 0.605764 -0.630000
v 4.952005 0.589439 0.630000
v 4.952005 0.589439 -0.630000
v 4.917000 0.571500 0.630000
v 4.917000 0.571500 -0.630000
v 4.917000 0.307500 0.630000
v 4.917000 0.307500 -0.630000
v 4.278000 0.478500 0.630000
v 4.278000 0.478500 -0.630000
v 4.251528 0.509613 0.630000
v 4.251528 0.509613 -0.630000
v 4.223223 0.538403 0.630000
v 4.223223 0.538403 -0.630000
v 4.193251 0.564797 0.630000
v 4.193251 0.564797 -0.630000
v 4.161778 0.588722 0.630000
v 4.161778 0.588722 -0.630000
v 4.128973 0.610106 0.630000
v 4.128973 0.610106 -0.630000
v 4.095000 0.628875 0.630000
v 4.095000 0.628875 -0.630000
v 4.060028 0.644957 0.630000
v 4.060028 0.644957 -0.630000
v 4.024222 0.658278 0.630000
v 4.024222 0.658278 -0.630000
v 3.987750 0.668766 0.630000
v 3.987750 0.668766 -0.630000
v 3.950778 0.676347 0.630000
v 3.950778 0.676347 -0.630000
v 3.913472 0.680950 0.630000
v 3.913472 0.680950 -0.630000
v 3.876000 0.682500 0.630000
v 3.876000 0.682500 -0.630000
v 3.811511 0.678745 0.630000
v 3.811511 0.678745 -0.630000
v 3.750333 0.667458 0.630000
v 3.750333 0.667458 -0.630000
v 3.692906 0.648609 0.630000
v 3.692906 0.648609 -0.630000
v 3.639667 0.622167 0.630000
v 3.639667 0.622167 -0.630000
v 3.591052 0.588099 0.630000
v 3.591052 0.588099 -0.630000
v 3.547500 0.546375 0.630000
v 3.547500 0.546375 -0.630000
v 3.509448 0.496964 0.630000
v 3.509448 0.496964 -0.630000
v 3.477334 0.439833 0.630000
v 3.477334 0.439833 -0.630000
v 3.451594 0.374953 0.630000
v 3.451594 0.374953 -0.630000
v 3.432667 0.302292 0.630000
v 3.432667 0.302292 -0.630000
v 3.420990 0.221818 0.630000
v 3.420990 0.221818 -0.630000
v 3.417000 0.133500 0.630000
v 3.417000 0.133500 -0.630000
v 3.417000 -0.691500 0.630000
v 3.417000 -0.691500 -0.630000
v 3.684000 -0.691500 0.630000
v 3.684000 -0.691500 -0.630000
v 3.684000 0.142500 0.630000
v 3.684000 0.142500 -0.630000
v 3.686100 0.190528 0.630000
v 3.686100 0.190528 -0.630000
v 3.692305 0.235472 0.630000
v 3.692305 0.235472 -0.630000
v 3.702468 0.277125 0.630000
v 3.702468 0.277125 -0.630000
v 3.716444 0.315278 0.630000
v 3.716444 0.315278 -0.630000
v 3.734086 0.349722 0.630000
v 3.734086 0.349722 -0.630000
v 3.755250 0.380250 0.630000
v 3.755250 0.380250 -0.630000
v 3.779788 0.406653 0.630000
v 3.779788 0.406653 -0.630000
v 3.807555 0.428722 0.630000
v 3.807555 0.428722 -0.630000
v 3.838406 0.446250 0.630000
v 3.838406 0.446250 -0.630000
v 3.872194 0.459028 0.630000
v 3.872194 0.459028 -0.630000
v 3.908774 0.466847 0.630000
v 3.908774 0.466847 -0.630000
v 3.948000 0.469500 0.630000
v 3.948000 0.469500 -0.630000
v 3.976784 0.468356 0.630000
v 3.976784 0.468356 -0.630000
v 4.004765 0.464847 0.630000
v 4.004765 0.464847 -0.630000
v 4.032141 0.458859 0.630000
v 4.032141 0.458859 -0.630000
v 4.059112 0.450278 0.630000
v 4.059112 0.450278 -0.630000
v 4.085874 0.438988 0.630000
v 4.085874 0.438988 -0.630000
v 4.112625 0.424875 0.630000
v 4.112625 0.424875 -0.630000
v 4.139565 0.407825 0.630000
v 4.139565 0.407825 -0.630000
v 4.166889 0.387722 0.630000
v 4.166889 0.387722 -0.630000
v 4.194797 0.364453 0.630000
v 4.194797 0.364453 -0.630000
v 4.223486 0.337903 0.630000
v 4.223486 0.337903 -0.630000
v 4.253155 0.307957 0.630000
v 4.253155 0.307957 -0.630000
v 4.284000 0.274500 0.630000
v 4.284000 0.274500 -0.630000
v 4.284000 -0.691500 0.630000
v 4.284000 -0.691500 -0.630000
v 4.551000 -0.691500 0.630000
v 4.551000 -0.691500 -0.630000
v 4.551000 1.354500 0.630000
v 4.551000 1.354500 -0.630000
v 4.284000 1.354500 0.630000
v 4.284000 1.354500 -0.630000
v 4.284000 0.478500 0.630000
v 4.284000 0.478500 -0.630000
v 1.347000 1.090500 0.630000
v 1.347000 1.090500 -0.630000
v 1.347000 -0.691500 0.630000
v 1.347000 -0.691500 -0.630000
v 1.641000 -0.691500 0.630000
v 1.641000 -0.691500 -0.630000
v 1.641000 1.090500 0.630000
v 1.641000 1.090500 -0.630000
v 2.349000 1.090500 0.630000
v 2.349000 1.090500 -0.630000
v 2.349000 1.354500 0.630000
v 2.349000 1.354500 -0.630000
v 0.639000 1.354500 0.630000
v 0.639000 1.354500 -0.630000
v 0.639000 1.090500 0.630000
v 0.639000 1.090500 -0.630000
v -0.953906 -0.108038 0.630000
v -0.953906 -0.108038 -0.630000
v -0.936000 -0.205305 0.630000
v -0.936000 -0.205306 -0.630000
v -0.906844 -0.295781 0.630000
v -0.906844 -0.295781 -0.630000
v -0.867000 -0.378944 0.630000
v -0.867000 -0.378944 -0.630000
v -0.817031 -0.454274 0.630000
v -0.817031 -0.454274 -0.630000
v -0.757500 -0.521250 0.630000
v -0.757500 -0.521250 -0.630000
v -0.688969 -0.579351 0.630000
v -0.688969 -0.579351 -0.630000
v -0.612000 -0.628056 0.630000
v -0.612000 -0.628056 -0.630000
v -0.527156 -0.666844 0.630000
v -0.527156 -0.666844 -0.630000
v -0.435000 -0.695194 0.630000
v -0.435000 -0.695194 -0.630000
v -0.336094 -0.712587 0.630000
v -0.336094 -0.712587 -0.630000
v -0.231000 -0.718500 0.630000
v -0.231000 -0.718500 -0.630000
v -0.130042 -0.712358 0.630000
v -0.130042 -0.712358 -0.630000
v -0.034583 -0.694361 0.630000
v -0.034583 -0.694361 -0.630000
v 0.054750 -0.665156 0.630000
v 0.054750 -0.665156 -0.630000
v 0.137333 -0.625389 0.630000
v 0.137333 -0.625389 -0.630000
v 0.212542 -0.575705 0.630000
v 0.212542 -0.575705 -0.630000
v 0.279750 -0.516750 0.630000
v 0.279750 -0.516750 -0.630000
v 0.338333 -0.449170 0.630000
v 0.338333 -0.449170 -0.630000
v 0.387667 -0.373611 0.630000
v 0.387667 -0.373611 -0.630000
v 0.427125 -0.290719 0.630000
v 0.427125 -0.290719 -0.630000
v 0.456084 -0.201139 0.630000
v 0.456083 -0.201139 -0.630000
v 0.473917 -0.105517 0.630000
v 0.473917 -0.105517 -0.630000
v 0.480000 -0.004500 0.630000
v 0.480000 -0.004500 -0.630000
v 0.473688 0.090314 0.630000
v 0.473688 0.090314 -0.630000
v 0.455250 0.180764 0.630000
v 0.455250 0.180764 -0.630000
v 0.425438 0.266109 0.630000
v 0.425438 0.266109 -0.630000
v 0.385000 0.345611 0.630000
v 0.385000 0.345611 -0.630000
v 0.334688 0.418530 0.630000
v 0.334688 0.418529 -0.630000
v 0.275250 0.484125 0.630000
v 0.275250 0.484125 -0.630000
v 0.207438 0.541658 0.630000
v 0.207438 0.541658 -0.630000
v 0.132000 0.590389 0.630000
v 0.132000 0.590389 -0.630000
v 0.049688 0.629578 0.630000
v 0.049688 0.629578 -0.630000
v -0.038750 0.658486 0.630000
v -0.038750 0.658486 -0.630000
v -0.132562 0.676373 0.630000
v -0.132562 0.676373 -0.630000
v -0.231000 0.682500 0.630000
v -0.231000 0.682500 -0.630000
v -0.334203 0.676602 0.630000
v -0.334203 0.676602 -0.630000
v -0.431875 0.659319 0.630000
v -0.431875 0.659319 -0.630000
v -0.523359 0.631266 0.630000
v -0.523359 0.631266 -0.630000
v -0.608000 0.593056 0.630000
v -0.608000 0.593056 -0.630000
v -0.685141 0.545304 0.630000
v -0.685141 0.545304 -0.630000
v -0.754125 0.488625 0.630000
v -0.754125 0.488625 -0.630000
v -0.814297 0.423634 0.630000
v -0.814297 0.423634 -0.630000
v -0.865000 0.350944 0.630000
v -0.865000 0.350944 -0.630000
v -0.905578 0.271172 0.630000
v -0.905578 0.271172 -0.630000
v -0.935375 0.184931 0.630000
v -0.935375 0.184931 -0.630000
v -0.953734 0.092835 0.630000
v -0.953734 0.092835 -0.630000
v -0.960000 -0.004500 0.630000
v -0.960000 -0.004500 -0.630000
v 0.203368 -0.073696 0.630000
v 0.203368 -0.073696 -0.630000
v 0.192695 -0.138569 0.630000
v 0.192694 -0.138569 -0.630000
v 0.175313 -0.198797 0.630000
v 0.175312 -0.198797 -0.630000
v 0.151556 -0.254056 0.630000
v 0.151556 -0.254056 -0.630000
v 0.121757 -0.304023 0.630000
v 0.121757 -0.304023 -0.630000
v 0.086250 -0.348375 0.630000
v 0.086250 -0.348375 -0.630000
v 0.045368 -0.386790 0.630000
v 0.045368 -0.386790 -0.630000
v -0.000555 -0.418944 0.630000
v -0.000556 -0.418945 -0.630000
v -0.051187 -0.444516 0.630000
v -0.051187 -0.444516 -0.630000
v -0.106194 -0.463181 0.630000
v -0.106194 -0.463181 -0.630000
v -0.165243 -0.474616 0.630000
v -0.165243 -0.474616 -0.630000
v -0.228000 -0.478500 0.630000
v -0.228000 -0.478500 -0.630000
v -0.296271 -0.474790 0.630000
v -0.296271 -0.474790 -0.630000
v -0.359917 -0.463819 0.630000
v -0.359917 -0.463820 -0.630000
v -0.418687 -0.445828 0.630000
v -0.418687 -0.445828 -0.630000
v -0.472333 -0.421056 0.630000
v -0.472333 -0.421056 -0.630000
v -0.520604 -0.389741 0.630000
v -0.520604 -0.389741 -0.630000
v -0.563250 -0.352125 0.630000
v -0.563250 -0.352125 -0.630000
v -0.600021 -0.308446 0.630000
v -0.600021 -0.308446 -0.630000
v -0.630667 -0.258944 0.630000
v -0.630667 -0.258944 -0.630000
v -0.654937 -0.203859 0.630000
v -0.654937 -0.203859 -0.630000
v -0.672583 -0.143431 0.630000
v -0.672583 -0.143431 -0.630000
v -0.683354 -0.077898 0.630000
v -0.683354 -0.077898 -0.630000
v -0.687000 -0.007500 0.630000
v -0.687000 -0.007500 -0.630000
v -0.683068 0.056182 0.630000
v -0.683068 0.056182 -0.630000
v -0.671542 0.116458 0.630000
v -0.671542 0.116458 -0.630000
v -0.652828 0.172922 0.630000
v -0.652828 0.172922 -0.630000
v -0.627333 0.225167 0.630000
v -0.627333 0.225167 -0.630000
v -0.595463 0.272787 0.630000
v -0.595464 0.272786 -0.630000
v -0.557625 0.315375 0.630000
v -0.557625 0.315375 -0.630000
v -0.514224 0.352526 0.630000
v -0.514224 0.352526 -0.630000
v -0.465667 0.383833 0.630000
v -0.465667 0.383833 -0.630000
v -0.412359 0.408891 0.630000
v -0.412359 0.408891 -0.630000
v -0.354708 0.427292 0.630000
v -0.354708 0.427292 -0.630000
v -0.293120 0.438630 0.630000
v -0.293120 0.438630 -0.630000
v -0.228000 0.442500 0.630000
v -0.228000 0.442500 -0.630000
v -0.166503 0.438632 0.630000
v -0.166503 0.438632 -0.630000
v -0.108278 0.427305 0.630000
v -0.108278 0.427305 -0.630000
v -0.053719 0.408937 0.630000
v -0.053719 0.408937 -0.630000
v -0.003222 0.383944 0.630000
v -0.003222 0.383944 -0.630000
v 0.042816 0.352743 0.630000
v 0.042816 0.352743 -0.630000
v 0.084000 0.315750 0.630000
v 0.084000 0.315750 -0.630000
v 0.119934 0.273382 0.630000
v 0.119934 0.273382 -0.630000
v 0.150222 0.226056 0.630000
v 0.150222 0.226056 -0.630000
v 0.174469 0.174188 0.630000
v 0.174469 0.174187 -0.630000
v 0.192278 0.118194 0.630000
v 0.192278 0.118194 -0.630000
v 0.203254 0.058493 0.630000
v 0.203254 0.058493 -0.630000
v 0.207000 -0.004500 0.630000
v 0.207000 -0.004500 -0.630000
v -3.055639 0.943352 0.630000
v -3.055639 0.943352 -0.630000
v -3.012611 0.977570 0.630000
v -3.012611 0.977570 -0.630000
v -2.970000 1.007391 0.630000
v -2.970000 1.007391 -0.630000
v -2.927889 1.033056 0.630000
v -2.927889 1.033056 -0.630000
v -2.886361 1.054804 0.630000
v -2.886361 1.054804 -0.630000
v -2.845500 1.072875 0.630000
v -2.845500 1.072875 -0.630000
v -2.805389 1.087509 0.630000
v -2.805389 1.087509 -0.630000
v -2.766111 1.098944 0.630000
v -2.766111 1.098944 -0.630000
v -2.727750 1.107422 0.630000
v -2.727750 1.107422 -0.630000
v -2.690389 1.113181 0.630000
v -2.690389 1.113181 -0.630000
v -2.654111 1.116460 0.630000
v -2.654111 1.116460 -0.630000
v -2.619000 1.117500 0.630000
v -2.619000 1.117500 -0.630000
v -2.572922 1.115469 0.630000
v -2.572922 1.115469 -0.630000
v -2.529375 1.109500 0.630000
v -2.529375 1.109500 -0.630000
v -2.488641 1.099781 0.630000
v -2.488641 1.099781 -0.630000
v -2.451000 1.086500 0.630000
v -2.451000 1.086500 -0.630000
v -2.416734 1.069844 0.630000
v -2.416734 1.069844 -0.630000
v -2.386125 1.050000 0.630000
v -2.386125 1.050000 -0.630000
v -2.359453 1.027156 0.630000
v -2.359453 1.027156 -0.630000
v -2.337000 1.001500 0.630000
v -2.337000 1.001500 -0.630000
v -2.319047 0.973219 0.630000
v -2.319047 0.973219 -0.630000
v -2.305875 0.942500 0.630000
v -2.305875 0.942500 -0.630000
v -2.297766 0.909531 0.630000
v -2.297766 0.909531 -0.630000
v -2.295000 0.874500 0.630000
v -2.295000 0.874500 -0.630000
v -2.312413 0.783952 0.630000
v -2.312413 0.783952 -0.630000
v -2.360556 0.706361 0.630000
v -2.360556 0.706361 -0.630000
v -2.433281 0.638063 0.630000
v -2.433281 0.638063 -0.630000
v -2.524445 0.575389 0.630000
v -2.524445 0.575389 -0.630000
v -2.627900 0.514674 0.630000
v -2.627900 0.514674 -0.630000
v -2.737500 0.452250 0.630000
v -2.737500 0.452250 -0.630000
v -2.847101 0.384451 0.630000
v -2.847101 0.384451 -0.630000
v -2.950556 0.307611 0.630000
v -2.950556 0.307611 -0.630000
v -3.041719 0.218063 0.630000
v -3.041719 0.218062 -0.630000
v -3.114444 0.112139 0.630000
v -3.114444 0.112139 -0.630000
v -3.162587 -0.013826 0.630000
v -3.162587 -0.013826 -0.630000
v -3.180000 -0.163500 0.630000
v -3.180000 -0.163500 -0.630000
v -3.175028 -0.241852 0.630000
v -3.175028 -0.241853 -0.630000
v -3.160472 -0.316069 0.630000
v -3.160472 -0.316070 -0.630000
v -3.136875 -0.385641 0.630000
v -3.136875 -0.385641 -0.630000
v -3.104778 -0.450056 0.630000
v -3.104778 -0.450056 -0.630000
v -3.064723 -0.508804 0.630000
v -3.064723 -0.508804 -0.630000
v -3.017250 -0.561375 0.630000
v -3.017250 -0.561375 -0.630000
v -2.962903 -0.607259 0.630000
v -2.962903 -0.607259 -0.630000
v -2.902223 -0.645944 0.630000
v -2.902223 -0.645944 -0.630000
v -2.835750 -0.676922 0.630000
v -2.835750 -0.676922 -0.630000
v -2.764028 -0.699681 0.630000
v -2.764028 -0.699681 -0.630000
v -2.687597 -0.713710 0.630000
v -2.687597 -0.713710 -0.630000
v -2.607000 -0.718500 0.630000
v -2.607000 -0.718500 -0.630000
v -2.552356 -0.717245 0.630000
v -2.552356 -0.717245 -0.630000
v -2.499347 -0.713458 0.630000
v -2.499347 -0.713458 -0.630000
v -2.447860 -0.707109 0.630000
v -2.447860 -0.707109 -0.630000
v -2.397778 -0.698167 0.630000
v -2.397778 -0.698167 -0.630000
v -2.348988 -0.686599 0.630000
v -2.348988 -0.686599 -0.630000
v -2.301375 -0.672375 0.630000
v -2.301375 -0.672375 -0.630000
v -2.254825 -0.655464 0.630000
v -2.254825 -0.655464 -0.630000
v -2.209223 -0.635833 0.630000
v -2.209223 -0.635833 -0.630000
v -2.164454 -0.613453 0.630000
v -2.164454 -0.613453 -0.630000
v -2.120403 -0.588292 0.630000
v -2.120403 -0.588292 -0.630000
v -2.076957 -0.560318 0.630000
v -2.076957 -0.560318 -0.630000
v -2.034000 -0.529500 0.630000
v -2.034000 -0.529500 -0.630000
v -2.034000 -0.157500 0.630000
v -2.034000 -0.157500 -0.630000
v -2.072297 -0.203677 0.630000
v -2.072297 -0.203677 -0.630000
v -2.112125 -0.246167 0.630000
v -2.112125 -0.246167 -0.630000
v -2.153391 -0.284906 0.630000
v -2.153391 -0.284906 -0.630000
v -2.196000 -0.319833 0.630000
v -2.196000 -0.319833 -0.630000
v -2.239859 -0.350885 0.630000
v -2.239859 -0.350885 -0.630000
v -2.284875 -0.378000 0.630000
v -2.284875 -0.378000 -0.630000
v -2.330953 -0.401115 0.630000
v -2.330953 -0.401115 -0.630000
v -2.378000 -0.420167 0.630000
v -2.378000 -0.420167 -0.630000
v -2.425922 -0.435094 0.630000
v -2.425922 -0.435094 -0.630000
v -2.474625 -0.445833 0.630000
v -2.474625 -0.445833 -0.630000
v -2.524016 -0.452323 0.630000
v -2.524016 -0.452323 -0.630000
v -2.574000 -0.454500 0.630000
v -2.574000 -0.454500 -0.630000
v -2.628448 -0.451601 0.630000
v -2.628448 -0.451601 -0.630000
v -2.677834 -0.443306 0.630000
v -2.677834 -0.443306 -0.630000
v -2.722219 -0.430219 0.630000
v -2.722219 -0.430219 -0.630000
v -2.761667 -0.412944 0.630000
v -2.761667 -0.412945 -0.630000
v -2.796240 -0.392087 0.630000
v -2.796240 -0.392087 -0.630000
v -2.826000 -0.368250 0.630000
v -2.826000 -0.368250 -0.630000
v -2.851011 -0.342038 0.630000
v -2.851011 -0.342038 -0.630000
v -2.871334 -0.314056 0.630000
v -2.871334 -0.314056 -0.630000
v -2.887032 -0.284906 0.630000
v -2.887032 -0.284906 -0.630000
v -2.898167 -0.255194 0.630000
v -2.898167 -0.255195 -0.630000
v -2.904802 -0.225524 0.630000
v -2.904802 -0.225524 -0.630000
v -2.907000 -0.196500 0.630000
v -2.907000 -0.196500 -0.630000
v -2.889588 -0.098049 0.630000
v -2.889588 -0.098049 -0.630000
v -2.841445 -0.012139 0.630000
v -2.841445 -0.012139 -0.630000
v -2.768720 0.064312 0.630000
v -2.768720 0.064312 -0.630000
v -2.677557 0.134389 0.630000
v -2.677557 0.134389 -0.630000
v -2.574101 0.201174 0.630000
v -2.574101 0.201174 -0.630000
v -2.464501 0.267750 0.630000
v -2.464501 0.267750 -0.630000
v -2.354900 0.337201 0.630000
v -2.354900 0.337201 -0.630000
v -2.251445 0.412611 0.630000
v -2.251445 0.412611 -0.630000
v -2.160282 0.497063 0.630000
v -2.160282 0.497062 -0.630000
v -2.087556 0.593639 0.630000
v -2.087556 0.593639 -0.630000
v -2.039413 0.705424 0.630000
v -2.039413 0.705424 -0.630000
v -2.022000 0.835500 0.630000
v -2.022000 0.835500 -0.630000
v -2.027057 0.916196 0.630000
v -2.027057 0.916196 -0.630000
v -2.041958 0.991569 0.630000
v -2.041958 0.991569 -0.630000
v -2.066297 1.061297 0.630000
v -2.066297 1.061297 -0.630000
v -2.099667 1.125056 0.630000
v -2.099667 1.125056 -0.630000
v -2.141661 1.182523 0.630000
v -2.141661 1.182523 -0.630000
v -2.191875 1.233375 0.630000
v -2.191875 1.233375 -0.630000
v -2.249901 1.277290 0.630000
v -2.249901 1.277290 -0.630000
v -2.315333 1.313944 0.630000
v -2.315333 1.313944 -0.630000
v -2.387766 1.343016 0.630000
v -2.387766 1.343016 -0.630000
v -2.466792 1.364181 0.630000
v -2.466792 1.364181 -0.630000
v -2.552005 1.377116 0.630000
v -2.552005 1.377116 -0.630000
v -2.643000 1.381500 0.630000
v -2.643000 1.381500 -0.630000
v -2.681993 1.380500 0.630000
v -2.681993 1.380500 -0.630000
v -2.720944 1.377500 0.630000
v -2.720944 1.377500 -0.630000
v -2.759812 1.372500 0.630000
v -2.759812 1.372500 -0.630000
v -2.798556 1.365500 0.630000
v -2.798556 1.365500 -0.630000
v -2.837132 1.356500 0.630000
v -2.837132 1.356500 -0.630000
v -2.875500 1.345500 0.630000
v -2.875500 1.345500 -0.630000
v -2.913618 1.332500 0.630000
v -2.913618 1.332500 -0.630000
v -2.951445 1.317500 0.630000
v -2.951445 1.317500 -0.630000
v -2.988938 1.300500 0.630000
v -2.988938 1.300500 -0.630000
v -3.026056 1.281500 0.630000
v -3.026056 1.281500 -0.630000
v -3.062757 1.260500 0.630000
v -3.062757 1.260500 -0.630000
v -3.099000 1.237500 0.630000
v -3.099000 1.237500 -0.630000
v -3.099000 0.904500 0.630000
v -3.099000 0.904500 -0.630000
v -3.447001 -1.381500 0.630000
v -3.447001 -1.381500 -0.630000
v -3.447001 0.655500 0.630000
v -3.447001 0.655500 -0.630000
v -3.909000 0.655500 0.630000
v -3.909000 0.655500 -0.630000
v -4.027288 0.650521 0.630000
v -4.027288 0.650521 -0.630000
v -4.136056 0.635667 0.630000
v -4.136056 0.635667 -0.630000
v -4.235157 0.611063 0.630000
v -4.235157 0.611063 -0.630000
v -4.324445 0.576833 0.630000
v -4.324445 0.576833 -0.630000
v -4.403774 0.533104 0.630000
v -4.403774 0.533104 -0.630000
v -4.473000 0.480000 0.630000
v -4.473000 0.480000 -0.630000
v -4.531976 0.417646 0.630000
v -4.531976 0.417646 -0.630000
v -4.580556 0.346167 0.630000
v -4.580556 0.346167 -0.630000
v -4.618594 0.265688 0.630000
v -4.618594 0.265687 -0.630000
v -4.645945 0.176333 0.630000
v -4.645945 0.176333 -0.630000
v -4.662462 0.078229 0.630000
v -4.662462 0.078229 -0.630000
v -4.668000 -0.028500 0.630000
v -4.668000 -0.028500 -0.630000
v -4.662162 -0.127154 0.630000
v -4.662162 -0.127154 -0.630000
v -4.645042 -0.220236 0.630000
v -4.645042 -0.220236 -0.630000
v -4.617235 -0.307172 0.630000
v -4.617235 -0.307172 -0.630000
v -4.579334 -0.387389 0.630000
v -4.579334 -0.387389 -0.630000
v -4.531933 -0.460314 0.630000
v -4.531933 -0.460314 -0.630000
v -4.475626 -0.525375 0.630000
v -4.475626 -0.525375 -0.630000
v -4.411006 -0.581998 0.630000
v -4.411006 -0.581998 -0.630000
v -4.338667 -0.629611 0.630000
v -4.338667 -0.629611 -0.630000
v -4.259204 -0.667641 0.630000
v -4.259204 -0.667641 -0.630000
v -4.173209 -0.695514 0.630000
v -4.173209 -0.695514 -0.630000
v -4.081277 -0.712658 0.630000
v -4.081277 -0.712658 -0.630000
v -3.984001 -0.718500 0.630000
v -3.984001 -0.718500 -0.630000
v -3.962360 -0.718122 0.630000
v -3.962360 -0.718122 -0.630000
v -3.940875 -0.716972 0.630000
v -3.940875 -0.716972 -0.630000
v -3.919453 -0.715031 0.630000
v -3.919453 -0.715031 -0.630000
v -3.898000 -0.712278 0.630000
v -3.898000 -0.712278 -0.630000
v -3.876422 -0.708691 0.630000
v -3.876422 -0.708691 -0.630000
v -3.854625 -0.704250 0.630000
v -3.854625 -0.704250 -0.630000
v -3.832516 -0.698934 0.630000
v -3.832516 -0.698934 -0.630000
v -3.810000 -0.692722 0.630000
v -3.810000 -0.692722 -0.630000
v -3.786985 -0.685594 0.630000
v -3.786985 -0.685594 -0.630000
v -3.763375 -0.677528 0.630000
v -3.763375 -0.677528 -0.630000
v -3.739079 -0.668504 0.630000
v -3.739079 -0.668504 -0.630000
v -3.714000 -0.658500 0.630000
v -3.714000 -0.658500 -0.630000
v -3.714000 -1.381500 0.630000
v -3.714000 -1.381500 -0.630000
v -3.734370 -0.427873 0.630000
v -3.734370 -0.427873 -0.630000
v -3.754959 -0.436486 0.630000
v -3.754959 -0.436486 -0.630000
v -3.775735 -0.444328 0.630000
v -3.775735 -0.444328 -0.630000
v -3.796667 -0.451389 0.630000
v -3.796667 -0.451389 -0.630000
v -3.817724 -0.457658 0.630000
v -3.817724 -0.457658 -0.630000
v -3.838876 -0.463125 0.630000
v -3.838876 -0.463125 -0.630000
v -3.860089 -0.467779 0.630000
v -3.860089 -0.467780 -0.630000
v -3.881334 -0.471611 0.630000
v -3.881334 -0.471611 -0.630000
v -3.902579 -0.474609 0.630000
v -3.902579 -0.474609 -0.630000
v -3.923792 -0.476764 0.630000
v -3.923792 -0.476764 -0.630000
v -3.944943 -0.478064 0.630000
v -3.944943 -0.478064 -0.630000
v -3.966001 -0.478500 0.630000
v -3.966001 -0.478500 -0.630000
v -4.026749 -0.474571 0.630000
v -4.026749 -0.474571 -0.630000
v -4.084237 -0.463069 0.630000
v -4.084237 -0.463069 -0.630000
v -4.138079 -0.444422 0.630000
v -4.138079 -0.444422 -0.630000
v -4.187890 -0.419056 0.630000
v -4.187890 -0.419056 -0.630000
v -4.233284 -0.387398 0.630000
v -4.233284 -0.387398 -0.630000
v -4.273876 -0.349875 0.630000
v -4.273876 -0.349875 -0.630000
v -4.309280 -0.306915 0.630000
v -4.309280 -0.306915 -0.630000
v -4.339112 -0.258944 0.630000
v -4.339112 -0.258944 -0.630000
v -4.362985 -0.206391 0.630000
v -4.362985 -0.206391 -0.630000
v -4.380514 -0.149681 0.630000
v -4.380514 -0.149681 -0.630000
v -4.391315 -0.089241 0.630000
v -4.391315 -0.089241 -0.630000
v -4.395000 -0.025500 0.630000
v -4.395000 -0.025500 -0.630000
v -4.391939 0.041787 0.630000
v -4.391939 0.041786 -0.630000
v -4.382764 0.104042 0.630000
v -4.382764 0.104042 -0.630000
v -4.367484 0.161109 0.630000
v -4.367484 0.161109 -0.630000
v -4.346111 0.212833 0.630000
v -4.346111 0.212833 -0.630000
v -4.318655 0.259057 0.630000
v -4.318655 0.259057 -0.630000
v -4.285125 0.299625 0.630000
v -4.285125 0.299625 -0.630000
v -4.245533 0.334380 0.630000
v -4.245533 0.334380 -0.630000
v -4.199889 0.363167 0.630000
v -4.199889 0.363167 -0.630000
v -4.148203 0.385828 0.630000
v -4.148203 0.385828 -0.630000
v -4.090487 0.402208 0.630000
v -4.090487 0.402208 -0.630000
v -4.026749 0.412151 0.630000
v -4.026749 0.412151 -0.630000
v -3.957000 0.415500 0.630000
v -3.957000 0.415500 -0.630000
v -3.714000 0.415500 0.630000
v -3.714000 0.415500 -0.630000
v -3.714000 -0.418500 0.630000
v -3.714000 -0.418500 -0.630000
v -5.979691 -0.632582 0.630001
v -5.979691 -0.632582 -0.629999
v -5.953015 -0.649403 0.630001
v -5.953015 -0.649403 -0.629999
v -5.928610 -0.664078 0.630001
v -5.928610 -0.664078 -0.629999
v -5.906112 -0.676722 0.630001
v -5.906112 -0.676722 -0.629999
v -5.885155 -0.687450 0.630001
v -5.885155 -0.687450 -0.629999
v -5.865376 -0.696375 0.630001
v -5.865376 -0.696375 -0.629999
v -5.846408 -0.703613 0.630001
v -5.846408 -0.703613 -0.629999
v -5.827889 -0.709278 0.630001
v -5.827889 -0.709278 -0.629999
v -5.809454 -0.713484 0.630001
v -5.809454 -0.713484 -0.629999
v -5.790737 -0.716347 0.630001
v -5.790737 -0.716347 -0.629999
v -5.771374 -0.717981 0.630001
v -5.771374 -0.717981 -0.629999
v -5.751000 -0.718500 0.630001
v -5.751000 -0.718500 -0.629999
v -5.722867 -0.717618 0.630001
v -5.722867 -0.717618 -0.629999
v -5.696931 -0.714944 0.630001
v -5.696931 -0.714944 -0.629999
v -5.673141 -0.710438 0.630001
v -5.673141 -0.710438 -0.629999
v -5.651445 -0.704056 0.630001
v -5.651445 -0.704056 -0.629999
v -5.631790 -0.695757 0.630001
v -5.631790 -0.695757 -0.629999
v -5.614125 -0.685500 0.630001
v -5.614125 -0.685500 -0.629999
v -5.598398 -0.673243 0.630001
v -5.598398 -0.673243 -0.629999
v -5.584556 -0.658944 0.630001
v -5.584556 -0.658944 -0.629999
v -5.572547 -0.642563 0.630001
v -5.572547 -0.642563 -0.629999
v -5.562320 -0.624056 0.630001
v -5.562320 -0.624056 -0.629999
v -5.553822 -0.603382 0.630001
v -5.553822 -0.603382 -0.629999
v -5.547000 -0.580500 0.630001
v -5.547000 -0.580500 -0.629999
v -5.517629 -0.602752 0.630001
v -5.517629 -0.602752 -0.629999
v -5.488028 -0.623014 0.630001
v -5.488028 -0.623014 -0.629999
v -5.458219 -0.641297 0.630000
v -5.458219 -0.641297 -0.630000
v -5.428223 -0.657611 0.630000
v -5.428223 -0.657611 -0.630000
v -5.398060 -0.671967 0.630000
v -5.398060 -0.671967 -0.630000
v -5.367751 -0.684375 0.630000
v -5.367751 -0.684375 -0.630000
v -5.337317 -0.694846 0.630000
v -5.337317 -0.694846 -0.630000
v -5.306778 -0.703389 0.630000
v -5.306778 -0.703389 -0.630000
v -5.276157 -0.710016 0.630000
v -5.276157 -0.710016 -0.630000
v -5.245473 -0.714736 0.630000
v -5.245473 -0.714736 -0.630000
v -5.214747 -0.717561 0.630000
v -5.214747 -0.717561 -0.630000
v -5.184000 -0.718500 0.630000
v -5.184000 -0.718500 -0.630000
v -5.135913 -0.715330 0.630000
v -5.135913 -0.715330 -0.630000
v -5.090806 -0.706139 0.630000
v -5.090806 -0.706139 -0.630000
v -5.048906 -0.691406 0.630000
v -5.048906 -0.691406 -0.630000
v -5.010445 -0.671611 0.630000
v -5.010445 -0.671611 -0.630000
v -4.975650 -0.647233 0.630000
v -4.975650 -0.647233 -0.630000
v -4.944750 -0.618750 0.630000
v -4.944750 -0.618750 -0.630000
v -4.917976 -0.586642 0.630000
v -4.917976 -0.586642 -0.630000
v -4.895556 -0.551389 0.630000
v -4.895556 -0.551389 -0.630000
v -4.877719 -0.513469 0.630000
v -4.877719 -0.513469 -0.630000
v -4.864695 -0.473361 0.630000
v -4.864695 -0.473361 -0.630000
v -4.856712 -0.431545 0.630000
v -4.856712 -0.431545 -0.630000
v -4.854001 -0.388500 0.630000
v -4.854001 -0.388500 -0.630000
v -4.858907 -0.325519 0.630000
v -4.858907 -0.325519 -0.630000
v -4.873001 -0.269653 0.630000
v -4.873001 -0.269653 -0.630000
v -4.895344 -0.220266 0.630000
v -4.895344 -0.220266 -0.630000
v -4.925001 -0.176722 0.630000
v -4.925001 -0.176722 -0.630000
v -4.961032 -0.138387 0.630000
v -4.961032 -0.138387 -0.630000
v -5.002501 -0.104625 0.630000
v -5.002501 -0.104625 -0.630000
v -5.048470 -0.074800 0.630000
v -5.048470 -0.074800 -0.630000
v -5.098001 -0.048278 0.630000
v -5.098001 -0.048278 -0.630000
v -5.150157 -0.024422 0.630000
v -5.150157 -0.024422 -0.630000
v -5.204000 -0.002597 0.630000
v -5.204000 -0.002597 -0.630000
v -5.258594 0.017832 0.630000
v -5.258594 0.017832 -0.630000
v -5.313001 0.037500 0.630000
v -5.313001 0.037500 -0.630000
v -5.550000 0.121500 0.630000
v -5.550000 0.121500 -0.630000
v -5.550000 0.193500 0.630000
v -5.550000 0.193500 -0.630000
v -5.548313 0.233455 0.630000
v -5.548313 0.233455 -0.630000
v -5.543250 0.269389 0.630000
v -5.543250 0.269389 -0.630000
v -5.534813 0.301406 0.630000
v -5.534813 0.301406 -0.630000
v -5.523000 0.329611 0.630000
v -5.523000 0.329611 -0.630000
v -5.507813 0.354108 0.630000
v -5.507813 0.354108 -0.630000
v -5.489251 0.375000 0.630000
v -5.489251 0.375000 -0.630000
v -5.467313 0.392392 0.630000
v -5.467313 0.392392 -0.630000
v -5.442000 0.406389 0.630000
v -5.442000 0.406389 -0.630000
v -5.413313 0.417094 0.630000
v -5.413313 0.417094 -0.630000
v -5.381250 0.424611 0.630000
v -5.381250 0.424611 -0.630000
v -5.345813 0.429045 0.630000
v -5.345813 0.429045 -0.630000
v -5.307001 0.430500 0.630000
v -5.307001 0.430500 -0.630000
v -5.270202 0.429054 0.630000
v -5.270202 0.429054 -0.630000
v -5.233361 0.424681 0.630000
v -5.233361 0.424681 -0.630000
v -5.196563 0.417328 0.630000
v -5.196563 0.417328 -0.630000
v -5.159889 0.406945 0.630000
v -5.159889 0.406944 -0.630000
v -5.123424 0.393477 0.630000
v -5.123424 0.393477 -0.630000
v -5.087250 0.376875 0.630000
v -5.087250 0.376875 -0.630000
v -5.051452 0.357085 0.630000
v -5.051452 0.357085 -0.630000
v -5.016111 0.334056 0.630000
v -5.016111 0.334056 -0.630000
v -4.981313 0.307734 0.630000
v -4.981313 0.307734 -0.630000
v -4.947139 0.278069 0.630000
v -4.947139 0.278069 -0.630000
v -4.913674 0.245009 0.630000
v -4.913674 0.245009 -0.630000
v -4.881001 0.208500 0.630000
v -4.881001 0.208500 -0.630000
v -4.881001 0.499500 0.630000
v -4.881001 0.499500 -0.630000
v -4.908130 0.528939 0.630000
v -4.908130 0.528939 -0.630000
v -4.937029 0.555764 0.630000
v -4.937029 0.555764 -0.630000
v -4.967720 0.579984 0.630000
v -4.967720 0.579984 -0.630000
v -5.000223 0.601611 0.630000
v -5.000223 0.601611 -0.630000
v -5.034560 0.620655 0.630000
v -5.034560 0.620655 -0.630000
v -5.070751 0.637125 0.630000
v -5.070751 0.637125 -0.630000
v -5.108817 0.651033 0.630000
v -5.108817 0.651033 -0.630000
v -5.148778 0.662389 0.630000
v -5.148778 0.662389 -0.630000
v -5.190657 0.671203 0.630000
v -5.190657 0.671203 -0.630000
v -5.234473 0.677486 0.630000
v -5.234473 0.677486 -0.630000
v -5.280247 0.681248 0.630000
v -5.280247 0.681248 -0.630000
v -5.328001 0.682500 0.630000
v -5.328001 0.682500 -0.630000
v -5.394970 0.679608 0.630000
v -5.394970 0.679608 -0.630000
v -5.459013 0.670861 0.630000
v -5.459013 0.670861 -0.630000
v -5.519578 0.656156 0.630000
v -5.519578 0.656156 -0.630000
v -5.576111 0.635389 0.630000
v -5.576111 0.635389 -0.630000
v -5.628060 0.608455 0.630000
v -5.628060 0.608455 -0.630000
v -5.674875 0.575250 0.630000
v -5.674875 0.575250 -0.630000
v -5.716002 0.535670 0.630000
v -5.716002 0.535670 -0.630000
v -5.750889 0.489611 0.630000
v -5.750889 0.489611 -0.630000
v -5.778985 0.436969 0.630000
v -5.778985 0.436969 -0.630000
v -5.799736 0.377639 0.630000
v -5.799736 0.377639 -0.630000
v -5.812593 0.311517 0.630000
v -5.812593 0.311517 -0.630000
v -5.817000 0.238500 0.630000
v -5.817000 0.238500 -0.630000
v -5.817000 -0.454500 0.630001
v -5.817000 -0.454500 -0.629999
v -5.817374 -0.466571 0.630001
v -5.817374 -0.466571 -0.629999
v -5.818487 -0.477319 0.630001
v -5.818487 -0.477319 -0.629999
v -5.820329 -0.486797 0.630001
v -5.820329 -0.486797 -0.629999
v -5.822889 -0.495056 0.630001
v -5.822889 -0.495056 -0.629999
v -5.826159 -0.502148 0.630001
v -5.826159 -0.502148 -0.629999
v -5.830126 -0.508125 0.630001
v -5.830126 -0.508125 -0.629999
v -5.834780 -0.513040 0.630001
v -5.834780 -0.513040 -0.629999
v -5.840112 -0.516944 0.630001
v -5.840112 -0.516944 -0.629999
v -5.846110 -0.519891 0.630001
v -5.846110 -0.519891 -0.629999
v -5.852764 -0.521931 0.630001
v -5.852764 -0.521931 -0.629999
v -5.860065 -0.523116 0.630001
v -5.860065 -0.523116 -0.629999
v -5.868000 -0.523500 0.630001
v -5.868000 -0.523500 -0.629999
v -5.875300 -0.522943 0.630001
v -5.875300 -0.522943 -0.629999
v -5.883653 -0.521292 0.630001
v -5.883653 -0.521292 -0.629999
v -5.892984 -0.518578 0.630001
v -5.892984 -0.518578 -0.629999
v -5.903222 -0.514833 0.630001
v -5.903222 -0.514833 -0.629999
v -5.914293 -0.510089 0.630001
v -5.914293 -0.510089 -0.629999
v -5.926125 -0.504375 0.630001
v -5.926125 -0.504375 -0.629999
v -5.938644 -0.497724 0.630001
v -5.938644 -0.497724 -0.629999
v -5.951778 -0.490167 0.630001
v -5.951778 -0.490167 -0.629999
v -5.965454 -0.481734 0.630001
v -5.965454 -0.481734 -0.629999
v -5.979598 -0.472458 0.630001
v -5.979598 -0.472458 -0.629999
v -5.994138 -0.462370 0.630001
v -5.994138 -0.462370 -0.629999
v -6.009001 -0.451500 0.630001
v -6.009001 -0.451500 -0.629999
v -6.009001 -0.613500 0.630001
v -6.009001 -0.613500 -0.629999
v -5.493723 -0.045047 0.630000
v -5.493723 -0.045047 -0.630000
v -5.439278 -0.064875 0.630000
v -5.439278 -0.064875 -0.630000
v -5.387250 -0.085266 0.630000
v -5.387250 -0.085266 -0.630000
v -5.338223 -0.106500 0.630000
v -5.338223 -0.106500 -0.630000
v -5.292778 -0.128859 0.630000
v -5.292778 -0.128859 -0.630000
v -5.251500 -0.152625 0.630000
v -5.251500 -0.152625 -0.630000
v -5.214972 -0.178078 0.630000
v -5.214972 -0.178078 -0.630000
v -5.183778 -0.205500 0.630000
v -5.183778 -0.205500 -0.630000
v -5.158500 -0.235172 0.630000
v -5.158500 -0.235172 -0.630000
v -5.139723 -0.267375 0.630000
v -5.139723 -0.267375 -0.630000
v -5.128028 -0.302391 0.630000
v -5.128028 -0.302391 -0.630000
v -5.124001 -0.340500 0.630000
v -5.124001 -0.340500 -0.630000
v -5.125658 -0.367536 0.630000
v -5.125658 -0.367537 -0.630000
v -5.130514 -0.393042 0.630000
v -5.130514 -0.393042 -0.630000
v -5.138391 -0.416859 0.630000
v -5.138391 -0.416859 -0.630000
v -5.149111 -0.438833 0.630000
v -5.149111 -0.438833 -0.630000
v -5.162498 -0.458807 0.630000
v -5.162498 -0.458807 -0.630000
v -5.178375 -0.476625 0.630000
v -5.178375 -0.476625 -0.630000
v -5.196565 -0.492130 0.630000
v -5.196565 -0.492130 -0.630000
v -5.216889 -0.505167 0.630000
v -5.216889 -0.505167 -0.630000
v -5.239172 -0.515578 0.630000
v -5.239172 -0.515578 -0.630000
v -5.263237 -0.523208 0.630000
v -5.263237 -0.523208 -0.630000
v -5.288905 -0.527901 0.630000
v -5.288905 -0.527901 -0.630000
v -5.316000 -0.529500 0.630000
v -5.316000 -0.529500 -0.630000
v -5.336876 -0.528634 0.630000
v -5.336876 -0.528634 -0.630000
v -5.357501 -0.526069 0.630000
v -5.357501 -0.526069 -0.630000
v -5.377876 -0.521859 0.630000
v -5.377876 -0.521859 -0.630000
v -5.398001 -0.516056 0.630000
v -5.398001 -0.516056 -0.630000
v -5.417876 -0.508710 0.630000
v -5.417876 -0.508710 -0.630000
v -5.437501 -0.499875 0.630000
v -5.437501 -0.499875 -0.630000
v -5.456876 -0.489602 0.630000
v -5.456876 -0.489603 -0.630000
v -5.476001 -0.477944 0.630000
v -5.476001 -0.477945 -0.630000
v -5.494876 -0.464953 0.630000
v -5.494876 -0.464953 -0.630000
v -5.513501 -0.450681 0.630000
v -5.513501 -0.450681 -0.630000
v -5.531876 -0.435179 0.630000
v -5.531876 -0.435179 -0.630000
v -5.550000 -0.418500 0.630000
v -5.550000 -0.418500 -0.630000
v -5.550000 -0.025500 0.630000
v -5.550000 -0.025500 -0.630000
v -7.198776 0.328524 0.630001
v -7.198776 0.328524 -0.629999
v -7.163445 0.349695 0.630001
v -7.163445 0.349694 -0.629999
v -7.129782 0.368156 0.630001
v -7.129782 0.368156 -0.629999
v -7.097556 0.384056 0.630001
v -7.097556 0.384056 -0.629999
v -7.066539 0.397538 0.630001
v -7.066539 0.397538 -0.629999
v -7.036501 0.408750 0.630001
v -7.036501 0.408750 -0.629999
v -7.007213 0.417837 0.630001
v -7.007213 0.417837 -0.629999
v -6.978446 0.424944 0.630001
v -6.978446 0.424944 -0.629999
v -6.949970 0.430219 0.630001
v -6.949970 0.430219 -0.629999
v -6.921556 0.433806 0.630001
v -6.921556 0.433806 -0.629999
v -6.892976 0.435851 0.630001
v -6.892976 0.435851 -0.629999
v -6.864000 0.436500 0.630001
v -6.864000 0.436500 -0.629999
v -6.804866 0.432741 0.630001
v -6.804866 0.432741 -0.629999
v -6.749180 0.421681 0.630001
v -6.749180 0.421681 -0.629999
v -6.697266 0.403641 0.630001
v -6.697266 0.403641 -0.629999
v -6.649445 0.378944 0.630001
v -6.649445 0.378944 -0.629999
v -6.606040 0.347915 0.630001
v -6.606040 0.347915 -0.629999
v -6.567374 0.310875 0.630001
v -6.567374 0.310875 -0.629999
v -6.533772 0.268148 0.630001
v -6.533772 0.268148 -0.629999
v -6.505555 0.220056 0.630001
v -6.505555 0.220056 -0.629999
v -6.483047 0.166922 0.630001
v -6.483047 0.166922 -0.629999
v -6.466569 0.109069 0.630001
v -6.466569 0.109069 -0.629999
v -6.456446 0.046821 0.630001
v -6.456446 0.046821 -0.629999
v -6.453000 -0.019500 0.630001
v -6.453000 -0.019500 -0.629999
v -6.456701 -0.086904 0.630001
v -6.456701 -0.086905 -0.629999
v -6.467611 -0.149486 0.630001
v -6.467611 -0.149486 -0.629999
v -6.485437 -0.207047 0.630001
v -6.485437 -0.207047 -0.629999
v -6.509889 -0.259389 0.630001
v -6.509889 -0.259389 -0.629999
v -6.540673 -0.306314 0.630001
v -6.540673 -0.306314 -0.629999
v -6.577499 -0.347625 0.630001
v -6.577499 -0.347625 -0.629999
v -6.620076 -0.383123 0.630001
v -6.620076 -0.383123 -0.629999
v -6.668110 -0.412611 0.630001
v -6.668110 -0.412611 -0.629999
v -6.721312 -0.435891 0.630001
v -6.721312 -0.435891 -0.629999
v -6.779388 -0.452764 0.630001
v -6.779388 -0.452764 -0.629999
v -6.842049 -0.463033 0.630001
v -6.842049 -0.463033 -0.629999
v -6.909000 -0.466500 0.630001
v -6.909000 -0.466500 -0.629999
v -6.937393 -0.465875 0.630001
v -6.937393 -0.465875 -0.629999
v -6.965652 -0.464000 0.630001
v -6.965652 -0.464000 -0.629999
v -6.993890 -0.460875 0.630001
v -6.993890 -0.460875 -0.629999
v -7.022222 -0.456500 0.630001
v -7.022222 -0.456500 -0.629999
v -7.050762 -0.450875 0.630001
v -7.050762 -0.450875 -0.629999
v -7.079625 -0.444000 0.630001
v -7.079625 -0.444000 -0.629999
v -7.108925 -0.435875 0.630001
v -7.108925 -0.435875 -0.629999
v -7.138778 -0.426500 0.630001
v -7.138778 -0.426500 -0.629999
v -7.169297 -0.415875 0.630001
v -7.169297 -0.415875 -0.629999
v -7.200598 -0.404000 0.630001
v -7.200598 -0.404000 -0.629999
v -7.232794 -0.390875 0.630001
v -7.232794 -0.390875 -0.629999
v -7.266001 -0.376500 0.630001
v -7.266001 -0.376500 -0.629999
v -7.266001 -0.640500 0.630001
v -7.266001 -0.640500 -0.629999
v -7.241877 -0.650858 0.630001
v -7.241877 -0.650858 -0.629999
v -7.214764 -0.660861 0.630001
v -7.214764 -0.660861 -0.629999
v -7.185047 -0.670406 0.630001
v -7.185047 -0.670406 -0.629999
v -7.153111 -0.679389 0.630001
v -7.153111 -0.679389 -0.629999
v -7.119342 -0.687705 0.630001
v -7.119342 -0.687705 -0.629999
v -7.084126 -0.695250 0.630001
v -7.084126 -0.695250 -0.629999
v -7.047846 -0.701920 0.630001
v -7.047846 -0.701920 -0.629999
v -7.010890 -0.707611 0.630001
v -7.010890 -0.707611 -0.629999
v -6.973641 -0.712219 0.630001
v -6.973641 -0.712219 -0.629999
v -6.936486 -0.715639 0.630001
v -6.936486 -0.715639 -0.629999
v -6.899811 -0.717767 0.630001
v -6.899811 -0.717767 -0.629999
v -6.864000 -0.718500 0.630001
v -6.864000 -0.718500 -0.629999
v -6.766095 -0.712781 0.630001
v -6.766095 -0.712781 -0.629999
v -6.673751 -0.696000 0.630001
v -6.673751 -0.696000 -0.629999
v -6.587532 -0.668719 0.630001
v -6.587532 -0.668719 -0.629999
v -6.508000 -0.631500 0.630001
v -6.508000 -0.631500 -0.629999
v -6.435719 -0.584906 0.630001
v -6.435719 -0.584906 -0.629999
v -6.371250 -0.529500 0.630001
v -6.371250 -0.529500 -0.629999
v -6.315156 -0.465844 0.630001
v -6.315156 -0.465844 -0.629999
v -6.268000 -0.394500 0.630001
v -6.268000 -0.394500 -0.629999
v -6.230344 -0.316031 0.630001
v -6.230344 -0.316031 -0.629999
v -6.202750 -0.231000 0.630001
v -6.202750 -0.231000 -0.629999
v -6.185781 -0.139969 0.630001
v -6.185781 -0.139969 -0.629999
v -6.180000 -0.043500 0.630001
v -6.180000 -0.043500 -0.629999
v -6.185311 0.064056 0.630001
v -6.185311 0.064055 -0.629999
v -6.200999 0.164444 0.630001
v -6.200999 0.164444 -0.629999
v -6.226686 0.257250 0.630001
v -6.226686 0.257250 -0.629999
v -6.262000 0.342056 0.630001
v -6.262000 0.342056 -0.629999
v -6.306562 0.418444 0.630001
v -6.306562 0.418444 -0.629999
v -6.360000 0.486000 0.630001
v -6.360000 0.486000 -0.629999
v -6.421937 0.544306 0.630001
v -6.421937 0.544306 -0.629999
v -6.492000 0.592945 0.630001
v -6.492000 0.592945 -0.629999
v -6.569813 0.631500 0.630001
v -6.569813 0.631500 -0.629999
v -6.655001 0.659556 0.630001
v -6.655001 0.659556 -0.629999
v -6.747188 0.676695 0.630001
v -6.747188 0.676695 -0.629999
v -6.846000 0.682500 0.630001
v -6.846000 0.682500 -0.629999
v -6.883980 0.681759 0.630001
v -6.883980 0.681759 -0.629999
v -6.920096 0.679570 0.630001
v -6.920096 0.679570 -0.629999
v -6.954608 0.675984 0.630001
v -6.954608 0.675984 -0.629999
v -6.987777 0.671056 0.630001
v -6.987777 0.671056 -0.629999
v -7.019862 0.664835 0.630001
v -7.019862 0.664835 -0.629999
v -7.051124 0.657375 0.630001
v -7.051124 0.657375 -0.629999
v -7.081823 0.648727 0.630001
v -7.081823 0.648727 -0.629999
v -7.112221 0.638945 0.630001
v -7.112221 0.638945 -0.629999
v -7.142577 0.628078 0.630001
v -7.142577 0.628078 -0.629999
v -7.173152 0.616181 0.630001
v -7.173152 0.616181 -0.629999
v -7.204206 0.603304 0.630001
v -7.204206 0.603304 -0.629999
v -7.236001 0.589500 0.630001
v -7.236001 0.589500 -0.629999
v -7.236001 0.304500 0.630001
v -7.236001 0.304500 -0.629999
v -8.644757 -0.585316 0.630001
v -8.644757 -0.585316 -0.629999
v -8.604806 -0.608778 0.630001
v -8.604806 -0.608778 -0.629999
v -8.564814 -0.629906 0.630001
v -8.564814 -0.629906 -0.629999
v -8.524445 -0.648722 0.630001
v -8.524445 -0.648722 -0.629999
v -8.483369 -0.665247 0.630001
v -8.483369 -0.665247 -0.629999
v -8.441251 -0.679500 0.630001
v -8.441251 -0.679500 -0.629999
v -8.397758 -0.691504 0.630001
v -8.397758 -0.691504 -0.629999
v -8.352556 -0.701278 0.630001
v -8.352556 -0.701278 -0.629999
v -8.305313 -0.708844 0.630001
v -8.305313 -0.708844 -0.629999
v -8.255695 -0.714222 0.630001
v -8.255695 -0.714222 -0.629999
v -8.203368 -0.717434 0.630001
v -8.203368 -0.717434 -0.629999
v -8.148001 -0.718500 0.630001
v -8.148001 -0.718500 -0.629999
v -8.046904 -0.711496 0.630001
v -8.046904 -0.711496 -0.629999
v -7.953722 -0.691222 0.630001
v -7.953722 -0.691222 -0.629999
v -7.868625 -0.658781 0.630001
v -7.868625 -0.658781 -0.629999
v -7.791778 -0.615278 0.630001
v -7.791778 -0.615278 -0.629999
v -7.723347 -0.561816 0.630001
v -7.723347 -0.561816 -0.629999
v -7.663500 -0.499500 0.630001
v -7.663500 -0.499500 -0.629999
v -7.612402 -0.429434 0.630001
v -7.612402 -0.429434 -0.629999
v -7.570222 -0.352722 0.630001
v -7.570222 -0.352722 -0.629999
v -7.537125 -0.270469 0.630001
v -7.537125 -0.270469 -0.629999
v -7.513277 -0.183778 0.630001
v -7.513277 -0.183778 -0.629999
v -7.498847 -0.093753 0.630001
v -7.498847 -0.093754 -0.629999
v -7.493999 -0.001500 0.630001
v -7.493999 -0.001500 -0.629999
v -7.499292 0.097667 0.630001
v -7.499292 0.097667 -0.629999
v -7.514833 0.190833 0.630001
v -7.514833 0.190833 -0.629999
v -7.540125 0.277500 0.630001
v -7.540125 0.277500 -0.629999
v -7.574667 0.357167 0.630001
v -7.574667 0.357167 -0.629999
v -7.617959 0.429333 0.630001
v -7.617959 0.429333 -0.629999
v -7.669500 0.493500 0.630001
v -7.669500 0.493500 -0.629999
v -7.728792 0.549167 0.630001
v -7.728792 0.549167 -0.629999
v -7.795334 0.595833 0.630001
v -7.795334 0.595833 -0.629999
v -7.868626 0.633000 0.630001
v -7.868626 0.633000 -0.629999
v -7.948167 0.660167 0.630001
v -7.948167 0.660167 -0.629999
v -8.033459 0.676833 0.630001
v -8.033459 0.676833 -0.629999
v -8.124000 0.682500 0.630001
v -8.124000 0.682500 -0.629999
v -8.210505 0.677431 0.630001
v -8.210505 0.677431 -0.629999
v -8.291292 0.662194 0.630001
v -8.291292 0.662194 -0.629999
v -8.366016 0.636750 0.630001
v -8.366016 0.636750 -0.629999
v -8.434334 0.601056 0.630001
v -8.434334 0.601056 -0.629999
v -8.495901 0.555070 0.630001
v -8.495901 0.555070 -0.629999
v -8.550375 0.498750 0.630001
v -8.550375 0.498750 -0.629999
v -8.597412 0.432056 0.630001
v -8.597412 0.432056 -0.629999
v -8.636667 0.354944 0.630001
v -8.636667 0.354944 -0.629999
v -8.667797 0.267375 0.630001
v -8.667797 0.267375 -0.629999
v -8.690458 0.169306 0.630001
v -8.690458 0.169306 -0.629999
v -8.704308 0.060694 0.630001
v -8.704308 0.060694 -0.629999
v -8.709001 -0.058500 0.630001
v -8.709001 -0.058500 -0.629999
v -7.761001 -0.058500 0.630001
v -7.761001 -0.058500 -0.629999
v -7.773810 -0.122557 0.630001
v -7.773810 -0.122557 -0.629999
v -7.791224 -0.181208 0.630001
v -7.791224 -0.181208 -0.629999
v -7.813220 -0.234422 0.630001
v -7.813220 -0.234422 -0.629999
v -7.839779 -0.282167 0.630001
v -7.839779 -0.282167 -0.629999
v -7.870879 -0.324411 0.630001
v -7.870879 -0.324412 -0.629999
v -7.906501 -0.361125 0.630001
v -7.906501 -0.361125 -0.629999
v -7.946622 -0.392276 0.630001
v -7.946622 -0.392276 -0.629999
v -7.991222 -0.417833 0.630001
v -7.991222 -0.417833 -0.629999
v -8.040281 -0.437766 0.630001
v -8.040281 -0.437766 -0.629999
v -8.093779 -0.452042 0.630001
v -8.093779 -0.452042 -0.629999
v -8.151691 -0.460630 0.630001
v -8.151691 -0.460630 -0.629999
v -8.214000 -0.463500 0.630001
v -8.214000 -0.463500 -0.629999
v -8.254318 -0.462260 0.630001
v -8.254318 -0.462261 -0.629999
v -8.294305 -0.458583 0.630001
v -8.294305 -0.458583 -0.629999
v -8.334000 -0.452531 0.630001
v -8.334000 -0.452531 -0.629999
v -8.373444 -0.444167 0.630001
v -8.373444 -0.444167 -0.629999
v -8.412680 -0.433552 0.630001
v -8.412680 -0.433552 -0.629999
v -8.451750 -0.420750 0.630001
v -8.451750 -0.420750 -0.629999
v -8.490694 -0.405823 0.630001
v -8.490694 -0.405823 -0.629999
v -8.529554 -0.388833 0.630001
v -8.529554 -0.388833 -0.629999
v -8.568375 -0.369844 0.630001
v -8.568375 -0.369844 -0.629999
v -8.607195 -0.348917 0.630001
v -8.607195 -0.348917 -0.629999
v -8.646055 -0.326115 0.630001
v -8.646055 -0.326115 -0.629999
v -8.684999 -0.301500 0.630001
v -8.684999 -0.301500 -0.629999
v -8.684999 -0.559500 0.630001
v -8.684999 -0.559500 -0.629999
v -8.440521 0.167906 0.630001
v -8.440521 0.167906 -0.629999
v -8.431667 0.214000 0.630001
v -8.431667 0.214000 -0.629999
v -8.418563 0.256594 0.630001
v -8.418563 0.256594 -0.629999
v -8.401334 0.295500 0.630001
v -8.401334 0.295500 -0.629999
v -8.380104 0.330531 0.630001
v -8.380104 0.330531 -0.629999
v -8.355000 0.361500 0.630001
v -8.355000 0.361500 -0.629999
v -8.326146 0.388219 0.630001
v -8.326146 0.388219 -0.629999
v -8.293667 0.410500 0.630001
v -8.293667 0.410500 -0.629999
v -8.257688 0.428156 0.630001
v -8.257688 0.428156 -0.629999
v -8.218333 0.441000 0.630001
v -8.218333 0.441000 -0.629999
v -8.175730 0.448844 0.630001
v -8.175730 0.448844 -0.629999
v -8.130000 0.451500 0.630001
v -8.130000 0.451500 -0.629999
v -8.080689 0.449016 0.630001
v -8.080689 0.449016 -0.629999
v -8.034777 0.441625 0.630001
v -8.034777 0.441625 -0.629999
v -7.992280 0.429422 0.630001
v -7.992280 0.429422 -0.629999
v -7.953222 0.412500 0.630001
v -7.953222 0.412500 -0.629999
v -7.917622 0.390953 0.630001
v -7.917622 0.390953 -0.629999
v -7.885500 0.364875 0.630001
v -7.885500 0.364875 -0.629999
v -7.856878 0.334359 0.630001
v -7.856878 0.334359 -0.629999
v -7.831778 0.299500 0.630001
v -7.831778 0.299500 -0.629999
v -7.810219 0.260391 0.630001
v -7.810219 0.260391 -0.629999
v -7.792222 0.217125 0.630001
v -7.792222 0.217125 -0.629999
v -7.777809 0.169797 0.630001
v -7.777809 0.169797 -0.629999
v -7.767000 0.118500 0.630001
v -7.767000 0.118500 -0.629999
v -8.445000 0.118500 0.630001
v -8.445000 0.118500 -0.629999
vn -0.0000 -0.0000 -1.0000
vn -0.0001 -0.0000 -1.0000
vn -0.0000 -0.0000 1.0000
vn -0.0001 -0.0000 1.0000
vn -0.2200 0.9755 -0.0000
vn -0.1053 0.9944 -0.0000
vn -0.3427 0.9395 -0.0000
vn -0.4688 0.8833 -0.0000
vn -0.5921 0.8058 -0.0000
vn -0.7056 0.7086 -0.0000
vn -0.8030 0.5960 -0.0000
vn -0.8804 0.4742 -0.0000
vn -0.9370 0.3494 -0.0000
vn -0.9739 0.2269 -0.0000
vn -0.9939 0.1102 -0.0000
vn -1.0000 -0.0019 -0.0000
vn -0.9930 -0.1184 -0.0000
vn -0.9698 -0.2437 -0.0000
vn -0.9930 -0.1183 -0.0000
vn -0.9273 -0.3743 -0.0000
vn -0.8631 -0.5050 -0.0000
vn -0.7775 -0.6289 -0.0000
vn -0.6734 -0.7393 -0.0000
vn -0.5568 -0.8307 -0.0000
vn -0.4348 -0.9005 -0.0000
vn -0.3142 -0.9494 -0.0000
vn -0.2000 -0.9798 -0.0000
vn -0.0952 -0.9955 -0.0000
vn -0.0227 -0.9997 -0.0000
vn -0.7071 -0.7071 -0.0000
vn 0.7071 -0.7071 -0.0000
vn 0.7071 0.7071 -0.0000
vn -0.0252 0.9997 -0.0000
vn 0.0946 0.9955 -0.0000
vn 0.0228 0.9997 -0.0000
vn 0.1970 0.9804 -0.0000
vn 0.3075 0.9515 -0.0000
vn 0.4241 0.9056 -0.0000
vn 0.3075 0.9516 -0.0000
vn 0.5431 0.8397 -0.0000
vn 0.6588 0.7523 -0.0000
vn 0.7645 0.6446 -0.0000
vn 0.8537 0.5208 -0.0000
vn 0.9218 0.3876 -0.0000
vn 0.9676 0.2525 -0.0000
vn 0.9925 0.1222 -0.0000
vn 1.0000 0.0063 -0.0000
vn 0.9954 -0.0956 -0.0000
vn 0.9801 -0.1986 -0.0000
vn 0.9505 -0.3106 -0.0000
vn 0.9028 -0.4300 -0.0000
vn 0.8333 -0.5528 -0.0000
vn 0.7405 -0.6721 -0.0000
vn 0.6264 -0.7795 -0.0000
vn 0.4975 -0.8674 -0.0000
vn 0.3629 -0.9318 -0.0000
vn 0.2314 -0.9729 -0.0000
vn 0.1098 -0.9940 -0.0000
vn 0.0260 -0.9997 -0.0000
vn -0.7071 0.7071 -0.0000
vn -0.6910 -0.7229 -0.0000
vn 0.3790 -0.9254 -0.0000
vn -0.6461 -0.7633 -0.0000
vn -0.5995 -0.8004 -0.0000
vn -0.5508 -0.8346 -0.0000
vn -0.4995 -0.8663 -0.0000
vn -0.4450 -0.8955 -0.0000
vn -0.3865 -0.9223 -0.0000
vn -0.3231 -0.9464 -0.0000
vn -0.2537 -0.9673 -0.0000
vn -0.3230 -0.9464 -0.0000
vn -0.1772 -0.9842 -0.0000
vn -0.0925 -0.9957 -0.0000
vn 0.0063 -1.0000 -0.0000
vn 0.1244 -0.9922 -0.0000
vn 0.2544 -0.9671 -0.0000
vn 0.3871 -0.9221 -0.0000
vn 0.5168 -0.8561 -0.0000
vn 0.6377 -0.7703 -0.0000
vn 0.7439 -0.6683 -0.0000
vn 0.8317 -0.5552 -0.0000
vn 0.8995 -0.4370 -0.0000
vn 0.9477 -0.3190 -0.0000
vn 0.9787 -0.2055 -0.0000
vn 0.9951 -0.0990 -0.0000
vn 0.9997 -0.0239 -0.0000
vn -0.9998 0.0213 -0.0000
vn -0.9960 0.0896 -0.0000
vn -0.9998 0.0212 -0.0000
vn -0.9818 0.1901 -0.0000
vn -0.9531 0.3027 -0.0000
vn -0.9052 0.4249 -0.0000
vn -0.8342 0.5514 -0.0000
vn -0.7388 0.6740 -0.0000
vn -0.6219 0.7831 -0.0000
vn -0.7387 0.6740 -0.0000
vn -0.4912 0.8711 -0.0000
vn -0.3564 0.9343 -0.0000
vn -0.2264 0.9740 -0.0000
vn -0.1073 0.9942 -0.0000
vn -0.0025 1.0000 -0.0000
vn 0.0916 0.9958 -0.0000
vn 0.1820 0.9833 -0.0000
vn 0.2697 0.9629 -0.0000
vn 0.3535 0.9354 -0.0000
vn 0.4323 0.9017 -0.0000
vn 0.5054 0.8629 -0.0000
vn 0.5723 0.8200 -0.0000
vn 0.6329 0.7742 -0.0000
vn 0.5723 0.8201 -0.0000
vn 0.6873 0.7263 -0.0000
vn 0.7358 0.6772 -0.0000
vn 0.7786 0.6275 -0.0000
vn 0.9482 0.3176 -0.0000
vn 0.4822 -0.8760 -0.0000
vn 0.5172 -0.8558 -0.0000
vn 0.4458 -0.8951 -0.0000
vn 0.4077 -0.9131 -0.0000
vn 0.3678 -0.9299 -0.0000
vn 0.3257 -0.9455 -0.0000
vn 0.2811 -0.9597 -0.0000
vn 0.2336 -0.9723 -0.0000
vn 0.1825 -0.9832 -0.0000
vn 0.1271 -0.9919 -0.0000
vn 0.0663 -0.9978 -0.0000
vn -0.0027 -1.0000 -0.0000
vn -0.0823 -0.9966 -0.0000
vn -0.1700 -0.9854 -0.0000
vn -0.2641 -0.9645 -0.0000
vn -0.3643 -0.9313 -0.0000
vn -0.4699 -0.8827 -0.0000
vn -0.5787 -0.8155 -0.0000
vn -0.6870 -0.7266 -0.0000
vn -0.7891 -0.6142 -0.0000
vn -0.8777 -0.4792 -0.0000
vn -0.7891 -0.6143 -0.0000
vn -0.9453 -0.3263 -0.0000
vn -0.8777 -0.4793 -0.0000
vn -0.9865 -0.1635 -0.0000
vn -0.9998 0.0217 -0.0000
vn -0.9718 0.2356 -0.0000
vn -0.9032 0.4292 -0.0000
vn -0.9719 0.2356 -0.0000
vn -0.8221 0.5693 -0.0000
vn -0.7473 0.6645 -0.0000
vn -0.6851 0.7285 -0.0000
vn -0.7472 0.6645 -0.0000
vn -0.6358 0.7719 -0.0000
vn -0.5974 0.8019 -0.0000
vn -0.5678 0.8232 -0.0000
vn -0.5449 0.8385 -0.0000
vn -0.5274 0.8496 -0.0000
vn -0.5139 0.8579 -0.0000
vn -0.5350 0.8449 -0.0000
vn -0.5728 0.8197 -0.0000
vn -0.5989 0.8008 -0.0000
vn -0.6320 0.7750 -0.0000
vn -0.6728 0.7399 -0.0000
vn -0.7213 0.6926 -0.0000
vn -0.7764 0.6303 -0.0000
vn -0.8348 0.5505 -0.0000
vn -0.8914 0.4532 -0.0000
vn -0.9398 0.3416 -0.0000
vn -0.9748 0.2232 -0.0000
vn -0.9942 0.1073 -0.0000
vn -1.0000 -0.0079 -0.0000
vn -0.9907 -0.1363 -0.0000
vn -0.9616 -0.2746 -0.0000
vn -0.9120 -0.4102 -0.0000
vn -0.8432 -0.5377 -0.0000
vn -0.7578 -0.6525 -0.0000
vn -0.6598 -0.7515 -0.0000
vn -0.5532 -0.8331 -0.0000
vn -0.6598 -0.7514 -0.0000
vn -0.4418 -0.8971 -0.0000
vn -0.3287 -0.9444 -0.0000
vn -0.2164 -0.9763 -0.0000
vn -0.1065 -0.9943 -0.0000
vn -0.0175 -0.9998 -0.0000
vn 0.0361 -0.9993 -0.0000
vn 0.0754 -0.9972 -0.0000
vn 0.1179 -0.9930 -0.0000
vn 0.1625 -0.9867 -0.0000
vn 0.2078 -0.9782 -0.0000
vn 0.1624 -0.9867 -0.0000
vn 0.2527 -0.9676 -0.0000
vn 0.2958 -0.9553 -0.0000
vn 0.3361 -0.9418 -0.0000
vn 0.3728 -0.9279 -0.0000
vn 0.4056 -0.9140 -0.0000
vn 0.4343 -0.9008 -0.0000
vn 0.8508 -0.5256 -0.0000
vn 0.4724 0.8814 -0.0000
vn -0.5388 0.8424 -0.0000
vn 0.4725 0.8814 -0.0000
vn -0.5082 0.8612 -0.0000
vn -0.4758 0.8796 -0.0000
vn -0.4410 0.8975 -0.0000
vn -0.4036 0.9149 -0.0000
vn -0.3630 0.9318 -0.0000
vn -0.3185 0.9479 -0.0000
vn -0.2692 0.9631 -0.0000
vn -0.2141 0.9768 -0.0000
vn -0.1518 0.9884 -0.0000
vn -0.0806 0.9968 -0.0000
vn 0.0245 0.9997 -0.0000
vn -0.0805 0.9968 -0.0000
vn 0.1289 0.9917 -0.0000
vn 0.2065 0.9784 -0.0000
vn 0.2900 0.9570 -0.0000
vn 0.3801 0.9249 -0.0000
vn 0.4771 0.8788 -0.0000
vn 0.5798 0.8148 -0.0000
vn 0.6850 0.7286 -0.0000
vn 0.7867 0.6173 -0.0000
vn 0.6850 0.7285 -0.0000
vn 0.8765 0.4814 -0.0000
vn 0.9453 0.3263 -0.0000
vn 0.9867 0.1623 -0.0000
vn 0.9955 -0.0949 -0.0000
vn 0.9868 0.1622 -0.0000
vn 0.8897 -0.4565 -0.0000
vn 0.7052 -0.7090 -0.0000
vn 0.5812 -0.8138 -0.0000
vn 0.5190 -0.8548 -0.0000
vn 0.5003 -0.8659 -0.0000
vn 0.5150 -0.8572 -0.0000
vn 0.5596 -0.8288 -0.0000
vn 0.6341 -0.7732 -0.0000
vn 0.7372 -0.6756 -0.0000
vn 0.8571 -0.5151 -0.0000
vn 0.9598 -0.2808 -0.0000
vn 0.9992 -0.0396 -0.0000
vn 0.9910 0.1338 -0.0000
vn 0.9618 0.2739 -0.0000
vn 0.9096 0.4154 -0.0000
vn 0.8348 0.5506 -0.0000
vn 0.7406 0.6720 -0.0000
vn 0.6329 0.7743 -0.0000
vn 0.5185 0.8551 -0.0000
vn 0.4034 0.9150 -0.0000
vn 0.5184 0.8551 -0.0000
vn 0.2921 0.9564 -0.0000
vn 0.1872 0.9823 -0.0000
vn 0.0901 0.9959 -0.0000
vn 0.0098 1.0000 -0.0000
vn -0.0475 0.9989 -0.0000
vn -0.0945 0.9955 -0.0000
vn -0.1405 0.9901 -0.0000
vn -0.0944 0.9955 -0.0000
vn -0.1852 0.9827 -0.0000
vn -0.2283 0.9736 -0.0000
vn -0.2694 0.9630 -0.0000
vn -0.3085 0.9512 -0.0000
vn -0.3453 0.9385 -0.0000
vn -0.3797 0.9251 -0.0000
vn -0.4119 0.9112 -0.0000
vn -0.4418 0.8971 -0.0000
vn -0.8532 0.5215 -0.0000
vn -0.4825 -0.8759 -0.0000
vn 0.7378 0.6750 -0.0000
vn 0.4195 0.9077 -0.0000
vn 0.4195 0.9078 -0.0000
vn 0.6874 0.7263 -0.0000
vn 0.6334 0.7738 -0.0000
vn 0.5760 0.8174 -0.0000
vn 0.5152 0.8571 -0.0000
vn 0.4510 0.8925 -0.0000
vn 0.3835 0.9235 -0.0000
vn 0.3127 0.9498 -0.0000
vn 0.2388 0.9711 -0.0000
vn 0.3128 0.9498 -0.0000
vn 0.1618 0.9868 -0.0000
vn 0.0820 0.9966 -0.0000
vn -0.0084 1.0000 -0.0000
vn -0.1200 0.9928 -0.0000
vn -0.2472 0.9690 -0.0000
vn -0.3793 0.9253 -0.0000
vn -0.5108 0.8597 -0.0000
vn -0.6347 0.7728 -0.0000
vn -0.7441 0.6680 -0.0000
vn -0.8342 0.5515 -0.0000
vn -0.7442 0.6680 -0.0000
vn -0.9027 0.4304 -0.0000
vn -0.9504 0.3110 -0.0000
vn -0.9802 0.1981 -0.0000
vn -0.9955 0.0945 -0.0000
vn -0.9997 0.0226 -0.0000
vn 0.9998 -0.0218 -0.0000
vn 0.9959 -0.0903 -0.0000
vn 0.9823 -0.1871 -0.0000
vn 0.9567 -0.2909 -0.0000
vn 0.9162 -0.4007 -0.0000
vn 0.9567 -0.2910 -0.0000
vn 0.8578 -0.5139 -0.0000
vn 0.7791 -0.6268 -0.0000
vn 0.6793 -0.7339 -0.0000
vn 0.5598 -0.8286 -0.0000
vn 0.4251 -0.9051 -0.0000
vn 0.2822 -0.9594 -0.0000
vn 0.1386 -0.9903 -0.0000
vn 0.0139 -0.9999 -0.0000
vn -0.0821 -0.9966 -0.0000
vn -0.1692 -0.9856 -0.0000
vn -0.2587 -0.9660 -0.0000
vn -0.3463 -0.9381 -0.0000
vn -0.4280 -0.9038 -0.0000
vn -0.5011 -0.8654 -0.0000
vn -0.5640 -0.8257 -0.0000
vn -0.6168 -0.7871 -0.0000
vn -0.6600 -0.7512 -0.0000
vn -0.6950 -0.7190 -0.0000
vn -0.7229 -0.6909 -0.0000
vn -0.9315 -0.3639 -0.0000
vn -0.9697 -0.2444 -0.0000
vn -0.9928 -0.1201 -0.0000
vn -0.9289 -0.3702 -0.0000
vn -0.8697 -0.4936 -0.0000
vn -0.7923 -0.6101 -0.0000
vn -0.6988 -0.7153 -0.0000
vn -0.5921 -0.8058 -0.0000
vn -0.4763 -0.8793 -0.0000
vn -0.3557 -0.9346 -0.0000
vn -0.2341 -0.9722 -0.0000
vn -0.1149 -0.9934 -0.0000
vn 0.0023 -1.0000 -0.0000
vn 0.1232 -0.9924 -0.0000
vn 0.2485 -0.9686 -0.0000
vn 0.3731 -0.9278 -0.0000
vn 0.4937 -0.8697 -0.0000
vn 0.6067 -0.7949 -0.0000
vn 0.7092 -0.7050 -0.0000
vn 0.7983 -0.6022 -0.0000
vn 0.8721 -0.4894 -0.0000
vn 0.9292 -0.3695 -0.0000
vn 0.9693 -0.2460 -0.0000
vn 0.9925 -0.1220 -0.0000
vn 1.0000 0.0032 -0.0000
vn 0.9911 0.1334 -0.0000
vn 0.9641 0.2654 -0.0000
vn 0.9198 0.3925 -0.0000
vn 0.8591 0.5118 -0.0000
vn 0.7838 0.6210 -0.0000
vn 0.6955 0.7185 -0.0000
vn 0.5960 0.8030 -0.0000
vn 0.4873 0.8733 -0.0000
vn 0.3710 0.9286 -0.0000
vn 0.2495 0.9684 -0.0000
vn 0.1250 0.9922 -0.0000
vn 0.0025 1.0000 -0.0000
vn -0.1158 0.9933 -0.0000
vn -0.2341 0.9722 -0.0000
vn -0.3530 0.9356 -0.0000
vn -0.4699 0.8827 -0.0000
vn -0.5819 0.8133 -0.0000
vn -0.6859 0.7277 -0.0000
vn -0.7788 0.6272 -0.0000
vn -0.8578 0.5140 -0.0000
vn -0.9204 0.3909 -0.0000
vn -0.9652 0.2616 -0.0000
vn -0.9915 0.1302 -0.0000
vn -1.0000 0.0027 -0.0000
vn -0.9755 0.2202 -0.0000
vn -0.9942 0.1075 -0.0000
vn -0.9416 0.3368 -0.0000
vn -0.8907 0.4546 -0.0000
vn -0.8217 0.5699 -0.0000
vn -0.7346 0.6786 -0.0000
vn -0.6308 0.7760 -0.0000
vn -0.5135 0.8581 -0.0000
vn -0.3870 0.9221 -0.0000
vn -0.2563 0.9666 -0.0000
vn -0.1262 0.9920 -0.0000
vn -0.0038 1.0000 -0.0000
vn 0.1123 0.9937 -0.0000
vn 0.2318 0.9728 -0.0000
vn 0.3568 0.9342 -0.0000
vn 0.4830 0.8756 -0.0000
vn 0.6045 0.7966 -0.0000
vn 0.7152 0.6989 -0.0000
vn 0.8098 0.5867 -0.0000
vn 0.8848 0.4659 -0.0000
vn 0.9395 0.3425 -0.0000
vn 0.9751 0.2217 -0.0000
vn 0.9942 0.1071 -0.0000
vn 0.9751 0.2216 -0.0000
vn 1.0000 -0.0050 -0.0000
vn 0.9922 -0.1250 -0.0000
vn 0.9678 -0.2517 -0.0000
vn 0.9260 -0.3774 -0.0000
vn 0.8669 -0.4985 -0.0000
vn 0.7912 -0.6116 -0.0000
vn 0.7006 -0.7136 -0.0000
vn 0.5975 -0.8019 -0.0000
vn 0.4847 -0.8747 -0.0000
vn 0.3655 -0.9308 -0.0000
vn 0.2431 -0.9700 -0.0000
vn 0.1204 -0.9927 -0.0000
vn -0.0017 -1.0000 -0.0000
vn -0.1271 -0.9919 -0.0000
vn -0.2556 -0.9668 -0.0000
vn -0.3822 -0.9241 -0.0000
vn -0.5035 -0.8640 -0.0000
vn -0.6161 -0.7877 -0.0000
vn -0.7171 -0.6970 -0.0000
vn -0.8043 -0.5943 -0.0000
vn -0.8760 -0.4823 -0.0000
vn -0.9314 -0.3640 -0.0000
vn -0.9702 -0.2424 -0.0000
vn -0.9927 -0.1203 -0.0000
vn -1.0000 -0.0035 -0.0000
vn 0.5982 -0.8014 -0.0000
vn 0.6451 -0.7641 -0.0000
vn 0.6452 -0.7641 -0.0000
vn 0.5472 -0.8370 -0.0000
vn 0.4924 -0.8703 -0.0000
vn 0.4344 -0.9007 -0.0000
vn 0.3738 -0.9275 -0.0000
vn 0.3113 -0.9503 -0.0000
vn 0.2478 -0.9688 -0.0000
vn 0.1842 -0.9829 -0.0000
vn 0.1212 -0.9926 -0.0000
vn 0.0598 -0.9982 -0.0000
vn -0.0072 -1.0000 -0.0000
vn -0.0900 -0.9959 -0.0000
vn -0.1842 -0.9829 -0.0000
vn -0.2828 -0.9592 -0.0000
vn -0.3856 -0.9227 -0.0000
vn -0.4915 -0.8709 -0.0000
vn -0.5986 -0.8011 -0.0000
vn -0.7033 -0.7109 -0.0000
vn -0.8007 -0.5990 -0.0000
vn -0.8845 -0.4665 -0.0000
vn -0.9482 -0.3175 -0.0000
vn -0.9872 -0.1593 -0.0000
vn -0.9985 0.0556 -0.0000
vn -0.9314 0.3641 -0.0000
vn -0.7737 0.6335 -0.0000
vn -0.6274 0.7787 -0.0000
vn -0.5367 0.8438 -0.0000
vn -0.5005 0.8657 -0.0000
vn -0.5106 0.8598 -0.0000
vn -0.5617 0.8274 -0.0000
vn -0.6501 0.7599 -0.0000
vn -0.7661 0.6427 -0.0000
vn -0.8854 0.4648 -0.0000
vn -0.9712 0.2381 -0.0000
vn -0.9997 0.0262 -0.0000
vn -0.9918 -0.1282 -0.0000
vn -0.9663 -0.2574 -0.0000
vn -0.9231 -0.3845 -0.0000
vn -0.8626 -0.5058 -0.0000
vn -0.7860 -0.6182 -0.0000
vn -0.6952 -0.7188 -0.0000
vn -0.5927 -0.8055 -0.0000
vn -0.4810 -0.8767 -0.0000
vn -0.3632 -0.9317 -0.0000
vn -0.2420 -0.9703 -0.0000
vn -0.1202 -0.9928 -0.0000
vn -0.0182 -0.9998 -0.0000
vn 0.0471 -0.9989 -0.0000
vn 0.0968 -0.9953 -0.0000
vn 0.1491 -0.9888 -0.0000
vn 0.2033 -0.9791 -0.0000
vn 0.2586 -0.9660 -0.0000
vn 0.3140 -0.9494 -0.0000
vn 0.3686 -0.9296 -0.0000
vn 0.4214 -0.9069 -0.0000
vn 0.4717 -0.8817 -0.0000
vn 0.5189 -0.8549 -0.0000
vn 0.5623 -0.8269 -0.0000
vn 0.8896 -0.4567 -0.0000
vn 0.3393 0.9407 -0.0000
vn -0.7500 0.6614 -0.0000
vn -0.7074 0.7068 -0.0000
vn -0.6596 0.7516 -0.0000
vn -0.6063 0.7953 -0.0000
vn -0.5473 0.8370 -0.0000
vn -0.4825 0.8759 -0.0000
vn -0.4122 0.9111 -0.0000
vn -0.3367 0.9416 -0.0000
vn -0.2566 0.9665 -0.0000
vn -0.1730 0.9849 -0.0000
vn -0.0870 0.9962 -0.0000
vn 0.0048 1.0000 -0.0000
vn 0.1096 0.9940 -0.0000
vn 0.2246 0.9744 -0.0000
vn 0.3426 0.9395 -0.0000
vn 0.4598 0.8880 -0.0000
vn 0.5721 0.8202 -0.0000
vn 0.6758 0.7371 -0.0000
vn 0.7680 0.6404 -0.0000
vn 0.8467 0.5321 -0.0000
vn 0.9105 0.4135 -0.0000
vn 0.9584 0.2853 -0.0000
vn 0.9891 0.1473 -0.0000
vn 0.9988 -0.0497 -0.0000
vn 0.9418 -0.3362 -0.0000
vn 0.8047 -0.5937 -0.0000
vn 0.6690 -0.7433 -0.0000
vn 0.5764 -0.8172 -0.0000
vn 0.5308 -0.8475 -0.0000
vn 0.5272 -0.8497 -0.0000
vn 0.5624 -0.8268 -0.0000
vn 0.6354 -0.7722 -0.0000
vn 0.7422 -0.6702 -0.0000
vn 0.8648 -0.5021 -0.0000
vn 0.9638 -0.2666 -0.0000
vn 0.9994 -0.0352 -0.0000
vn 0.9917 0.1285 -0.0000
vn 0.9650 0.2624 -0.0000
vn 0.9175 0.3977 -0.0000
vn 0.8490 0.5283 -0.0000
vn 0.7616 0.6481 -0.0000
vn 0.6592 0.7519 -0.0000
vn 0.5474 0.8369 -0.0000
vn 0.4315 0.9021 -0.0000
vn 0.3162 0.9487 -0.0000
vn 0.2047 0.9788 -0.0000
vn 0.0992 0.9951 -0.0000
vn 0.0112 0.9999 -0.0000
vn -0.0512 0.9987 -0.0000
vn -0.1022 0.9948 -0.0000
vn -0.1527 0.9883 -0.0000
vn -0.2026 0.9793 -0.0000
vn -0.2515 0.9679 -0.0000
vn -0.2993 0.9542 -0.0000
vn -0.3458 0.9383 -0.0000
vn -0.3909 0.9204 -0.0000
vn -0.4344 0.9007 -0.0000
vn -0.4763 0.8793 -0.0000
vn -0.5164 0.8564 -0.0000
vn -0.8763 0.4818 -0.0000
vn -0.4078 -0.9131 -0.0000
vn -0.0210 0.9998 -0.0000
vn -0.0888 0.9961 -0.0000
vn -0.1884 0.9821 -0.0000
vn -0.3000 0.9539 -0.0000
vn -0.4214 0.9069 -0.0000
vn -0.4213 0.9069 -0.0000
vn -0.6697 0.7426 -0.0000
vn -0.7793 0.6266 -0.0000
vn -0.8682 0.4962 -0.0000
vn -0.9326 0.3609 -0.0000
vn -0.9732 0.2298 -0.0000
vn -0.9940 0.1091 -0.0000
vn -1.0000 -0.0036 -0.0000
vn -0.9927 -0.1202 -0.0000
vn -0.9700 -0.2433 -0.0000
vn -0.9303 -0.3667 -0.0000
vn -0.8733 -0.4872 -0.0000
vn -0.7992 -0.6011 -0.0000
vn -0.7093 -0.7049 -0.0000
vn -0.6058 -0.7956 -0.0000
vn -0.4919 -0.8707 -0.0000
vn -0.3708 -0.9287 -0.0000
vn -0.2463 -0.9692 -0.0000
vn -0.1219 -0.9925 -0.0000
vn -0.0212 -0.9998 -0.0000
vn 0.0355 -0.9994 -0.0000
vn 0.0718 -0.9974 -0.0000
vn 0.1088 -0.9941 -0.0000
vn 0.1457 -0.9893 -0.0000
vn 0.1818 -0.9833 -0.0000
vn 0.2167 -0.9762 -0.0000
vn 0.2499 -0.9683 -0.0000
vn 0.2809 -0.9597 -0.0000
vn 0.3096 -0.9509 -0.0000
vn 0.3358 -0.9419 -0.0000
vn 0.3594 -0.9332 -0.0000
vn -0.5610 -0.8278 -0.0000
vn -0.3696 0.9292 -0.0000
vn -0.4020 0.9156 -0.0000
vn -0.3364 0.9417 -0.0000
vn -0.3025 0.9531 -0.0000
vn -0.2678 0.9635 -0.0000
vn -0.2323 0.9726 -0.0000
vn -0.1959 0.9806 -0.0000
vn -0.1586 0.9873 -0.0000
vn -0.1204 0.9927 -0.0000
vn -0.0812 0.9967 -0.0000
vn -0.0410 0.9992 -0.0000
vn 0.0219 0.9998 -0.0000
vn 0.1306 0.9914 -0.0000
vn 0.2623 0.9650 -0.0000
vn 0.1307 0.9914 -0.0000
vn 0.3915 0.9202 -0.0000
vn 0.5141 0.8577 -0.0000
vn 0.6269 0.7791 -0.0000
vn 0.7269 0.6867 -0.0000
vn 0.8122 0.5833 -0.0000
vn 0.8817 0.4718 -0.0000
vn 0.9348 0.3552 -0.0000
vn 0.9717 0.2361 -0.0000
vn 0.9931 0.1170 -0.0000
vn 1.0000 0.0061 -0.0000
vn 0.9954 -0.0957 -0.0000
vn 0.9793 -0.2026 -0.0000
vn 0.9954 -0.0958 -0.0000
vn 0.9471 -0.3209 -0.0000
vn 0.8943 -0.4475 -0.0000
vn 0.8177 -0.5756 -0.0000
vn 0.7175 -0.6965 -0.0000
vn 0.5984 -0.8012 -0.0000
vn 0.4688 -0.8833 -0.0000
vn 0.3381 -0.9411 -0.0000
vn 0.2140 -0.9768 -0.0000
vn 0.1012 -0.9949 -0.0000
vn 0.0240 -0.9997 -0.0000
vn -0.8420 0.5394 -0.0000
vn -0.5244 -0.8515 -0.0000
vn -0.5395 -0.8420 -0.0000
vn -0.5027 -0.8645 -0.0000
vn -0.4729 -0.8811 -0.0000
vn -0.4336 -0.9011 -0.0000
vn -0.3841 -0.9233 -0.0000
vn -0.3247 -0.9458 -0.0000
vn -0.2577 -0.9662 -0.0000
vn -0.1870 -0.9824 -0.0000
vn -0.1177 -0.9930 -0.0000
vn -0.1869 -0.9824 -0.0000
vn -0.0548 -0.9985 -0.0000
vn 0.0029 -1.0000 -0.0000
vn 0.0670 -0.9978 -0.0000
vn 0.1445 -0.9895 -0.0000
vn 0.2345 -0.9721 -0.0000
vn 0.4465 -0.8948 -0.0000
vn 0.5597 -0.8287 -0.0000
vn 0.4464 -0.8948 -0.0000
vn 0.6682 -0.7440 -0.0000
vn 0.7643 -0.6449 -0.0000
vn 0.8426 -0.5386 -0.0000
vn 0.9016 -0.4326 -0.0000
vn 0.8426 -0.5385 -0.0000
vn 0.9428 -0.3333 -0.0000
vn 0.9016 -0.4327 -0.0000
vn 0.3111 -0.9504 -0.0000
vn 0.9428 -0.3334 -0.0000
vn -0.5845 -0.8114 -0.0000
vn -0.5440 -0.8391 -0.0000
vn -0.5005 -0.8657 -0.0000
vn -0.4539 -0.8910 -0.0000
vn -0.5005 -0.8658 -0.0000
vn -0.4045 -0.9146 -0.0000
vn -0.3522 -0.9359 -0.0000
vn -0.2975 -0.9547 -0.0000
vn -0.2406 -0.9706 -0.0000
vn -0.1819 -0.9833 -0.0000
vn -0.0611 -0.9981 -0.0000
vn 0.0176 -0.9998 -0.0000
vn 0.1330 -0.9911 -0.0000
vn 0.2663 -0.9639 -0.0000
vn 0.3956 -0.9184 -0.0000
vn 0.5169 -0.8560 -0.0000
vn 0.6272 -0.7789 -0.0000
vn 0.7244 -0.6893 -0.0000
vn 0.8076 -0.5898 -0.0000
vn 0.8761 -0.4821 -0.0000
vn 0.9298 -0.3680 -0.0000
vn 0.9686 -0.2487 -0.0000
vn 0.9921 -0.1254 -0.0000
vn 1.0000 0.0074 -0.0000
vn 0.9868 0.1617 -0.0000
vn 0.9441 0.3297 -0.0000
vn 0.8721 0.4894 -0.0000
vn 0.7800 0.6258 -0.0000
vn 0.6815 0.7318 -0.0000
vn 0.5887 0.8084 -0.0000
vn 0.5086 0.8610 -0.0000
vn 0.4442 0.8959 -0.0000
vn 0.3959 0.9183 -0.0000
vn 0.3631 0.9318 -0.0000
vn 0.3452 0.9385 -0.0000
vn 0.3370 0.9415 -0.0000
vn 0.8167 0.5770 -0.0000
vn 0.9998 -0.0211 -0.0000
vn 0.9959 -0.0910 -0.0000
vn 0.9803 -0.1975 -0.0000
vn 0.9470 -0.3213 -0.0000
vn 0.8889 -0.4580 -0.0000
vn 0.8017 -0.5978 -0.0000
vn 0.8889 -0.4581 -0.0000
vn 0.6870 -0.7266 -0.0000
vn 0.5545 -0.8322 -0.0000
vn 0.6870 -0.7267 -0.0000
vn 0.4179 -0.9085 -0.0000
vn 0.2895 -0.9572 -0.0000
vn 0.1765 -0.9843 -0.0000
vn 0.0809 -0.9967 -0.0000
vn -0.0009 -1.0000 -0.0000
vn -0.0786 -0.9969 -0.0000
vn -0.1570 -0.9876 -0.0000
vn -0.2344 -0.9721 -0.0000
vn -0.3097 -0.9508 -0.0000
vn -0.3821 -0.9241 -0.0000
vn -0.4508 -0.8926 -0.0000
vn -0.5152 -0.8571 -0.0000
vn -0.5750 -0.8182 -0.0000
vn -0.6298 -0.7768 -0.0000
vn -0.6795 -0.7337 -0.0000
vn -0.6297 -0.7768 -0.0000
vn -0.7243 -0.6895 -0.0000
vn 0.3569 -0.9341 -0.0000
vn 0.9315 0.3638 -0.0000
vn 0.7084 0.7058 -0.0000
vn 0.6504 0.7596 -0.0000
vn 0.5872 0.8094 -0.0000
vn 0.5199 0.8542 -0.0000
vn 0.4500 0.8930 -0.0000
vn 0.3790 0.9254 -0.0000
vn 0.3085 0.9512 -0.0000
vn 0.2398 0.9708 -0.0000
vn 0.1740 0.9847 -0.0000
vn 0.1120 0.9937 -0.0000
vn 0.0541 0.9985 -0.0000
vn -0.0085 1.0000 -0.0000
vn -0.0893 0.9960 -0.0000
vn -0.1859 0.9826 -0.0000
vn -0.2909 0.9568 -0.0000
vn -0.4034 0.9150 -0.0000
vn -0.5207 0.8538 -0.0000
vn -0.6378 0.7702 -0.0000
vn -0.7476 0.6642 -0.0000
vn -0.8423 0.5390 -0.0000
vn -0.9158 0.4017 -0.0000
vn -0.9653 0.2612 -0.0000
vn -0.9921 0.1258 -0.0000
vn -0.9995 0.0301 -0.0000
vn -0.9999 0.0154 -0.0000
vn -0.9978 0.0670 -0.0000
vn -0.9999 0.0155 -0.0000
vn -0.9891 0.1471 -0.0000
vn -0.9698 0.2438 -0.0000
vn -0.9891 0.1470 -0.0000
vn -0.9337 0.3582 -0.0000
vn -0.8732 0.4873 -0.0000
vn -0.9337 0.3581 -0.0000
vn -0.7825 0.6226 -0.0000
vn -0.8733 0.4872 -0.0000
vn -0.6612 0.7502 -0.0000
vn -0.5179 0.8555 -0.0000
vn -0.6611 0.7503 -0.0000
vn -0.3681 0.9298 -0.0000
vn -0.5178 0.8555 -0.0000
vn -0.2272 0.9738 -0.0000
vn -0.3682 0.9298 -0.0000
vn -0.1045 0.9945 -0.0000
vn -0.2273 0.9738 -0.0000
vn 0.0139 0.9999 -0.0000
vn 0.1353 0.9908 -0.0000
vn 0.2368 0.9716 -0.0000
vn 0.1352 0.9908 -0.0000
vn 0.3116 0.9502 -0.0000
vn 0.3689 0.9295 -0.0000
vn 0.3115 0.9502 -0.0000
vn 0.4145 0.9101 -0.0000
vn 0.3688 0.9295 -0.0000
vn 0.4521 0.8920 -0.0000
vn 0.4840 0.8751 -0.0000
vn 0.5118 0.8591 -0.0000
vn 0.4840 0.8750 -0.0000
vn 0.5367 0.8438 -0.0000
vn 0.5119 0.8591 -0.0000
vn 0.5593 0.8290 -0.0000
vn 0.5802 0.8144 -0.0000
vn -0.4526 0.8917 -0.0000
vn -0.8791 -0.4767 -0.0000
vn -0.3536 -0.9354 -0.0000
vn -0.3352 -0.9422 -0.0000
vn -0.3812 -0.9245 -0.0000
vn -0.4196 -0.9077 -0.0000
vn -0.4705 -0.8824 -0.0000
vn -0.5358 -0.8443 -0.0000
vn -0.6169 -0.7870 -0.0000
vn -0.7126 -0.7016 -0.0000
vn -0.8158 -0.5784 -0.0000
vn -0.9110 -0.4124 -0.0000
vn -0.9772 -0.2122 -0.0000
vn -0.9998 -0.0220 -0.0000
vn -0.9922 0.1244 -0.0000
vn -0.9680 0.2510 -0.0000
vn -0.9262 0.3771 -0.0000
vn -0.9680 0.2511 -0.0000
vn -0.8667 0.4988 -0.0000
vn -0.7905 0.6125 -0.0000
vn -0.6993 0.7148 -0.0000
vn -0.5957 0.8032 -0.0000
vn -0.4827 0.8758 -0.0000
vn -0.3636 0.9316 -0.0000
vn -0.2415 0.9704 -0.0000
vn -0.3635 0.9316 -0.0000
vn -0.1196 0.9928 -0.0000
vn -0.0087 1.0000 -0.0000
vn 0.0825 0.9966 -0.0000
vn 0.1630 0.9866 -0.0000
vn 0.2399 0.9708 -0.0000
vn 0.3121 0.9501 -0.0000
vn 0.3788 0.9255 -0.0000
vn 0.4397 0.8981 -0.0000
vn 0.4947 0.8691 -0.0000
vn 0.5439 0.8391 -0.0000
vn 0.5878 0.8090 -0.0000
vn 0.6267 0.7793 -0.0000
vn 0.6611 0.7503 -0.0000
vn 0.6267 0.7792 -0.0000
vn 0.9157 0.4018 -0.0000
vn 0.5796 -0.8149 -0.0000
vn 0.4975 -0.8675 -0.0000
vn 0.5282 -0.8491 -0.0000
vn 0.4618 -0.8870 -0.0000
vn 0.4207 -0.9072 -0.0000
vn 0.3743 -0.9273 -0.0000
vn 0.3231 -0.9464 -0.0000
vn 0.2682 -0.9634 -0.0000
vn 0.2111 -0.9775 -0.0000
vn 0.1537 -0.9881 -0.0000
vn 0.0983 -0.9952 -0.0000
vn 0.0469 -0.9989 -0.0000
vn -0.0205 -0.9998 -0.0000
vn -0.1294 -0.9916 -0.0000
vn -0.2622 -0.9650 -0.0000
vn -0.3945 -0.9189 -0.0000
vn -0.5216 -0.8532 -0.0000
vn -0.6383 -0.7698 -0.0000
vn -0.7407 -0.6718 -0.0000
vn -0.8262 -0.5634 -0.0000
vn -0.8935 -0.4490 -0.0000
vn -0.9431 -0.3326 -0.0000
vn -0.9760 -0.2176 -0.0000
vn -0.9943 -0.1064 -0.0000
vn -1.0000 0.0015 -0.0000
vn -0.9935 0.1135 -0.0000
vn -0.9722 0.2343 -0.0000
vn -0.9328 0.3604 -0.0000
vn -0.8733 0.4871 -0.0000
vn -0.7935 0.6086 -0.0000
vn -0.6953 0.7187 -0.0000
vn -0.5833 0.8123 -0.0000
vn -0.4631 0.8863 -0.0000
vn -0.3407 0.9402 -0.0000
vn -0.2208 0.9753 -0.0000
vn -0.1069 0.9943 -0.0000
vn -0.0149 0.9999 -0.0000
vn 0.0441 0.9990 -0.0000
vn 0.0881 0.9961 -0.0000
vn 0.1313 0.9913 -0.0000
vn 0.1730 0.9849 -0.0000
vn 0.2126 0.9771 -0.0000
vn 0.2835 0.9590 -0.0000
vn 0.3142 0.9493 -0.0000
vn 0.3418 0.9398 -0.0000
vn 0.3661 0.9306 -0.0000
vn 0.3874 0.9219 -0.0000
vn -0.5490 0.8358 -0.0000
vn -0.8350 -0.5502 -0.0000
vn -0.5490 0.8359 -0.0000
vn -0.3705 -0.9288 -0.0000
vn -0.3261 -0.9453 -0.0000
vn -0.3705 -0.9289 -0.0000
vn -0.2883 -0.9575 -0.0000
vn -0.3261 -0.9454 -0.0000
vn -0.2550 -0.9669 -0.0000
vn -0.2243 -0.9745 -0.0000
vn -0.1952 -0.9808 -0.0000
vn -0.1665 -0.9860 -0.0000
vn -0.1375 -0.9905 -0.0000
vn -0.1072 -0.9942 -0.0000
vn -0.0748 -0.9972 -0.0000
vn -0.0392 -0.9992 -0.0000
vn 0.0189 -0.9998 -0.0000
vn 0.1188 -0.9929 -0.0000
vn 0.2407 -0.9706 -0.0000
vn 0.3635 -0.9316 -0.0000
vn 0.4839 -0.8751 -0.0000
vn 0.3636 -0.9316 -0.0000
vn 0.5982 -0.8013 -0.0000
vn 0.7027 -0.7115 -0.0000
vn 0.7941 -0.6077 -0.0000
vn 0.8699 -0.4932 -0.0000
vn 0.7942 -0.6077 -0.0000
vn 0.9284 -0.3715 -0.0000
vn 0.9691 -0.2465 -0.0000
vn 0.9926 -0.1218 -0.0000
vn 1.0000 -0.0053 -0.0000
vn 0.9948 0.1020 -0.0000
vn 0.9775 0.2109 -0.0000
vn 0.9453 0.3262 -0.0000
vn 0.8955 0.4451 -0.0000
vn 0.8261 0.5635 -0.0000
vn 0.7368 0.6761 -0.0000
vn 0.6296 0.7769 -0.0000
vn 0.5085 0.8611 -0.0000
vn 0.3794 0.9253 -0.0000
vn 0.2484 0.9687 -0.0000
vn 0.3793 0.9253 -0.0000
vn 0.1210 0.9927 -0.0000
vn 0.0196 0.9998 -0.0000
vn -0.0400 0.9992 -0.0000
vn -0.0819 0.9966 -0.0000
vn -0.1252 0.9921 -0.0000
vn -0.1687 0.9857 -0.0000
vn -0.2113 0.9774 -0.0000
vn -0.2517 0.9678 -0.0000
vn -0.2888 0.9574 -0.0000
vn -0.3217 0.9468 -0.0000
vn -0.3499 0.9368 -0.0000
vn -0.3729 0.9279 -0.0000
vn -0.3907 0.9205 -0.0000
vn -0.3728 0.9279 -0.0000
vn -0.8361 0.5485 -0.0000
vn -0.3906 0.9205 -0.0000
vn -0.4784 -0.8782 -0.0000
vn -0.4784 -0.8781 -0.0000
vn -0.4869 -0.8735 -0.0000
vn -0.5233 -0.8522 -0.0000
vn -0.4449 -0.8956 -0.0000
vn -0.3980 -0.9174 -0.0000
vn -0.3470 -0.9379 -0.0000
vn -0.2934 -0.9560 -0.0000
vn -0.2388 -0.9711 -0.0000
vn -0.1848 -0.9828 -0.0000
vn -0.1330 -0.9911 -0.0000
vn -0.0845 -0.9964 -0.0000
vn -0.0403 -0.9992 -0.0000
vn 0.0250 -0.9997 -0.0000
vn 0.1412 -0.9900 -0.0000
vn 0.2852 -0.9585 -0.0000
vn 0.4256 -0.9049 -0.0000
vn 0.5557 -0.8314 -0.0000
vn 0.6701 -0.7422 -0.0000
vn 0.7664 -0.6424 -0.0000
vn 0.8438 -0.5366 -0.0000
vn 0.9036 -0.4283 -0.0000
vn 0.9475 -0.3198 -0.0000
vn 0.9773 -0.2121 -0.0000
vn 0.9944 -0.1055 -0.0000
vn 1.0000 0.0004 -0.0000
vn 0.9940 0.1091 -0.0000
vn 0.9749 0.2227 -0.0000
vn 0.9406 0.3396 -0.0000
vn 0.8894 0.4571 -0.0000
vn 0.8205 0.5717 -0.0000
vn 0.7339 0.6793 -0.0000
vn 0.6309 0.7759 -0.0000
vn 0.5145 0.8575 -0.0000
vn 0.6309 0.7758 -0.0000
vn 0.3887 0.9214 -0.0000
vn 0.2581 0.9661 -0.0000
vn 0.1274 0.9919 -0.0000
vn 0.0020 1.0000 -0.0000
vn -0.1222 0.9925 -0.0000
vn -0.2545 0.9671 -0.0000
vn -0.3939 0.9192 -0.0000
vn -0.5325 0.8465 -0.0000
vn -0.6607 0.7506 -0.0000
vn -0.7703 0.6377 -0.0000
vn -0.8564 0.5163 -0.0000
vn -0.9186 0.3951 -0.0000
vn -0.9599 0.2805 -0.0000
vn -0.9844 0.1760 -0.0000
vn -0.9966 0.0830 -0.0000
vn -0.7209 -0.6931 -0.0000
vn -0.7733 -0.6340 -0.0000
vn -0.9706 0.2406 -0.0000
vn -0.9427 0.3337 -0.0000
vn -0.9005 0.4348 -0.0000
vn -0.9427 0.3338 -0.0000
vn -0.8413 0.5406 -0.0000
vn -0.7633 0.6461 -0.0000
vn -0.6671 0.7449 -0.0000
vn -0.5566 0.8308 -0.0000
vn -0.4378 0.8991 -0.0000
vn -0.3177 0.9482 -0.0000
vn -0.0965 0.9953 -0.0000
vn -0.0076 1.0000 -0.0000
vn 0.0612 0.9981 -0.0000
vn 0.1212 0.9926 -0.0000
vn 0.1792 0.9838 -0.0000
vn 0.2344 0.9721 -0.0000
vn 0.2864 0.9581 -0.0000
vn 0.3347 0.9423 -0.0000
vn 0.4201 0.9075 -0.0000
vn 0.4571 0.8894 -0.0000
vn 0.4904 0.8715 -0.0000
vn 0.5202 0.8540 -0.0000
vn -0.8775 -0.4796 -0.0000
vn 0.9703 -0.2417 -0.0000
vn 0.9902 -0.1396 -0.0000
vn 0.9367 -0.3501 -0.0000
vn 0.9704 -0.2417 -0.0000
vn 0.8866 -0.4625 -0.0000
vn 0.8179 -0.5753 -0.0000
vn 0.8866 -0.4626 -0.0000
vn 0.7300 -0.6835 -0.0000
vn 0.6242 -0.7812 -0.0000
vn 0.5045 -0.8634 -0.0000
vn 0.3763 -0.9265 -0.0000
vn 0.5044 -0.8634 -0.0000
vn 0.2462 -0.9692 -0.0000
vn 0.1198 -0.9928 -0.0000
vn 0.0038 -1.0000 -0.0000
vn -0.1048 -0.9945 -0.0000
vn -0.2179 -0.9760 -0.0000
vn -0.3375 -0.9413 -0.0000
vn -0.4587 -0.8886 -0.0000
vn -0.5754 -0.8179 -0.0000
vn -0.6814 -0.7319 -0.0000
vn -0.7721 -0.6355 -0.0000
vn -0.8452 -0.5345 -0.0000
vn -0.7721 -0.6356 -0.0000
vn -0.9009 -0.4341 -0.0000
vn -0.9411 -0.3381 -0.0000
vn -0.9685 -0.2490 -0.0000
vn -0.7766 0.6300 -0.0000
vn 0.7383 0.6744 -0.0000
vt 0.346939 0.000000
vt 0.367347 0.000000
vt 0.357143 0.000000
vt 0.377551 0.000000
vt 0.336735 0.000000
vt 0.387755 0.000000
vt 0.326531 0.000000
vt 0.397959 0.000000
vt 0.316327 0.000000
vt 0.408163 0.000000
vt 0.306122 0.000000
vt 0.418367 0.000000
vt 0.295918 0.000000
vt 0.428571 0.000000
vt 0.285714 0.000000
vt 0.867347 0.000000
vt 0.877551 0.000000
vt 0.857143 0.000000
vt 0.887755 0.000000
vt 0.846939 0.000000
vt 0.897959 0.000000
vt 0.836735 0.000000
vt 0.438776 0.000000
vt 0.908163 0.000000
vt 0.275510 0.000000
vt 0.826531 0.000000
vt 0.918367 0.000000
vt 0.816327 0.000000
vt 0.928571 0.000000
vt 0.806122 0.000000
vt 0.938776 0.000000
vt 0.795918 0.000000
vt 0.265306 0.000000
vt 0.448980 0.000000
vt 0.948980 0.000000
vt 0.785714 0.000000
vt 0.959184 0.000000
vt 0.775510 0.000000
vt 0.255102 0.000000
vt 0.459184 0.000000
vt 0.969388 0.000000
vt 0.765306 0.000000
vt 0.979592 0.000000
vt 0.755102 0.000000
vt 0.244898 0.000000
vt 0.989796 0.000000
vt 0.469388 0.000000
vt 1.000000 0.000000
vt 0.234694 0.000000
vt 0.479592 0.000000
vt 0.224490 0.000000
vt 0.489796 0.000000
vt 0.500000 0.000000
vt 0.214286 0.000000
vt 0.510204 0.000000
vt 0.520408 0.000000
vt 0.204082 0.000000
vt 0.530612 0.000000
vt 0.193878 0.000000
vt 0.540816 0.000000
vt 0.724490 0.000000
vt 0.744898 0.000000
vt 0.734694 0.000000
vt 0.551020 0.000000
vt 0.714286 0.000000
vt 0.704082 0.000000
vt 0.183673 0.000000
vt 0.561224 0.000000
vt 0.693878 0.000000
vt 0.683673 0.000000
vt 0.571429 0.000000
vt 0.673469 0.000000
vt 0.581633 0.000000
vt 0.663265 0.000000
vt 0.173469 0.000000
vt 0.653061 0.000000
vt 0.591837 0.000000
vt 0.642857 0.000000
vt 0.602041 0.000000
vt 0.632653 0.000000
vt 0.622449 0.000000
vt 0.612245 0.000000
vt 0.163265 0.000000
vt 0.000000 0.000000
vt 0.153061 0.000000
vt 0.010204 0.000000
vt 0.020408 0.000000
vt 0.142857 0.000000
vt 0.030612 0.000000
vt 0.040816 0.000000
vt 0.132653 0.000000
vt 0.051020 0.000000
vt 0.061224 0.000000
vt 0.122449 0.000000
vt 0.071429 0.000000
vt 0.081633 0.000000
vt 0.091837 0.000000
vt 0.112245 0.000000
vt 0.102041 0.000000
vt 0.855670 0.000000
vt 0.876289 0.000000
vt 0.865979 0.000000
vt 0.886598 0.000000
vt 0.896907 0.000000
vt 0.845361 0.000000
vt 0.907216 0.000000
vt 0.917526 0.000000
vt 0.927835 0.000000
vt 0.835052 0.000000
vt 0.938144 0.000000
vt 0.948454 0.000000
vt 0.958763 0.000000
vt 0.824742 0.000000
vt 0.969072 0.000000
vt 0.979381 0.000000
vt 0.989691 0.000000
vt 0.814433 0.000000
vt 0.072165 0.000000
vt 0.061856 0.000000
vt 0.051546 0.000000
vt 0.041237 0.000000
vt 0.030928 0.000000
vt 0.020619 0.000000
vt 0.010309 0.000000
vt 0.804124 0.000000
vt 0.092784 0.000000
vt 0.082474 0.000000
vt 0.793814 0.000000
vt 0.113402 0.000000
vt 0.103093 0.000000
vt 0.123711 0.000000
vt 0.134021 0.000000
vt 0.144330 0.000000
vt 0.783505 0.000000
vt 0.154639 0.000000
vt 0.164948 0.000000
vt 0.175258 0.000000
vt 0.773196 0.000000
vt 0.185567 0.000000
vt 0.195876 0.000000
vt 0.762887 0.000000
vt 0.206186 0.000000
vt 0.216495 0.000000
vt 0.752577 0.000000
vt 0.226804 0.000000
vt 0.742268 0.000000
vt 0.237113 0.000000
vt 0.247423 0.000000
vt 0.731959 0.000000
vt 0.257732 0.000000
vt 0.721649 0.000000
vt 0.268041 0.000000
vt 0.278351 0.000000
vt 0.711340 0.000000
vt 0.288660 0.000000
vt 0.298969 0.000000
vt 0.701031 0.000000
vt 0.309278 0.000000
vt 0.474227 0.000000
vt 0.494845 0.000000
vt 0.484536 0.000000
vt 0.319588 0.000000
vt 0.463918 0.000000
vt 0.690722 0.000000
vt 0.453608 0.000000
vt 0.329897 0.000000
vt 0.443299 0.000000
vt 0.432990 0.000000
vt 0.422680 0.000000
vt 0.340206 0.000000
vt 0.412371 0.000000
vt 0.402062 0.000000
vt 0.350515 0.000000
vt 0.391753 0.000000
vt 0.381443 0.000000
vt 0.360825 0.000000
vt 0.371134 0.000000
vt 0.680412 0.000000
vt 0.670103 0.000000
vt 0.659794 0.000000
vt 0.649485 0.000000
vt 0.505155 0.000000
vt 0.515464 0.000000
vt 0.525773 0.000000
vt 0.639175 0.000000
vt 0.536082 0.000000
vt 0.546392 0.000000
vt 0.556701 0.000000
vt 0.567010 0.000000
vt 0.628866 0.000000
vt 0.577320 0.000000
vt 0.587629 0.000000
vt 0.597938 0.000000
vt 0.618557 0.000000
vt 0.608247 0.000000
vt 0.560694 0.000000
vt 0.572254 0.000000
vt 0.566474 0.000000
vt 0.554913 0.000000
vt 0.578035 0.000000
vt 0.549133 0.000000
vt 0.543353 0.000000
vt 0.583815 0.000000
vt 0.537572 0.000000
vt 0.589595 0.000000
vt 0.531792 0.000000
vt 0.526012 0.000000
vt 0.595376 0.000000
vt 0.520231 0.000000
vt 0.601156 0.000000
vt 0.514451 0.000000
vt 0.508671 0.000000
vt 0.606936 0.000000
vt 0.502890 0.000000
vt 0.612717 0.000000
vt 0.497110 0.000000
vt 0.491329 0.000000
vt 0.485549 0.000000
vt 0.479769 0.000000
vt 0.473988 0.000000
vt 0.468208 0.000000
vt 0.462428 0.000000
vt 0.456647 0.000000
vt 0.450867 0.000000
vt 0.445087 0.000000
vt 0.439306 0.000000
vt 0.433526 0.000000
vt 0.427746 0.000000
vt 0.421965 0.000000
vt 0.618497 0.000000
vt 0.416185 0.000000
vt 0.624277 0.000000
vt 0.410405 0.000000
vt 0.404624 0.000000
vt 0.398844 0.000000
vt 0.393064 0.000000
vt 0.387283 0.000000
vt 0.630058 0.000000
vt 0.381503 0.000000
vt 0.375723 0.000000
vt 0.369942 0.000000
vt 0.635838 0.000000
vt 0.364162 0.000000
vt 0.358382 0.000000
vt 0.641618 0.000000
vt 0.352601 0.000000
vt 0.346821 0.000000
vt 0.341040 0.000000
vt 0.335260 0.000000
vt 0.329480 0.000000
vt 0.323699 0.000000
vt 0.317919 0.000000
vt 0.791907 0.000000
vt 0.994220 0.000000
vt 0.797688 0.000000
vt 0.312139 0.000000
vt 0.803468 0.000000
vt 0.306358 0.000000
vt 0.809249 0.000000
vt 0.300578 0.000000
vt 0.815029 0.000000
vt 0.820809 0.000000
vt 0.294798 0.000000
vt 0.826590 0.000000
vt 0.289017 0.000000
vt 0.832370 0.000000
vt 0.838150 0.000000
vt 0.283237 0.000000
vt 0.843931 0.000000
vt 0.849711 0.000000
vt 0.277457 0.000000
vt 0.855491 0.000000
vt 0.271676 0.000000
vt 0.861272 0.000000
vt 0.867052 0.000000
vt 0.265896 0.000000
vt 0.872832 0.000000
vt 0.878613 0.000000
vt 0.988439 0.000000
vt 0.260116 0.000000
vt 0.982659 0.000000
vt 0.884393 0.000000
vt 0.976879 0.000000
vt 0.774566 0.000000
vt 0.786127 0.000000
vt 0.780347 0.000000
vt 0.647399 0.000000
vt 0.890173 0.000000
vt 0.768786 0.000000
vt 0.971098 0.000000
vt 0.653179 0.000000
vt 0.763006 0.000000
vt 0.254335 0.000000
vt 0.895954 0.000000
vt 0.658960 0.000000
vt 0.965318 0.000000
vt 0.757225 0.000000
vt 0.664740 0.000000
vt 0.959538 0.000000
vt 0.751445 0.000000
vt 0.901734 0.000000
vt 0.670520 0.000000
vt 0.745665 0.000000
vt 0.953757 0.000000
vt 0.676301 0.000000
vt 0.739884 0.000000
vt 0.907514 0.000000
vt 0.682081 0.000000
vt 0.947977 0.000000
vt 0.734104 0.000000
vt 0.687861 0.000000
vt 0.248555 0.000000
vt 0.728324 0.000000
vt 0.913295 0.000000
vt 0.942197 0.000000
vt 0.693642 0.000000
vt 0.722543 0.000000
vt 0.699422 0.000000
vt 0.716763 0.000000
vt 0.936416 0.000000
vt 0.705202 0.000000
vt 0.710983 0.000000
vt 0.919075 0.000000
vt 0.930636 0.000000
vt 0.924855 0.000000
vt 0.132948 0.000000
vt 0.242775 0.000000
vt 0.138728 0.000000
vt 0.127168 0.000000
vt 0.236994 0.000000
vt 0.144509 0.000000
vt 0.121387 0.000000
vt 0.231214 0.000000
vt 0.150289 0.000000
vt 0.115607 0.000000
vt 0.005780 0.000000
vt 0.156069 0.000000
vt 0.109827 0.000000
vt 0.225434 0.000000
vt 0.011561 0.000000
vt 0.161850 0.000000
vt 0.104046 0.000000
vt 0.017341 0.000000
vt 0.219653 0.000000
vt 0.167630 0.000000
vt 0.098266 0.000000
vt 0.023121 0.000000
vt 0.173410 0.000000
vt 0.092486 0.000000
vt 0.028902 0.000000
vt 0.213873 0.000000
vt 0.179191 0.000000
vt 0.086705 0.000000
vt 0.034682 0.000000
vt 0.184971 0.000000
vt 0.040462 0.000000
vt 0.080925 0.000000
vt 0.208092 0.000000
vt 0.046243 0.000000
vt 0.190751 0.000000
vt 0.075145 0.000000
vt 0.052023 0.000000
vt 0.196532 0.000000
vt 0.069364 0.000000
vt 0.202312 0.000000
vt 0.057803 0.000000
vt 0.063584 0.000000
vt 0.987013 0.000000
vt 0.012987 0.000000
vt 0.025974 0.000000
vt 0.038961 0.000000
vt 0.051948 0.000000
vt 0.064935 0.000000
vt 0.077922 0.000000
vt 0.090909 0.000000
vt 0.103896 0.000000
vt 0.116883 0.000000
vt 0.974026 0.000000
vt 0.961039 0.000000
vt 0.129870 0.000000
vt 0.948052 0.000000
vt 0.935065 0.000000
vt 0.922078 0.000000
vt 0.909091 0.000000
vt 0.896104 0.000000
vt 0.883117 0.000000
vt 0.155844 0.000000
vt 0.870130 0.000000
vt 0.168831 0.000000
vt 0.844156 0.000000
vt 0.831169 0.000000
vt 0.181818 0.000000
vt 0.818182 0.000000
vt 0.805195 0.000000
vt 0.194805 0.000000
vt 0.792208 0.000000
vt 0.207792 0.000000
vt 0.779221 0.000000
vt 0.766234 0.000000
vt 0.220779 0.000000
vt 0.753247 0.000000
vt 0.740260 0.000000
vt 0.233766 0.000000
vt 0.727273 0.000000
vt 0.246753 0.000000
vt 0.519481 0.000000
vt 0.701299 0.000000
vt 0.532468 0.000000
vt 0.545455 0.000000
vt 0.493506 0.000000
vt 0.558442 0.000000
vt 0.688312 0.000000
vt 0.584416 0.000000
vt 0.259740 0.000000
vt 0.675325 0.000000
vt 0.597403 0.000000
vt 0.610390 0.000000
vt 0.623377 0.000000
vt 0.662338 0.000000
vt 0.636364 0.000000
vt 0.649351 0.000000
vt 0.272727 0.000000
vt 0.298701 0.000000
vt 0.506494 0.000000
vt 0.480519 0.000000
vt 0.311688 0.000000
vt 0.467532 0.000000
vt 0.454545 0.000000
vt 0.441558 0.000000
vt 0.324675 0.000000
vt 0.415584 0.000000
vt 0.402597 0.000000
vt 0.389610 0.000000
vt 0.376623 0.000000
vt 0.337662 0.000000
vt 0.363636 0.000000
vt 0.350649 0.000000
vt 0.884298 0.000000
vt 0.900826 0.000000
vt 0.892562 0.000000
vt 0.917355 0.000000
vt 0.876033 0.000000
vt 0.925620 0.000000
vt 0.933884 0.000000
vt 0.867769 0.000000
vt 0.942149 0.000000
vt 0.950413 0.000000
vt 0.859504 0.000000
vt 0.958678 0.000000
vt 0.966942 0.000000
vt 0.851240 0.000000
vt 0.975207 0.000000
vt 0.983471 0.000000
vt 0.842975 0.000000
vt 0.991736 0.000000
vt 0.057851 0.000000
vt 0.049587 0.000000
vt 0.041322 0.000000
vt 0.033058 0.000000
vt 0.024793 0.000000
vt 0.016529 0.000000
vt 0.008264 0.000000
vt 0.834711 0.000000
vt 0.074380 0.000000
vt 0.066116 0.000000
vt 0.826446 0.000000
vt 0.082645 0.000000
vt 0.099174 0.000000
vt 0.107438 0.000000
vt 0.115702 0.000000
vt 0.123967 0.000000
vt 0.132231 0.000000
vt 0.140496 0.000000
vt 0.809917 0.000000
vt 0.148760 0.000000
vt 0.157025 0.000000
vt 0.165289 0.000000
vt 0.801653 0.000000
vt 0.173554 0.000000
vt 0.793388 0.000000
vt 0.190083 0.000000
vt 0.198347 0.000000
vt 0.785124 0.000000
vt 0.206612 0.000000
vt 0.214876 0.000000
vt 0.776860 0.000000
vt 0.223140 0.000000
vt 0.768595 0.000000
vt 0.231405 0.000000
vt 0.239669 0.000000
vt 0.760331 0.000000
vt 0.247934 0.000000
vt 0.752066 0.000000
vt 0.256198 0.000000
vt 0.743802 0.000000
vt 0.264463 0.000000
vt 0.735537 0.000000
vt 0.719008 0.000000
vt 0.280992 0.000000
vt 0.710744 0.000000
vt 0.702479 0.000000
vt 0.289256 0.000000
vt 0.694215 0.000000
vt 0.487603 0.000000
vt 0.504132 0.000000
vt 0.495868 0.000000
vt 0.297521 0.000000
vt 0.685950 0.000000
vt 0.512397 0.000000
vt 0.677686 0.000000
vt 0.305785 0.000000
vt 0.520661 0.000000
vt 0.669421 0.000000
vt 0.528926 0.000000
vt 0.661157 0.000000
vt 0.652893 0.000000
vt 0.314050 0.000000
vt 0.537190 0.000000
vt 0.644628 0.000000
vt 0.553719 0.000000
vt 0.322314 0.000000
vt 0.628099 0.000000
vt 0.561983 0.000000
vt 0.619835 0.000000
vt 0.570248 0.000000
vt 0.611570 0.000000
vt 0.578512 0.000000
vt 0.603306 0.000000
vt 0.586777 0.000000
vt 0.330579 0.000000
vt 0.595041 0.000000
vt 0.338843 0.000000
vt 0.479339 0.000000
vt 0.471074 0.000000
vt 0.347107 0.000000
vt 0.462810 0.000000
vt 0.355372 0.000000
vt 0.446281 0.000000
vt 0.438017 0.000000
vt 0.429752 0.000000
vt 0.371901 0.000000
vt 0.421488 0.000000
vt 0.413223 0.000000
vt 0.380165 0.000000
vt 0.404959 0.000000
vt 0.396694 0.000000
vt 0.388430 0.000000
vt 0.357895 0.000000
vt 0.378947 0.000000
vt 0.368421 0.000000
vt 0.389474 0.000000
vt 0.347368 0.000000
vt 0.400000 0.000000
vt 0.336842 0.000000
vt 0.410526 0.000000
vt 0.326316 0.000000
vt 0.421053 0.000000
vt 0.315789 0.000000
vt 0.431579 0.000000
vt 0.305263 0.000000
vt 0.442105 0.000000
vt 0.294737 0.000000
vt 0.873684 0.000000
vt 0.884211 0.000000
vt 0.863158 0.000000
vt 0.894737 0.000000
vt 0.852632 0.000000
vt 0.905263 0.000000
vt 0.842105 0.000000
vt 0.452632 0.000000
vt 0.284211 0.000000
vt 0.915789 0.000000
vt 0.831579 0.000000
vt 0.926316 0.000000
vt 0.821053 0.000000
vt 0.936842 0.000000
vt 0.810526 0.000000
vt 0.463158 0.000000
vt 0.273684 0.000000
vt 0.947368 0.000000
vt 0.800000 0.000000
vt 0.957895 0.000000
vt 0.789474 0.000000
vt 0.473684 0.000000
vt 0.263158 0.000000
vt 0.968421 0.000000
vt 0.778947 0.000000
vt 0.484211 0.000000
vt 0.252632 0.000000
vt 0.978947 0.000000
vt 0.768421 0.000000
vt 0.989474 0.000000
vt 0.757895 0.000000
vt 0.494737 0.000000
vt 0.242105 0.000000
vt 0.747368 0.000000
vt 0.231579 0.000000
vt 0.505263 0.000000
vt 0.736842 0.000000
vt 0.515789 0.000000
vt 0.726316 0.000000
vt 0.221053 0.000000
vt 0.010526 0.000000
vt 0.526316 0.000000
vt 0.715789 0.000000
vt 0.536842 0.000000
vt 0.210526 0.000000
vt 0.705263 0.000000
vt 0.021053 0.000000
vt 0.547368 0.000000
vt 0.694737 0.000000
vt 0.200000 0.000000
vt 0.031579 0.000000
vt 0.557895 0.000000
vt 0.684211 0.000000
vt 0.568421 0.000000
vt 0.673684 0.000000
vt 0.189474 0.000000
vt 0.042105 0.000000
vt 0.578947 0.000000
vt 0.663158 0.000000
vt 0.589474 0.000000
vt 0.652632 0.000000
vt 0.600000 0.000000
vt 0.642105 0.000000
vt 0.178947 0.000000
vt 0.052632 0.000000
vt 0.610526 0.000000
vt 0.631579 0.000000
vt 0.621053 0.000000
vt 0.168421 0.000000
vt 0.063158 0.000000
vt 0.157895 0.000000
vt 0.073684 0.000000
vt 0.147368 0.000000
vt 0.084211 0.000000
vt 0.136842 0.000000
vt 0.094737 0.000000
vt 0.126316 0.000000
vt 0.105263 0.000000
vt 0.115789 0.000000
vt 0.946429 0.000000
vt 0.982143 0.000000
vt 0.964286 0.000000
vt 0.196429 0.000000
vt 0.232143 0.000000
vt 0.178571 0.000000
vt 0.250000 0.000000
vt 0.160714 0.000000
vt 0.267857 0.000000
vt 0.125000 0.000000
vt 0.107143 0.000000
vt 0.089286 0.000000
vt 0.303571 0.000000
vt 0.053571 0.000000
vt 0.321429 0.000000
vt 0.035714 0.000000
vt 0.339286 0.000000
vt 0.017857 0.000000
vt 0.696429 0.000000
vt 0.910714 0.000000
vt 0.892857 0.000000
vt 0.875000 0.000000
vt 0.839286 0.000000
vt 0.821429 0.000000
vt 0.803571 0.000000
vt 0.767857 0.000000
vt 0.750000 0.000000
vt 0.732143 0.000000
vt 0.678571 0.000000
vt 0.660714 0.000000
vt 0.625000 0.000000
vt 0.375000 0.000000
vt 0.607143 0.000000
vt 0.589286 0.000000
vt 0.392857 0.000000
vt 0.553571 0.000000
vt 0.535714 0.000000
vt 0.410714 0.000000
vt 0.517857 0.000000
vt 0.482143 0.000000
vt 0.464286 0.000000
vt 0.446429 0.000000
vt 0.909774 0.000000
vt 0.902256 0.000000
vt 0.917293 0.000000
vt 0.887218 0.000000
vt 0.924812 0.000000
vt 0.932331 0.000000
vt 0.879699 0.000000
vt 0.939850 0.000000
vt 0.872180 0.000000
vt 0.954887 0.000000
vt 0.962406 0.000000
vt 0.864662 0.000000
vt 0.969925 0.000000
vt 0.977444 0.000000
vt 0.984962 0.000000
vt 0.992481 0.000000
vt 0.849624 0.000000
vt 0.045113 0.000000
vt 0.037594 0.000000
vt 0.030075 0.000000
vt 0.022556 0.000000
vt 0.015038 0.000000
vt 0.007519 0.000000
vt 0.067669 0.000000
vt 0.060150 0.000000
vt 0.834586 0.000000
vt 0.075188 0.000000
vt 0.827068 0.000000
vt 0.090226 0.000000
vt 0.082707 0.000000
vt 0.097744 0.000000
vt 0.112782 0.000000
vt 0.120301 0.000000
vt 0.127820 0.000000
vt 0.819549 0.000000
vt 0.135338 0.000000
vt 0.150376 0.000000
vt 0.812030 0.000000
vt 0.165414 0.000000
vt 0.172932 0.000000
vt 0.180451 0.000000
vt 0.804511 0.000000
vt 0.187970 0.000000
vt 0.195489 0.000000
vt 0.203008 0.000000
vt 0.218045 0.000000
vt 0.796992 0.000000
vt 0.225564 0.000000
vt 0.233083 0.000000
vt 0.240602 0.000000
vt 0.248120 0.000000
vt 0.255639 0.000000
vt 0.781955 0.000000
vt 0.270677 0.000000
vt 0.774436 0.000000
vt 0.278196 0.000000
vt 0.766917 0.000000
vt 0.293233 0.000000
vt 0.759399 0.000000
vt 0.300752 0.000000
vt 0.308271 0.000000
vt 0.751880 0.000000
vt 0.744361 0.000000
vt 0.323308 0.000000
vt 0.330827 0.000000
vt 0.338346 0.000000
vt 0.729323 0.000000
vt 0.345865 0.000000
vt 0.721804 0.000000
vt 0.353383 0.000000
vt 0.533835 0.000000
vt 0.548872 0.000000
vt 0.541353 0.000000
vt 0.360902 0.000000
vt 0.556391 0.000000
vt 0.706767 0.000000
vt 0.563910 0.000000
vt 0.699248 0.000000
vt 0.691729 0.000000
vt 0.586466 0.000000
vt 0.676692 0.000000
vt 0.375940 0.000000
vt 0.593985 0.000000
vt 0.669173 0.000000
vt 0.661654 0.000000
vt 0.601504 0.000000
vt 0.654135 0.000000
vt 0.609023 0.000000
vt 0.646617 0.000000
vt 0.616541 0.000000
vt 0.639098 0.000000
vt 0.624060 0.000000
vt 0.383459 0.000000
vt 0.390977 0.000000
vt 0.398496 0.000000
vt 0.406015 0.000000
vt 0.518797 0.000000
vt 0.511278 0.000000
vt 0.413534 0.000000
vt 0.503759 0.000000
vt 0.496241 0.000000
vt 0.488722 0.000000
vt 0.481203 0.000000
vt 0.436090 0.000000
vt 0.466165 0.000000
vt 0.458647 0.000000
vt 0.443609 0.000000
vt 0.451128 0.000000
vt 0.436364 0.000000
vt 0.472727 0.000000
vt 0.490909 0.000000
vt 0.927273 0.000000
vt 0.963636 0.000000
vt 0.945455 0.000000
vt 0.981818 0.000000
vt 0.418182 0.000000
vt 0.509091 0.000000
vt 0.527273 0.000000
vt 0.563636 0.000000
vt 0.890909 0.000000
vt 0.381818 0.000000
vt 0.581818 0.000000
vt 0.872727 0.000000
vt 0.854545 0.000000
vt 0.836364 0.000000
vt 0.618182 0.000000
vt 0.654545 0.000000
vt 0.781818 0.000000
vt 0.345455 0.000000
vt 0.763636 0.000000
vt 0.672727 0.000000
vt 0.745455 0.000000
vt 0.690909 0.000000
vt 0.709091 0.000000
vt 0.018182 0.000000
vt 0.327273 0.000000
vt 0.036364 0.000000
vt 0.054545 0.000000
vt 0.309091 0.000000
vt 0.072727 0.000000
vt 0.290909 0.000000
vt 0.109091 0.000000
vt 0.127273 0.000000
vt 0.145455 0.000000
vt 0.254545 0.000000
vt 0.163636 0.000000
vt 0.236364 0.000000
vt 0.218182 0.000000
vt 0.034483 1.000000
vt 0.000000 1.000000
vt 0.068966 1.000000
vt 0.034483 0.000000
vt 0.103448 1.000000
vt 0.068966 0.000000
vt 0.137931 1.000000
vt 0.103448 0.000000
vt 0.172414 1.000000
vt 0.137931 0.000000
vt 0.206897 1.000000
vt 0.172414 0.000000
vt 0.241379 1.000000
vt 0.206897 0.000000
vt 0.275862 1.000000
vt 0.241379 0.000000
vt 0.310345 1.000000
vt 0.275862 0.000000
vt 0.344828 1.000000
vt 0.310345 0.000000
vt 0.379310 1.000000
vt 0.344828 0.000000
vt 0.413793 1.000000
vt 0.379310 0.000000
vt 0.448276 1.000000
vt 0.413793 0.000000
vt 0.482759 1.000000
vt 0.448276 0.000000
vt 0.517241 1.000000
vt 0.482759 0.000000
vt 0.551724 1.000000
vt 0.517241 0.000000
vt 0.586207 1.000000
vt 0.551724 0.000000
vt 0.620690 1.000000
vt 0.586207 0.000000
vt 0.655172 1.000000
vt 0.620690 0.000000
vt 0.689655 1.000000
vt 0.655172 0.000000
vt 0.724138 1.000000
vt 0.689655 0.000000
vt 0.758621 1.000000
vt 0.724138 0.000000
vt 0.793103 1.000000
vt 0.758621 0.000000
vt 0.827586 1.000000
vt 0.793103 0.000000
vt 0.862069 1.000000
vt 0.827586 0.000000
vt 0.896552 1.000000
vt 0.862069 0.000000
vt 0.931035 1.000000
vt 0.896552 0.000000
vt 0.965517 1.000000
vt 0.931035 0.000000
vt 1.000000 1.000000
vt 0.965517 0.000000
vt 0.037037 1.000000
vt 0.074074 1.000000
vt 0.037037 0.000000
vt 0.111111 1.000000
vt 0.074074 0.000000
vt 0.148148 1.000000
vt 0.111111 0.000000
vt 0.185185 1.000000
vt 0.148148 0.000000
vt 0.222222 1.000000
vt 0.185185 0.000000
vt 0.259259 1.000000
vt 0.222222 0.000000
vt 0.296296 1.000000
vt 0.259259 0.000000
vt 0.333333 1.000000
vt 0.296296 0.000000
vt 0.370370 1.000000
vt 0.333333 0.000000
vt 0.407407 1.000000
vt 0.370370 0.000000
vt 0.444444 1.000000
vt 0.407407 0.000000
vt 0.481481 1.000000
vt 0.444444 0.000000
vt 0.518519 1.000000
vt 0.481481 0.000000
vt 0.555556 1.000000
vt 0.518519 0.000000
vt 0.592593 1.000000
vt 0.555556 0.000000
vt 0.629630 1.000000
vt 0.592593 0.000000
vt 0.666667 1.000000
vt 0.629630 0.000000
vt 0.703704 1.000000
vt 0.666667 0.000000
vt 0.740741 1.000000
vt 0.703704 0.000000
vt 0.777778 1.000000
vt 0.740741 0.000000
vt 0.814815 1.000000
vt 0.777778 0.000000
vt 0.851852 1.000000
vt 0.814815 0.000000
vt 0.888889 1.000000
vt 0.851852 0.000000
vt 0.925926 1.000000
vt 0.888889 0.000000
vt 0.962963 1.000000
vt 0.925926 0.000000
vt 0.962963 0.000000
vt 0.017857 1.000000
vt 0.035714 1.000000
vt 0.053571 1.000000
vt 0.071429 1.000000
vt 0.089286 1.000000
vt 0.107143 1.000000
vt 0.125000 1.000000
vt 0.142857 1.000000
vt 0.160714 1.000000
vt 0.178571 1.000000
vt 0.196429 1.000000
vt 0.214286 1.000000
vt 0.232143 1.000000
vt 0.250000 1.000000
vt 0.267857 1.000000
vt 0.285714 1.000000
vt 0.303571 1.000000
vt 0.321429 1.000000
vt 0.339286 1.000000
vt 0.357143 1.000000
vt 0.375000 1.000000
vt 0.392857 1.000000
vt 0.410714 1.000000
vt 0.428571 1.000000
vt 0.446429 1.000000
vt 0.464286 1.000000
vt 0.482143 1.000000
vt 0.500000 1.000000
vt 0.517857 1.000000
vt 0.535714 1.000000
vt 0.553571 1.000000
vt 0.571429 1.000000
vt 0.589286 1.000000
vt 0.607143 1.000000
vt 0.625000 1.000000
vt 0.642857 1.000000
vt 0.660714 1.000000
vt 0.678571 1.000000
vt 0.696429 1.000000
vt 0.714286 1.000000
vt 0.732143 1.000000
vt 0.750000 1.000000
vt 0.767857 1.000000
vt 0.785714 1.000000
vt 0.803571 1.000000
vt 0.821429 1.000000
vt 0.839286 1.000000
vt 0.857143 1.000000
vt 0.875000 1.000000
vt 0.892857 1.000000
vt 0.910714 1.000000
vt 0.928571 1.000000
vt 0.946429 1.000000
vt 0.964286 1.000000
vt 0.982143 1.000000
vt 0.007463 1.000000
vt 0.014925 1.000000
vt 0.007463 0.000000
vt 0.022388 1.000000
vt 0.014925 0.000000
vt 0.029851 1.000000
vt 0.022388 0.000000
vt 0.037313 1.000000
vt 0.029851 0.000000
vt 0.044776 1.000000
vt 0.037313 0.000000
vt 0.052239 1.000000
vt 0.044776 0.000000
vt 0.059701 1.000000
vt 0.052239 0.000000
vt 0.067164 1.000000
vt 0.059701 0.000000
vt 0.074627 1.000000
vt 0.067164 0.000000
vt 0.082090 1.000000
vt 0.074627 0.000000
vt 0.089552 1.000000
vt 0.082090 0.000000
vt 0.097015 1.000000
vt 0.089552 0.000000
vt 0.104478 1.000000
vt 0.097015 0.000000
vt 0.111940 1.000000
vt 0.104478 0.000000
vt 0.119403 1.000000
vt 0.111940 0.000000
vt 0.126866 1.000000
vt 0.119403 0.000000
vt 0.134328 1.000000
vt 0.126866 0.000000
vt 0.141791 1.000000
vt 0.134328 0.000000
vt 0.149254 1.000000
vt 0.141791 0.000000
vt 0.156716 1.000000
vt 0.149254 0.000000
vt 0.164179 1.000000
vt 0.156716 0.000000
vt 0.171642 1.000000
vt 0.164179 0.000000
vt 0.179104 1.000000
vt 0.171642 0.000000
vt 0.186567 1.000000
vt 0.179104 0.000000
vt 0.194030 1.000000
vt 0.186567 0.000000
vt 0.201493 1.000000
vt 0.194030 0.000000
vt 0.208955 1.000000
vt 0.201493 0.000000
vt 0.216418 1.000000
vt 0.208955 0.000000
vt 0.223881 1.000000
vt 0.216418 0.000000
vt 0.231343 1.000000
vt 0.223881 0.000000
vt 0.238806 1.000000
vt 0.231343 0.000000
vt 0.246269 1.000000
vt 0.238806 0.000000
vt 0.253731 1.000000
vt 0.246269 0.000000
vt 0.261194 1.000000
vt 0.253731 0.000000
vt 0.268657 1.000000
vt 0.261194 0.000000
vt 0.276119 1.000000
vt 0.268657 0.000000
vt 0.283582 1.000000
vt 0.276119 0.000000
vt 0.291045 1.000000
vt 0.283582 0.000000
vt 0.298507 1.000000
vt 0.291045 0.000000
vt 0.305970 1.000000
vt 0.298507 0.000000
vt 0.313433 1.000000
vt 0.305970 0.000000
vt 0.320896 1.000000
vt 0.313433 0.000000
vt 0.328358 1.000000
vt 0.320896 0.000000
vt 0.335821 1.000000
vt 0.328358 0.000000
vt 0.343284 1.000000
vt 0.335821 0.000000
vt 0.350746 1.000000
vt 0.343284 0.000000
vt 0.358209 1.000000
vt 0.350746 0.000000
vt 0.365672 1.000000
vt 0.358209 0.000000
vt 0.373134 1.000000
vt 0.365672 0.000000
vt 0.380597 1.000000
vt 0.373134 0.000000
vt 0.388060 1.000000
vt 0.380597 0.000000
vt 0.395522 1.000000
vt 0.388060 0.000000
vt 0.402985 1.000000
vt 0.395522 0.000000
vt 0.410448 1.000000
vt 0.402985 0.000000
vt 0.417910 1.000000
vt 0.410448 0.000000
vt 0.425373 1.000000
vt 0.417910 0.000000
vt 0.432836 1.000000
vt 0.425373 0.000000
vt 0.440298 1.000000
vt 0.432836 0.000000
vt 0.447761 1.000000
vt 0.440298 0.000000
vt 0.455224 1.000000
vt 0.447761 0.000000
vt 0.462687 1.000000
vt 0.455224 0.000000
vt 0.470149 1.000000
vt 0.462687 0.000000
vt 0.477612 1.000000
vt 0.470149 0.000000
vt 0.485075 1.000000
vt 0.477612 0.000000
vt 0.492537 1.000000
vt 0.485075 0.000000
vt 0.492537 0.000000
vt 0.507463 1.000000
vt 0.514925 1.000000
vt 0.507463 0.000000
vt 0.522388 1.000000
vt 0.514925 0.000000
vt 0.529851 1.000000
vt 0.522388 0.000000
vt 0.537313 1.000000
vt 0.529851 0.000000
vt 0.544776 1.000000
vt 0.537313 0.000000
vt 0.552239 1.000000
vt 0.544776 0.000000
vt 0.559702 1.000000
vt 0.552239 0.000000
vt 0.567164 1.000000
vt 0.559702 0.000000
vt 0.574627 1.000000
vt 0.567164 0.000000
vt 0.582090 1.000000
vt 0.574627 0.000000
vt 0.589552 1.000000
vt 0.582090 0.000000
vt 0.597015 1.000000
vt 0.589552 0.000000
vt 0.604478 1.000000
vt 0.597015 0.000000
vt 0.611940 1.000000
vt 0.604478 0.000000
vt 0.619403 1.000000
vt 0.611940 0.000000
vt 0.626866 1.000000
vt 0.619403 0.000000
vt 0.634328 1.000000
vt 0.626866 0.000000
vt 0.641791 1.000000
vt 0.634328 0.000000
vt 0.649254 1.000000
vt 0.641791 0.000000
vt 0.656716 1.000000
vt 0.649254 0.000000
vt 0.664179 1.000000
vt 0.656716 0.000000
vt 0.671642 1.000000
vt 0.664179 0.000000
vt 0.679105 1.000000
vt 0.671642 0.000000
vt 0.686567 1.000000
vt 0.679105 0.000000
vt 0.694030 1.000000
vt 0.686567 0.000000
vt 0.701493 1.000000
vt 0.694030 0.000000
vt 0.708955 1.000000
vt 0.701493 0.000000
vt 0.716418 1.000000
vt 0.708955 0.000000
vt 0.723881 1.000000
vt 0.716418 0.000000
vt 0.731343 1.000000
vt 0.723881 0.000000
vt 0.738806 1.000000
vt 0.731343 0.000000
vt 0.746269 1.000000
vt 0.738806 0.000000
vt 0.753731 1.000000
vt 0.746269 0.000000
vt 0.761194 1.000000
vt 0.753731 0.000000
vt 0.768657 1.000000
vt 0.761194 0.000000
vt 0.776119 1.000000
vt 0.768657 0.000000
vt 0.783582 1.000000
vt 0.776119 0.000000
vt 0.791045 1.000000
vt 0.783582 0.000000
vt 0.798507 1.000000
vt 0.791045 0.000000
vt 0.805970 1.000000
vt 0.798507 0.000000
vt 0.813433 1.000000
vt 0.805970 0.000000
vt 0.820895 1.000000
vt 0.813433 0.000000
vt 0.828358 1.000000
vt 0.820895 0.000000
vt 0.835821 1.000000
vt 0.828358 0.000000
vt 0.843284 1.000000
vt 0.835821 0.000000
vt 0.850746 1.000000
vt 0.843284 0.000000
vt 0.858209 1.000000
vt 0.850746 0.000000
vt 0.865672 1.000000
vt 0.858209 0.000000
vt 0.873134 1.000000
vt 0.865672 0.000000
vt 0.880597 1.000000
vt 0.873134 0.000000
vt 0.888060 1.000000
vt 0.880597 0.000000
vt 0.895522 1.000000
vt 0.888060 0.000000
vt 0.902985 1.000000
vt 0.895522 0.000000
vt 0.910448 1.000000
vt 0.902985 0.000000
vt 0.917910 1.000000
vt 0.910448 0.000000
vt 0.925373 1.000000
vt 0.917910 0.000000
vt 0.932836 1.000000
vt 0.925373 0.000000
vt 0.940298 1.000000
vt 0.932836 0.000000
vt 0.947761 1.000000
vt 0.940298 0.000000
vt 0.955224 1.000000
vt 0.947761 0.000000
vt 0.962687 1.000000
vt 0.955224 0.000000
vt 0.970149 1.000000
vt 0.962687 0.000000
vt 0.977612 1.000000
vt 0.970149 0.000000
vt 0.985075 1.000000
vt 0.977612 0.000000
vt 0.992537 1.000000
vt 0.985075 0.000000
vt 0.992537 0.000000
vt 0.017544 1.000000
vt 0.035088 1.000000
vt 0.017544 0.000000
vt 0.052632 1.000000
vt 0.035088 0.000000
vt 0.070175 1.000000
vt 0.087719 1.000000
vt 0.070175 0.000000
vt 0.105263 1.000000
vt 0.087719 0.000000
vt 0.122807 1.000000
vt 0.140351 1.000000
vt 0.122807 0.000000
vt 0.157895 1.000000
vt 0.140351 0.000000
vt 0.175439 1.000000
vt 0.192982 1.000000
vt 0.175439 0.000000
vt 0.210526 1.000000
vt 0.192982 0.000000
vt 0.228070 1.000000
vt 0.245614 1.000000
vt 0.228070 0.000000
vt 0.263158 1.000000
vt 0.245614 0.000000
vt 0.280702 1.000000
vt 0.298246 1.000000
vt 0.280702 0.000000
vt 0.315789 1.000000
vt 0.298246 0.000000
vt 0.350877 1.000000
vt 0.368421 1.000000
vt 0.350877 0.000000
vt 0.385965 1.000000
vt 0.403509 1.000000
vt 0.385965 0.000000
vt 0.421053 1.000000
vt 0.403509 0.000000
vt 0.438596 1.000000
vt 0.456140 1.000000
vt 0.438596 0.000000
vt 0.473684 1.000000
vt 0.456140 0.000000
vt 0.491228 1.000000
vt 0.508772 1.000000
vt 0.491228 0.000000
vt 0.526316 1.000000
vt 0.508772 0.000000
vt 0.543860 1.000000
vt 0.561404 1.000000
vt 0.543860 0.000000
vt 0.578947 1.000000
vt 0.561404 0.000000
vt 0.596491 1.000000
vt 0.614035 1.000000
vt 0.596491 0.000000
vt 0.631579 1.000000
vt 0.614035 0.000000
vt 0.649123 1.000000
vt 0.649123 0.000000
vt 0.684211 1.000000
vt 0.701754 1.000000
vt 0.719298 1.000000
vt 0.701754 0.000000
vt 0.736842 1.000000
vt 0.719298 0.000000
vt 0.754386 1.000000
vt 0.771930 1.000000
vt 0.754386 0.000000
vt 0.789474 1.000000
vt 0.771930 0.000000
vt 0.807018 1.000000
vt 0.824561 1.000000
vt 0.807018 0.000000
vt 0.842105 1.000000
vt 0.824561 0.000000
vt 0.859649 1.000000
vt 0.877193 1.000000
vt 0.859649 0.000000
vt 0.894737 1.000000
vt 0.877193 0.000000
vt 0.912281 1.000000
vt 0.929825 1.000000
vt 0.912281 0.000000
vt 0.947368 1.000000
vt 0.929825 0.000000
vt 0.964912 1.000000
vt 0.982456 1.000000
vt 0.964912 0.000000
vt 0.982456 0.000000
vt 0.020833 1.000000
vt 0.041667 1.000000
vt 0.020833 0.000000
vt 0.062500 1.000000
vt 0.041667 0.000000
vt 0.083333 1.000000
vt 0.062500 0.000000
vt 0.104167 1.000000
vt 0.083333 0.000000
vt 0.104167 0.000000
vt 0.145833 1.000000
vt 0.166667 1.000000
vt 0.145833 0.000000
vt 0.187500 1.000000
vt 0.166667 0.000000
vt 0.208333 1.000000
vt 0.187500 0.000000
vt 0.229167 1.000000
vt 0.208333 0.000000
vt 0.229167 0.000000
vt 0.270833 1.000000
vt 0.291667 1.000000
vt 0.270833 0.000000
vt 0.312500 1.000000
vt 0.291667 0.000000
vt 0.312500 0.000000
vt 0.354167 1.000000
vt 0.354167 0.000000
vt 0.395833 1.000000
vt 0.416667 1.000000
vt 0.395833 0.000000
vt 0.437500 1.000000
vt 0.416667 0.000000
vt 0.458333 1.000000
vt 0.437500 0.000000
vt 0.479167 1.000000
vt 0.458333 0.000000
vt 0.479167 0.000000
vt 0.520833 1.000000
vt 0.541667 1.000000
vt 0.520833 0.000000
vt 0.562500 1.000000
vt 0.541667 0.000000
vt 0.583333 1.000000
vt 0.562500 0.000000
vt 0.604167 1.000000
vt 0.583333 0.000000
vt 0.604167 0.000000
vt 0.645833 1.000000
vt 0.645833 0.000000
vt 0.687500 1.000000
vt 0.708333 1.000000
vt 0.687500 0.000000
vt 0.729167 1.000000
vt 0.708333 0.000000
vt 0.729167 0.000000
vt 0.770833 1.000000
vt 0.791667 1.000000
vt 0.770833 0.000000
vt 0.812500 1.000000
vt 0.791667 0.000000
vt 0.833333 1.000000
vt 0.812500 0.000000
vt 0.854167 1.000000
vt 0.833333 0.000000
vt 0.854167 0.000000
vt 0.895833 1.000000
vt 0.916667 1.000000
vt 0.895833 0.000000
vt 0.937500 1.000000
vt 0.916667 0.000000
vt 0.958333 1.000000
vt 0.937500 0.000000
vt 0.979167 1.000000
vt 0.958333 0.000000
vt 0.979167 0.000000
vt 0.008197 1.000000
vt 0.016393 1.000000
vt 0.008197 0.000000
vt 0.024590 1.000000
vt 0.016393 0.000000
vt 0.032787 1.000000
vt 0.024590 0.000000
vt 0.040984 1.000000
vt 0.032787 0.000000
vt 0.049180 1.000000
vt 0.040984 0.000000
vt 0.057377 1.000000
vt 0.049180 0.000000
vt 0.065574 1.000000
vt 0.057377 0.000000
vt 0.073770 1.000000
vt 0.065574 0.000000
vt 0.081967 1.000000
vt 0.073770 0.000000
vt 0.090164 1.000000
vt 0.081967 0.000000
vt 0.098361 1.000000
vt 0.090164 0.000000
vt 0.106557 1.000000
vt 0.098361 0.000000
vt 0.114754 1.000000
vt 0.106557 0.000000
vt 0.122951 1.000000
vt 0.114754 0.000000
vt 0.131148 1.000000
vt 0.122951 0.000000
vt 0.139344 1.000000
vt 0.131148 0.000000
vt 0.147541 1.000000
vt 0.139344 0.000000
vt 0.155738 1.000000
vt 0.147541 0.000000
vt 0.163934 1.000000
vt 0.155738 0.000000
vt 0.172131 1.000000
vt 0.163934 0.000000
vt 0.180328 1.000000
vt 0.172131 0.000000
vt 0.188525 1.000000
vt 0.180328 0.000000
vt 0.196721 1.000000
vt 0.188525 0.000000
vt 0.204918 1.000000
vt 0.196721 0.000000
vt 0.213115 1.000000
vt 0.204918 0.000000
vt 0.221311 1.000000
vt 0.213115 0.000000
vt 0.229508 1.000000
vt 0.221311 0.000000
vt 0.237705 1.000000
vt 0.229508 0.000000
vt 0.245902 1.000000
vt 0.237705 0.000000
vt 0.254098 1.000000
vt 0.245902 0.000000
vt 0.262295 1.000000
vt 0.254098 0.000000
vt 0.270492 1.000000
vt 0.262295 0.000000
vt 0.278689 1.000000
vt 0.270492 0.000000
vt 0.286885 1.000000
vt 0.278689 0.000000
vt 0.295082 1.000000
vt 0.286885 0.000000
vt 0.303279 1.000000
vt 0.295082 0.000000
vt 0.311475 1.000000
vt 0.303279 0.000000
vt 0.319672 1.000000
vt 0.311475 0.000000
vt 0.327869 1.000000
vt 0.319672 0.000000
vt 0.336066 1.000000
vt 0.327869 0.000000
vt 0.344262 1.000000
vt 0.336066 0.000000
vt 0.352459 1.000000
vt 0.344262 0.000000
vt 0.360656 1.000000
vt 0.352459 0.000000
vt 0.368852 1.000000
vt 0.360656 0.000000
vt 0.377049 1.000000
vt 0.368852 0.000000
vt 0.385246 1.000000
vt 0.377049 0.000000
vt 0.393443 1.000000
vt 0.385246 0.000000
vt 0.401639 1.000000
vt 0.393443 0.000000
vt 0.409836 1.000000
vt 0.401639 0.000000
vt 0.418033 1.000000
vt 0.409836 0.000000
vt 0.426230 1.000000
vt 0.418033 0.000000
vt 0.434426 1.000000
vt 0.426230 0.000000
vt 0.442623 1.000000
vt 0.434426 0.000000
vt 0.450820 1.000000
vt 0.442623 0.000000
vt 0.459016 1.000000
vt 0.450820 0.000000
vt 0.467213 1.000000
vt 0.459016 0.000000
vt 0.475410 1.000000
vt 0.467213 0.000000
vt 0.483607 1.000000
vt 0.475410 0.000000
vt 0.491803 1.000000
vt 0.483607 0.000000
vt 0.491803 0.000000
vt 0.508197 1.000000
vt 0.516393 1.000000
vt 0.508197 0.000000
vt 0.524590 1.000000
vt 0.516393 0.000000
vt 0.532787 1.000000
vt 0.524590 0.000000
vt 0.540984 1.000000
vt 0.532787 0.000000
vt 0.549180 1.000000
vt 0.540984 0.000000
vt 0.557377 1.000000
vt 0.549180 0.000000
vt 0.565574 1.000000
vt 0.557377 0.000000
vt 0.573770 1.000000
vt 0.565574 0.000000
vt 0.581967 1.000000
vt 0.573770 0.000000
vt 0.590164 1.000000
vt 0.581967 0.000000
vt 0.598361 1.000000
vt 0.590164 0.000000
vt 0.606557 1.000000
vt 0.598361 0.000000
vt 0.614754 1.000000
vt 0.606557 0.000000
vt 0.622951 1.000000
vt 0.614754 0.000000
vt 0.631148 1.000000
vt 0.622951 0.000000
vt 0.639344 1.000000
vt 0.631148 0.000000
vt 0.647541 1.000000
vt 0.639344 0.000000
vt 0.655738 1.000000
vt 0.647541 0.000000
vt 0.663934 1.000000
vt 0.655738 0.000000
vt 0.672131 1.000000
vt 0.663934 0.000000
vt 0.680328 1.000000
vt 0.672131 0.000000
vt 0.688525 1.000000
vt 0.680328 0.000000
vt 0.696721 1.000000
vt 0.688525 0.000000
vt 0.704918 1.000000
vt 0.696721 0.000000
vt 0.713115 1.000000
vt 0.704918 0.000000
vt 0.721311 1.000000
vt 0.713115 0.000000
vt 0.729508 1.000000
vt 0.721311 0.000000
vt 0.737705 1.000000
vt 0.729508 0.000000
vt 0.745902 1.000000
vt 0.737705 0.000000
vt 0.754098 1.000000
vt 0.745902 0.000000
vt 0.762295 1.000000
vt 0.754098 0.000000
vt 0.770492 1.000000
vt 0.762295 0.000000
vt 0.778689 1.000000
vt 0.770492 0.000000
vt 0.786885 1.000000
vt 0.778689 0.000000
vt 0.795082 1.000000
vt 0.786885 0.000000
vt 0.803279 1.000000
vt 0.795082 0.000000
vt 0.811475 1.000000
vt 0.803279 0.000000
vt 0.819672 1.000000
vt 0.811475 0.000000
vt 0.827869 1.000000
vt 0.819672 0.000000
vt 0.836066 1.000000
vt 0.827869 0.000000
vt 0.844262 1.000000
vt 0.836066 0.000000
vt 0.852459 1.000000
vt 0.844262 0.000000
vt 0.860656 1.000000
vt 0.852459 0.000000
vt 0.868852 1.000000
vt 0.860656 0.000000
vt 0.877049 1.000000
vt 0.868852 0.000000
vt 0.885246 1.000000
vt 0.877049 0.000000
vt 0.893443 1.000000
vt 0.885246 0.000000
vt 0.901639 1.000000
vt 0.893443 0.000000
vt 0.909836 1.000000
vt 0.901639 0.000000
vt 0.918033 1.000000
vt 0.909836 0.000000
vt 0.926230 1.000000
vt 0.918033 0.000000
vt 0.934426 1.000000
vt 0.926230 0.000000
vt 0.942623 1.000000
vt 0.934426 0.000000
vt 0.950820 1.000000
vt 0.942623 0.000000
vt 0.959016 1.000000
vt 0.950820 0.000000
vt 0.967213 1.000000
vt 0.959016 0.000000
vt 0.975410 1.000000
vt 0.967213 0.000000
vt 0.983607 1.000000
vt 0.975410 0.000000
vt 0.991803 1.000000
vt 0.983607 0.000000
vt 0.991803 0.000000
vt 0.025000 1.000000
vt 0.050000 1.000000
vt 0.025000 0.000000
vt 0.075000 1.000000
vt 0.050000 0.000000
vt 0.100000 1.000000
vt 0.075000 0.000000
vt 0.100000 0.000000
vt 0.150000 1.000000
vt 0.175000 1.000000
vt 0.150000 0.000000
vt 0.200000 1.000000
vt 0.175000 0.000000
vt 0.225000 1.000000
vt 0.225000 0.000000
vt 0.275000 1.000000
vt 0.300000 1.000000
vt 0.275000 0.000000
vt 0.325000 1.000000
vt 0.300000 0.000000
vt 0.350000 1.000000
vt 0.325000 0.000000
vt 0.350000 0.000000
vt 0.400000 1.000000
vt 0.425000 1.000000
vt 0.450000 1.000000
vt 0.425000 0.000000
vt 0.475000 1.000000
vt 0.450000 0.000000
vt 0.475000 0.000000
vt 0.525000 1.000000
vt 0.550000 1.000000
vt 0.525000 0.000000
vt 0.575000 1.000000
vt 0.550000 0.000000
vt 0.600000 1.000000
vt 0.575000 0.000000
vt 0.650000 1.000000
vt 0.675000 1.000000
vt 0.650000 0.000000
vt 0.700000 1.000000
vt 0.675000 0.000000
vt 0.725000 1.000000
vt 0.700000 0.000000
vt 0.725000 0.000000
vt 0.775000 1.000000
vt 0.800000 1.000000
vt 0.775000 0.000000
vt 0.825000 1.000000
vt 0.850000 1.000000
vt 0.825000 0.000000
vt 0.850000 0.000000
vt 0.900000 1.000000
vt 0.925000 1.000000
vt 0.900000 0.000000
vt 0.950000 1.000000
vt 0.925000 0.000000
vt 0.975000 1.000000
vt 0.950000 0.000000
vt 0.975000 0.000000
vt 0.026316 1.000000
vt 0.026316 0.000000
vt 0.078947 1.000000
vt 0.078947 0.000000
vt 0.131579 1.000000
vt 0.131579 0.000000
vt 0.184211 1.000000
vt 0.184211 0.000000
vt 0.236842 1.000000
vt 0.236842 0.000000
vt 0.289474 1.000000
vt 0.289474 0.000000
vt 0.342105 1.000000
vt 0.342105 0.000000
vt 0.394737 1.000000
vt 0.394737 0.000000
vt 0.447368 1.000000
vt 0.447368 0.000000
vt 0.552632 1.000000
vt 0.552632 0.000000
vt 0.605263 1.000000
vt 0.605263 0.000000
vt 0.657895 1.000000
vt 0.657895 0.000000
vt 0.710526 1.000000
vt 0.710526 0.000000
vt 0.763158 1.000000
vt 0.763158 0.000000
vt 0.815789 1.000000
vt 0.815789 0.000000
vt 0.868421 1.000000
vt 0.868421 0.000000
vt 0.921053 1.000000
vt 0.921053 0.000000
vt 0.973684 1.000000
vt 0.973684 0.000000
vt 0.007299 1.000000
vt 0.014599 1.000000
vt 0.007299 0.000000
vt 0.021898 1.000000
vt 0.014599 0.000000
vt 0.029197 1.000000
vt 0.021898 0.000000
vt 0.036496 1.000000
vt 0.029197 0.000000
vt 0.043796 1.000000
vt 0.036496 0.000000
vt 0.051095 1.000000
vt 0.043796 0.000000
vt 0.058394 1.000000
vt 0.051095 0.000000
vt 0.065693 1.000000
vt 0.058394 0.000000
vt 0.072993 1.000000
vt 0.065693 0.000000
vt 0.080292 1.000000
vt 0.072993 0.000000
vt 0.087591 1.000000
vt 0.080292 0.000000
vt 0.094891 1.000000
vt 0.087591 0.000000
vt 0.102190 1.000000
vt 0.094891 0.000000
vt 0.109489 1.000000
vt 0.102190 0.000000
vt 0.116788 1.000000
vt 0.109489 0.000000
vt 0.124088 1.000000
vt 0.116788 0.000000
vt 0.131387 1.000000
vt 0.124088 0.000000
vt 0.138686 1.000000
vt 0.131387 0.000000
vt 0.145985 1.000000
vt 0.138686 0.000000
vt 0.153285 1.000000
vt 0.145985 0.000000
vt 0.160584 1.000000
vt 0.153285 0.000000
vt 0.167883 1.000000
vt 0.160584 0.000000
vt 0.175182 1.000000
vt 0.167883 0.000000
vt 0.182482 1.000000
vt 0.175182 0.000000
vt 0.189781 1.000000
vt 0.182482 0.000000
vt 0.197080 1.000000
vt 0.189781 0.000000
vt 0.204380 1.000000
vt 0.197080 0.000000
vt 0.211679 1.000000
vt 0.204380 0.000000
vt 0.218978 1.000000
vt 0.211679 0.000000
vt 0.226277 1.000000
vt 0.218978 0.000000
vt 0.233577 1.000000
vt 0.226277 0.000000
vt 0.240876 1.000000
vt 0.233577 0.000000
vt 0.248175 1.000000
vt 0.240876 0.000000
vt 0.255474 1.000000
vt 0.248175 0.000000
vt 0.262774 1.000000
vt 0.255474 0.000000
vt 0.270073 1.000000
vt 0.262774 0.000000
vt 0.277372 1.000000
vt 0.270073 0.000000
vt 0.284672 1.000000
vt 0.277372 0.000000
vt 0.291971 1.000000
vt 0.284672 0.000000
vt 0.299270 1.000000
vt 0.291971 0.000000
vt 0.306569 1.000000
vt 0.299270 0.000000
vt 0.313869 1.000000
vt 0.306569 0.000000
vt 0.321168 1.000000
vt 0.313869 0.000000
vt 0.328467 1.000000
vt 0.321168 0.000000
vt 0.335766 1.000000
vt 0.328467 0.000000
vt 0.343066 1.000000
vt 0.335766 0.000000
vt 0.350365 1.000000
vt 0.343066 0.000000
vt 0.357664 1.000000
vt 0.350365 0.000000
vt 0.364964 1.000000
vt 0.357664 0.000000
vt 0.372263 1.000000
vt 0.364964 0.000000
vt 0.379562 1.000000
vt 0.372263 0.000000
vt 0.386861 1.000000
vt 0.379562 0.000000
vt 0.394161 1.000000
vt 0.386861 0.000000
vt 0.401460 1.000000
vt 0.394161 0.000000
vt 0.408759 1.000000
vt 0.401460 0.000000
vt 0.416058 1.000000
vt 0.408759 0.000000
vt 0.423358 1.000000
vt 0.416058 0.000000
vt 0.430657 1.000000
vt 0.423358 0.000000
vt 0.437956 1.000000
vt 0.430657 0.000000
vt 0.445255 1.000000
vt 0.437956 0.000000
vt 0.452555 1.000000
vt 0.445255 0.000000
vt 0.459854 1.000000
vt 0.452555 0.000000
vt 0.467153 1.000000
vt 0.459854 0.000000
vt 0.474453 1.000000
vt 0.467153 0.000000
vt 0.481752 1.000000
vt 0.474453 0.000000
vt 0.489051 1.000000
vt 0.481752 0.000000
vt 0.496350 1.000000
vt 0.489051 0.000000
vt 0.503650 1.000000
vt 0.496350 0.000000
vt 0.510949 1.000000
vt 0.503650 0.000000
vt 0.518248 1.000000
vt 0.510949 0.000000
vt 0.525547 1.000000
vt 0.518248 0.000000
vt 0.532847 1.000000
vt 0.525547 0.000000
vt 0.540146 1.000000
vt 0.532847 0.000000
vt 0.547445 1.000000
vt 0.540146 0.000000
vt 0.554745 1.000000
vt 0.547445 0.000000
vt 0.562044 1.000000
vt 0.554745 0.000000
vt 0.569343 1.000000
vt 0.562044 0.000000
vt 0.576642 1.000000
vt 0.569343 0.000000
vt 0.583942 1.000000
vt 0.576642 0.000000
vt 0.591241 1.000000
vt 0.583942 0.000000
vt 0.598540 1.000000
vt 0.591241 0.000000
vt 0.605839 1.000000
vt 0.598540 0.000000
vt 0.613139 1.000000
vt 0.605839 0.000000
vt 0.620438 1.000000
vt 0.613139 0.000000
vt 0.627737 1.000000
vt 0.620438 0.000000
vt 0.635036 1.000000
vt 0.627737 0.000000
vt 0.642336 1.000000
vt 0.635036 0.000000
vt 0.649635 1.000000
vt 0.642336 0.000000
vt 0.656934 1.000000
vt 0.649635 0.000000
vt 0.664234 1.000000
vt 0.656934 0.000000
vt 0.671533 1.000000
vt 0.664234 0.000000
vt 0.678832 1.000000
vt 0.671533 0.000000
vt 0.686131 1.000000
vt 0.678832 0.000000
vt 0.693431 1.000000
vt 0.686131 0.000000
vt 0.700730 1.000000
vt 0.693431 0.000000
vt 0.708029 1.000000
vt 0.700730 0.000000
vt 0.715328 1.000000
vt 0.708029 0.000000
vt 0.722628 1.000000
vt 0.715328 0.000000
vt 0.729927 1.000000
vt 0.722628 0.000000
vt 0.737226 1.000000
vt 0.729927 0.000000
vt 0.744526 1.000000
vt 0.737226 0.000000
vt 0.751825 1.000000
vt 0.744526 0.000000
vt 0.759124 1.000000
vt 0.751825 0.000000
vt 0.766423 1.000000
vt 0.759124 0.000000
vt 0.773723 1.000000
vt 0.766423 0.000000
vt 0.781022 1.000000
vt 0.773723 0.000000
vt 0.788321 1.000000
vt 0.781022 0.000000
vt 0.795620 1.000000
vt 0.788321 0.000000
vt 0.802920 1.000000
vt 0.795620 0.000000
vt 0.810219 1.000000
vt 0.802920 0.000000
vt 0.817518 1.000000
vt 0.810219 0.000000
vt 0.824818 1.000000
vt 0.817518 0.000000
vt 0.832117 1.000000
vt 0.824818 0.000000
vt 0.839416 1.000000
vt 0.832117 0.000000
vt 0.846715 1.000000
vt 0.839416 0.000000
vt 0.854015 1.000000
vt 0.846715 0.000000
vt 0.861314 1.000000
vt 0.854015 0.000000
vt 0.868613 1.000000
vt 0.861314 0.000000
vt 0.875912 1.000000
vt 0.868613 0.000000
vt 0.883212 1.000000
vt 0.875912 0.000000
vt 0.890511 1.000000
vt 0.883212 0.000000
vt 0.897810 1.000000
vt 0.890511 0.000000
vt 0.905109 1.000000
vt 0.897810 0.000000
vt 0.912409 1.000000
vt 0.905109 0.000000
vt 0.919708 1.000000
vt 0.912409 0.000000
vt 0.927007 1.000000
vt 0.919708 0.000000
vt 0.934307 1.000000
vt 0.927007 0.000000
vt 0.941606 1.000000
vt 0.934307 0.000000
vt 0.948905 1.000000
vt 0.941606 0.000000
vt 0.956204 1.000000
vt 0.948905 0.000000
vt 0.963504 1.000000
vt 0.956204 0.000000
vt 0.970803 1.000000
vt 0.963504 0.000000
vt 0.978102 1.000000
vt 0.970803 0.000000
vt 0.985401 1.000000
vt 0.978102 0.000000
vt 0.992701 1.000000
vt 0.985401 0.000000
vt 0.992701 0.000000
vt 0.027027 1.000000
vt 0.054054 1.000000
vt 0.027027 0.000000
vt 0.081081 1.000000
vt 0.054054 0.000000
vt 0.108108 1.000000
vt 0.081081 0.000000
vt 0.135135 1.000000
vt 0.108108 0.000000
vt 0.162162 1.000000
vt 0.135135 0.000000
vt 0.189189 1.000000
vt 0.162162 0.000000
vt 0.216216 1.000000
vt 0.189189 0.000000
vt 0.243243 1.000000
vt 0.216216 0.000000
vt 0.270270 1.000000
vt 0.243243 0.000000
vt 0.297297 1.000000
vt 0.270270 0.000000
vt 0.324324 1.000000
vt 0.297297 0.000000
vt 0.351351 1.000000
vt 0.324324 0.000000
vt 0.378378 1.000000
vt 0.351351 0.000000
vt 0.405405 1.000000
vt 0.378378 0.000000
vt 0.432432 1.000000
vt 0.405405 0.000000
vt 0.459459 1.000000
vt 0.432432 0.000000
vt 0.486486 1.000000
vt 0.459459 0.000000
vt 0.513514 1.000000
vt 0.486486 0.000000
vt 0.540541 1.000000
vt 0.513514 0.000000
vt 0.567568 1.000000
vt 0.540541 0.000000
vt 0.594595 1.000000
vt 0.567568 0.000000
vt 0.621622 1.000000
vt 0.594595 0.000000
vt 0.648649 1.000000
vt 0.621622 0.000000
vt 0.675676 1.000000
vt 0.648649 0.000000
vt 0.702703 1.000000
vt 0.675676 0.000000
vt 0.729730 1.000000
vt 0.702703 0.000000
vt 0.756757 1.000000
vt 0.729730 0.000000
vt 0.783784 1.000000
vt 0.756757 0.000000
vt 0.810811 1.000000
vt 0.783784 0.000000
vt 0.837838 1.000000
vt 0.810811 0.000000
vt 0.864865 1.000000
vt 0.837838 0.000000
vt 0.891892 1.000000
vt 0.864865 0.000000
vt 0.918919 1.000000
vt 0.891892 0.000000
vt 0.945946 1.000000
vt 0.918919 0.000000
vt 0.972973 1.000000
vt 0.945946 0.000000
vt 0.972973 0.000000
vt 0.010204 1.000000
vt 0.020408 1.000000
vt 0.030612 1.000000
vt 0.040816 1.000000
vt 0.051020 1.000000
vt 0.061224 1.000000
vt 0.081633 1.000000
vt 0.091837 1.000000
vt 0.102041 1.000000
vt 0.112245 1.000000
vt 0.122449 1.000000
vt 0.132653 1.000000
vt 0.153061 1.000000
vt 0.163265 1.000000
vt 0.173469 1.000000
vt 0.183673 1.000000
vt 0.193878 1.000000
vt 0.204082 1.000000
vt 0.224490 1.000000
vt 0.234694 1.000000
vt 0.244898 1.000000
vt 0.255102 1.000000
vt 0.265306 1.000000
vt 0.275510 1.000000
vt 0.295918 1.000000
vt 0.306122 1.000000
vt 0.316327 1.000000
vt 0.326531 1.000000
vt 0.336735 1.000000
vt 0.346939 1.000000
vt 0.367347 1.000000
vt 0.377551 1.000000
vt 0.387755 1.000000
vt 0.397959 1.000000
vt 0.408163 1.000000
vt 0.418367 1.000000
vt 0.438776 1.000000
vt 0.448980 1.000000
vt 0.459184 1.000000
vt 0.469388 1.000000
vt 0.479592 1.000000
vt 0.489796 1.000000
vt 0.510204 1.000000
vt 0.520408 1.000000
vt 0.530612 1.000000
vt 0.540816 1.000000
vt 0.551020 1.000000
vt 0.561224 1.000000
vt 0.581633 1.000000
vt 0.591837 1.000000
vt 0.602041 1.000000
vt 0.612245 1.000000
vt 0.622449 1.000000
vt 0.632653 1.000000
vt 0.653061 1.000000
vt 0.663265 1.000000
vt 0.673469 1.000000
vt 0.683673 1.000000
vt 0.693878 1.000000
vt 0.704082 1.000000
vt 0.724490 1.000000
vt 0.734694 1.000000
vt 0.744898 1.000000
vt 0.755102 1.000000
vt 0.765306 1.000000
vt 0.775510 1.000000
vt 0.795918 1.000000
vt 0.806122 1.000000
vt 0.816327 1.000000
vt 0.826531 1.000000
vt 0.836735 1.000000
vt 0.846939 1.000000
vt 0.867347 1.000000
vt 0.877551 1.000000
vt 0.887755 1.000000
vt 0.897959 1.000000
vt 0.908163 1.000000
vt 0.918367 1.000000
vt 0.938776 1.000000
vt 0.948980 1.000000
vt 0.959184 1.000000
vt 0.969388 1.000000
vt 0.979592 1.000000
vt 0.989796 1.000000
vt 0.013514 1.000000
vt 0.013514 0.000000
vt 0.040541 1.000000
vt 0.040541 0.000000
vt 0.067568 1.000000
vt 0.067568 0.000000
vt 0.094595 1.000000
vt 0.094595 0.000000
vt 0.121622 1.000000
vt 0.121622 0.000000
vt 0.148649 1.000000
vt 0.148649 0.000000
vt 0.175676 1.000000
vt 0.175676 0.000000
vt 0.202703 1.000000
vt 0.202703 0.000000
vt 0.229730 1.000000
vt 0.229730 0.000000
vt 0.256757 1.000000
vt 0.256757 0.000000
vt 0.283784 1.000000
vt 0.283784 0.000000
vt 0.310811 1.000000
vt 0.310811 0.000000
vt 0.337838 1.000000
vt 0.337838 0.000000
vt 0.364865 1.000000
vt 0.364865 0.000000
vt 0.391892 1.000000
vt 0.391892 0.000000
vt 0.418919 1.000000
vt 0.418919 0.000000
vt 0.445946 1.000000
vt 0.445946 0.000000
vt 0.472973 1.000000
vt 0.472973 0.000000
vt 0.527027 1.000000
vt 0.527027 0.000000
vt 0.554054 1.000000
vt 0.554054 0.000000
vt 0.581081 1.000000
vt 0.581081 0.000000
vt 0.608108 1.000000
vt 0.608108 0.000000
vt 0.635135 1.000000
vt 0.635135 0.000000
vt 0.662162 1.000000
vt 0.662162 0.000000
vt 0.689189 1.000000
vt 0.689189 0.000000
vt 0.716216 1.000000
vt 0.716216 0.000000
vt 0.743243 1.000000
vt 0.743243 0.000000
vt 0.770270 1.000000
vt 0.770270 0.000000
vt 0.797297 1.000000
vt 0.797297 0.000000
vt 0.824324 1.000000
vt 0.824324 0.000000
vt 0.851351 1.000000
vt 0.851351 0.000000
vt 0.878378 1.000000
vt 0.878378 0.000000
vt 0.905405 1.000000
vt 0.905405 0.000000
vt 0.932432 1.000000
vt 0.932432 0.000000
vt 0.959459 1.000000
vt 0.959459 0.000000
vt 0.986486 1.000000
vt 0.986486 0.000000
vt 0.040000 1.000000
vt 0.080000 1.000000
vt 0.040000 0.000000
vt 0.120000 1.000000
vt 0.080000 0.000000
vt 0.160000 1.000000
vt 0.120000 0.000000
vt 0.160000 0.000000
vt 0.240000 1.000000
vt 0.280000 1.000000
vt 0.240000 0.000000
vt 0.320000 1.000000
vt 0.280000 0.000000
vt 0.360000 1.000000
vt 0.320000 0.000000
vt 0.360000 0.000000
vt 0.440000 1.000000
vt 0.480000 1.000000
vt 0.440000 0.000000
vt 0.520000 1.000000
vt 0.480000 0.000000
vt 0.560000 1.000000
vt 0.520000 0.000000
vt 0.560000 0.000000
vt 0.640000 1.000000
vt 0.680000 1.000000
vt 0.640000 0.000000
vt 0.720000 1.000000
vt 0.680000 0.000000
vt 0.760000 1.000000
vt 0.720000 0.000000
vt 0.760000 0.000000
vt 0.840000 1.000000
vt 0.880000 1.000000
vt 0.840000 0.000000
vt 0.920000 1.000000
vt 0.880000 0.000000
vt 0.960000 1.000000
vt 0.920000 0.000000
vt 0.960000 0.000000
s 0
usemtl マテリアル
f 35/1/1 37/2/1 36/3/1
f 35/1/1 38/4/1 37/2/1
f 34/5/1 38/4/1 35/1/1
f 34/5/1 39/6/1 38/4/1
f 33/7/1 39/6/1 34/5/1
f 33/7/1 40/8/1 39/6/1
f 32/9/1 40/8/1 33/7/1
f 32/9/1 41/10/1 40/8/1
f 31/11/1 41/10/1 32/9/1
f 31/11/1 42/12/1 41/10/1
f 30/13/1 42/12/1 31/11/1
f 30/13/1 43/14/1 42/12/1
f 29/15/1 86/16/1 30/13/1
f 86/16/1 43/14/1 30/13/1
f 29/15/1 87/17/1 86/16/1
f 85/18/1 43/14/1 86/16/1
f 29/15/1 88/19/1 87/17/1
f 84/20/1 43/14/1 85/18/1
f 29/15/1 89/21/1 88/19/1
f 83/22/1 43/14/1 84/20/1
f 83/22/1 44/23/1 43/14/1
f 29/15/1 90/24/1 89/21/1
f 28/25/1 90/24/1 29/15/1
f 82/26/1 44/23/1 83/22/1
f 28/25/1 91/27/1 90/24/1
f 81/28/1 44/23/1 82/26/1
f 28/25/1 92/29/1 91/27/1
f 80/30/1 44/23/1 81/28/1
f 28/25/1 93/31/1 92/29/1
f 79/32/1 44/23/1 80/30/1
f 27/33/1 93/31/1 28/25/1
f 79/32/1 45/34/1 44/23/1
f 27/33/1 94/35/1 93/31/1
f 78/36/1 45/34/1 79/32/1
f 27/33/1 95/37/1 94/35/1
f 77/38/1 45/34/1 78/36/1
f 26/39/1 95/37/1 27/33/1
f 77/38/1 46/40/1 45/34/1
f 26/39/1 96/41/1 95/37/1
f 76/42/1 46/40/1 77/38/1
f 26/39/1 97/43/1 96/41/1
f 75/44/1 46/40/1 76/42/1
f 25/45/1 97/43/1 26/39/1
f 25/45/1 98/46/1 97/43/1
f 75/44/1 47/47/1 46/40/1
f 99/48/1 47/47/1 75/44/1
f 25/45/1 99/48/1 98/46/1
f 25/45/1 47/47/1 99/48/1
f 24/49/1 47/47/1 25/45/1
f 24/49/1 48/50/1 47/47/1
f 23/51/1 49/52/1 24/49/1
f 49/52/1 48/50/1 24/49/1
f 23/51/1 50/53/1 49/52/1
f 22/54/1 50/53/1 23/51/1
f 22/54/1 51/55/1 50/53/1
f 22/54/1 52/56/1 51/55/1
f 21/57/1 52/56/1 22/54/1
f 21/57/1 53/58/1 52/56/1
f 20/59/1 53/58/1 21/57/1
f 20/59/1 54/60/1 53/58/1
f 72/61/1 74/62/1 73/63/1
f 20/59/1 55/64/1 54/60/1
f 71/65/1 74/62/1 72/61/1
f 70/66/1 74/62/1 71/65/1
f 19/67/1 55/64/1 20/59/1
f 19/67/1 56/68/1 55/64/1
f 69/69/1 74/62/1 70/66/1
f 68/70/1 74/62/1 69/69/1
f 19/67/1 57/71/1 56/68/1
f 67/72/1 74/62/1 68/70/1
f 19/67/1 58/73/1 57/71/1
f 66/74/1 74/62/1 67/72/1
f 18/75/1 58/73/1 19/67/1
f 65/76/1 74/62/1 66/74/1
f 18/75/1 59/77/1 58/73/1
f 64/78/1 74/62/1 65/76/1
f 18/75/1 60/79/1 59/77/1
f 63/80/1 74/62/1 64/78/1
f 62/81/1 74/62/1 63/80/1
f 18/75/1 61/82/1 60/79/1
f 61/82/1 74/62/1 62/81/1
f 18/75/1 74/62/1 61/82/1
f 17/83/1 74/62/1 18/75/1
f 17/83/1 1/84/1 74/62/1
f 16/85/1 1/84/1 17/83/1
f 16/85/1 2/86/1 1/84/1
f 16/85/1 3/87/1 2/86/1
f 15/88/1 3/87/1 16/85/1
f 15/88/1 4/89/1 3/87/1
f 15/88/1 5/90/1 4/89/1
f 14/91/1 5/90/1 15/88/1
f 14/91/1 6/92/1 5/90/1
f 14/91/1 7/93/1 6/92/1
f 13/94/1 7/93/1 14/91/1
f 13/94/1 8/95/1 7/93/1
f 13/94/1 9/96/1 8/95/1
f 13/94/1 10/97/1 9/96/1
f 12/98/1 10/97/1 13/94/1
f 12/98/1 11/99/1 10/97/1
f 183/100/1 185/101/1 184/102/1
f 183/100/1 186/103/1 185/101/1
f 183/100/1 187/104/1 186/103/1
f 182/105/1 187/104/1 183/100/1
f 182/105/1 188/106/1 187/104/1
f 182/105/1 189/107/1 188/106/1
f 182/105/1 190/108/1 189/107/1
f 181/109/1 190/108/1 182/105/1
f 181/109/1 191/110/1 190/108/1
f 181/109/1 192/111/1 191/110/1
f 181/109/1 193/112/1 192/111/1
f 180/113/1 193/112/1 181/109/1
f 180/113/1 194/114/1 193/112/1
f 180/113/1 195/115/1 194/114/1
f 180/113/1 196/116/1 195/115/1
f 179/117/1 196/116/1 180/113/1
f 179/117/1 107/118/1 196/116/1
f 107/118/1 106/119/1 196/116/1
f 106/119/1 105/120/1 196/116/1
f 105/120/1 104/121/1 196/116/1
f 104/121/1 103/122/1 196/116/1
f 103/122/1 102/123/1 196/116/1
f 102/123/1 101/124/1 196/116/1
f 101/124/1 100/84/1 196/116/1
f 100/84/1 197/48/1 196/116/1
f 178/125/1 109/126/1 179/117/1
f 109/126/1 108/127/1 179/117/1
f 108/127/1 107/118/1 179/117/1
f 177/128/1 111/129/1 178/125/1
f 111/129/1 110/130/1 178/125/1
f 110/130/1 109/126/1 178/125/1
f 177/128/1 112/131/1 111/129/1
f 177/128/1 113/132/1 112/131/1
f 177/128/1 114/133/1 113/132/1
f 176/134/1 114/133/1 177/128/1
f 176/134/1 115/135/1 114/133/1
f 176/134/1 116/136/1 115/135/1
f 176/134/1 117/137/1 116/136/1
f 175/138/1 117/137/1 176/134/1
f 175/138/1 118/139/1 117/137/1
f 175/138/1 119/140/1 118/139/1
f 174/141/1 119/140/1 175/138/1
f 174/141/1 120/142/1 119/140/1
f 174/141/1 121/143/1 120/142/1
f 173/144/1 121/143/1 174/141/1
f 173/144/1 122/145/1 121/143/1
f 172/146/1 122/145/1 173/144/1
f 172/146/1 123/147/1 122/145/1
f 172/146/1 124/148/1 123/147/1
f 171/149/1 124/148/1 172/146/1
f 171/149/1 125/150/1 124/148/1
f 170/151/1 125/150/1 171/149/1
f 170/151/1 126/152/1 125/150/1
f 170/151/1 127/153/1 126/152/1
f 169/154/1 127/153/1 170/151/1
f 169/154/1 128/155/1 127/153/1
f 169/154/1 129/156/1 128/155/1
f 168/157/1 129/156/1 169/154/1
f 168/157/1 130/158/1 129/156/1
f 146/159/1 148/160/1 147/161/1
f 168/157/1 131/162/1 130/158/1
f 145/163/1 148/160/1 146/159/1
f 167/164/1 131/162/1 168/157/1
f 144/165/1 148/160/1 145/163/1
f 167/164/1 132/166/1 131/162/1
f 143/167/1 148/160/1 144/165/1
f 142/168/1 148/160/1 143/167/1
f 141/169/1 148/160/1 142/168/1
f 167/164/1 133/170/1 132/166/1
f 140/171/1 148/160/1 141/169/1
f 139/172/1 148/160/1 140/171/1
f 167/164/1 134/173/1 133/170/1
f 138/174/1 148/160/1 139/172/1
f 137/175/1 148/160/1 138/174/1
f 167/164/1 135/176/1 134/173/1
f 136/177/1 148/160/1 137/175/1
f 166/178/1 135/176/1 167/164/1
f 135/176/1 148/160/1 136/177/1
f 166/178/1 148/160/1 135/176/1
f 165/179/1 148/160/1 166/178/1
f 164/180/1 148/160/1 165/179/1
f 163/181/1 148/160/1 164/180/1
f 163/181/1 149/182/1 148/160/1
f 163/181/1 150/183/1 149/182/1
f 163/181/1 151/184/1 150/183/1
f 162/185/1 151/184/1 163/181/1
f 162/185/1 152/186/1 151/184/1
f 162/185/1 153/187/1 152/186/1
f 162/185/1 154/188/1 153/187/1
f 162/185/1 155/189/1 154/188/1
f 161/190/1 155/189/1 162/185/1
f 161/190/1 156/191/1 155/189/1
f 161/190/1 157/192/1 156/191/1
f 161/190/1 158/193/1 157/192/1
f 160/194/1 158/193/1 161/190/1
f 160/194/1 159/195/1 158/193/1
f 295/196/1 297/197/1 296/198/1
f 294/199/1 297/197/1 295/196/1
f 294/199/1 298/200/1 297/197/1
f 293/201/1 298/200/1 294/199/1
f 292/202/1 298/200/1 293/201/1
f 292/202/1 299/203/1 298/200/1
f 291/204/1 299/203/1 292/202/1
f 291/204/1 300/205/1 299/203/1
f 290/206/1 300/205/1 291/204/1
f 289/207/1 300/205/1 290/206/1
f 289/207/1 301/208/1 300/205/1
f 288/209/1 301/208/1 289/207/1
f 288/209/1 302/210/1 301/208/1
f 287/211/1 302/210/1 288/209/1
f 286/212/1 302/210/1 287/211/1
f 286/212/1 303/213/1 302/210/1
f 285/214/1 303/213/1 286/212/1
f 285/214/1 304/215/1 303/213/1
f 284/216/1 304/215/1 285/214/1
f 283/217/1 282/218/1 284/216/1
f 282/218/1 281/219/1 284/216/1
f 281/219/1 280/220/1 284/216/1
f 280/220/1 279/221/1 284/216/1
f 279/221/1 278/222/1 284/216/1
f 278/222/1 277/223/1 284/216/1
f 277/223/1 276/224/1 284/216/1
f 276/224/1 275/225/1 284/216/1
f 275/225/1 274/226/1 284/216/1
f 274/226/1 273/227/1 284/216/1
f 273/227/1 304/215/1 284/216/1
f 273/227/2 272/228/2 304/215/2
f 272/228/1 271/229/1 304/215/1
f 271/229/1 305/230/1 304/215/1
f 271/229/1 270/231/1 305/230/1
f 270/231/1 306/232/1 305/230/1
f 269/233/1 306/232/1 270/231/1
f 268/234/1 306/232/1 269/233/1
f 267/235/1 306/232/1 268/234/1
f 266/236/1 306/232/1 267/235/1
f 265/237/1 306/232/1 266/236/1
f 265/237/1 307/238/1 306/232/1
f 264/239/1 307/238/1 265/237/1
f 263/240/1 307/238/1 264/239/1
f 262/241/1 307/238/1 263/240/1
f 262/241/1 308/242/1 307/238/1
f 261/243/1 308/242/1 262/241/1
f 260/244/1 308/242/1 261/243/1
f 260/244/1 309/245/1 308/242/1
f 259/246/1 309/245/1 260/244/1
f 258/247/1 309/245/1 259/246/1
f 257/248/1 371/48/1 258/247/1
f 371/48/1 309/245/1 258/247/1
f 256/249/1 371/48/1 257/248/1
f 255/250/1 371/48/1 256/249/1
f 254/251/1 371/48/1 255/250/1
f 253/252/1 371/48/1 254/251/1
f 253/252/1 335/253/1 371/48/1
f 370/254/1 309/245/1 371/48/1
f 253/252/1 336/255/1 335/253/1
f 252/256/1 336/255/1 253/252/1
f 252/256/1 337/257/1 336/255/1
f 251/258/1 337/257/1 252/256/1
f 251/258/1 338/259/1 337/257/1
f 250/260/1 338/259/1 251/258/1
f 250/260/1 339/261/1 338/259/1
f 250/260/1 340/262/1 339/261/1
f 249/263/1 340/262/1 250/260/1
f 249/263/1 341/264/1 340/262/1
f 248/265/1 341/264/1 249/263/1
f 248/265/1 342/266/1 341/264/1
f 248/265/1 343/267/1 342/266/1
f 247/268/1 343/267/1 248/265/1
f 247/268/1 344/269/1 343/267/1
f 247/268/1 345/270/1 344/269/1
f 246/271/1 345/270/1 247/268/1
f 246/271/1 346/272/1 345/270/1
f 245/273/1 346/272/1 246/271/1
f 245/273/1 347/274/1 346/272/1
f 245/273/1 348/275/1 347/274/1
f 244/276/1 348/275/1 245/273/1
f 244/276/1 349/277/1 348/275/1
f 244/276/1 350/278/1 349/277/1
f 369/279/1 309/245/1 370/254/1
f 243/280/1 350/278/1 244/276/1
f 368/281/1 309/245/1 369/279/1
f 243/280/1 351/282/1 350/278/1
f 367/283/1 309/245/1 368/281/1
f 332/284/1 334/285/1 333/286/1
f 367/283/1 310/287/1 309/245/1
f 243/280/1 352/288/1 351/282/1
f 331/289/1 334/285/1 332/284/1
f 366/290/1 310/287/1 367/283/1
f 366/290/1 311/291/1 310/287/1
f 330/292/1 334/285/1 331/289/1
f 242/293/1 352/288/1 243/280/1
f 242/293/1 353/294/1 352/288/1
f 366/290/1 312/295/1 311/291/1
f 365/296/1 312/295/1 366/290/1
f 329/297/1 334/285/1 330/292/1
f 365/296/1 313/298/1 312/295/1
f 364/299/1 313/298/1 365/296/1
f 328/300/1 334/285/1 329/297/1
f 242/293/1 354/301/1 353/294/1
f 364/299/1 314/302/1 313/298/1
f 327/303/1 334/285/1 328/300/1
f 363/304/1 314/302/1 364/299/1
f 363/304/1 315/305/1 314/302/1
f 326/306/1 334/285/1 327/303/1
f 242/293/1 355/307/1 354/301/1
f 363/304/1 316/308/1 315/305/1
f 362/309/1 316/308/1 363/304/1
f 325/310/1 334/285/1 326/306/1
f 362/309/1 317/311/1 316/308/1
f 241/312/1 355/307/1 242/293/1
f 324/313/1 334/285/1 325/310/1
f 241/312/1 356/314/1 355/307/1
f 361/315/1 317/311/1 362/309/1
f 361/315/1 318/316/1 317/311/1
f 323/317/1 334/285/1 324/313/1
f 361/315/1 319/318/1 318/316/1
f 322/319/1 334/285/1 323/317/1
f 360/320/1 319/318/1 361/315/1
f 360/320/1 320/321/1 319/318/1
f 321/322/1 334/285/1 322/319/1
f 360/320/1 321/322/1 320/321/1
f 241/312/1 357/323/1 356/314/1
f 360/320/1 334/285/1 321/322/1
f 359/324/1 334/285/1 360/320/1
f 241/312/1 358/325/1 357/323/1
f 358/325/1 334/285/1 359/324/1
f 241/312/1 221/326/1 358/325/1
f 221/326/1 334/285/1 358/325/1
f 240/327/1 221/326/1 241/312/1
f 240/327/1 222/328/1 221/326/1
f 220/329/1 334/285/1 221/326/1
f 239/330/1 222/328/1 240/327/1
f 239/330/1 223/331/1 222/328/1
f 219/332/1 334/285/1 220/329/1
f 219/332/1 198/84/1 334/285/1
f 238/333/1 223/331/1 239/330/1
f 238/333/1 224/334/1 223/331/1
f 218/335/1 198/84/1 219/332/1
f 218/335/1 199/336/1 198/84/1
f 238/333/1 225/337/1 224/334/1
f 217/338/1 199/336/1 218/335/1
f 237/339/1 225/337/1 238/333/1
f 217/338/1 200/340/1 199/336/1
f 237/339/1 226/341/1 225/337/1
f 216/342/1 200/340/1 217/338/1
f 216/342/1 201/343/1 200/340/1
f 236/344/1 226/341/1 237/339/1
f 236/344/1 227/345/1 226/341/1
f 215/346/1 201/343/1 216/342/1
f 215/346/1 202/347/1 201/343/1
f 236/344/1 228/348/1 227/345/1
f 214/349/1 202/347/1 215/346/1
f 214/349/1 203/350/1 202/347/1
f 235/351/1 228/348/1 236/344/1
f 235/351/1 229/352/1 228/348/1
f 213/353/1 203/350/1 214/349/1
f 213/353/1 204/354/1 203/350/1
f 235/351/1 230/355/1 229/352/1
f 213/353/1 205/356/1 204/354/1
f 212/357/1 205/356/1 213/353/1
f 234/358/1 230/355/1 235/351/1
f 212/357/1 206/359/1 205/356/1
f 234/358/1 231/360/1 230/355/1
f 211/361/1 206/359/1 212/357/1
f 211/361/1 207/362/1 206/359/1
f 234/358/1 232/363/1 231/360/1
f 210/364/1 207/362/1 211/361/1
f 233/365/1 232/363/1 234/358/1
f 210/364/1 208/366/1 207/362/1
f 209/367/1 208/366/1 210/364/1
f 372/84/1 448/368/1 373/369/1
f 448/368/1 374/370/1 373/369/1
f 448/368/1 375/371/1 374/370/1
f 448/368/1 376/372/1 375/371/1
f 448/368/1 377/373/1 376/372/1
f 448/368/1 378/374/1 377/373/1
f 448/368/1 379/375/1 378/374/1
f 448/368/1 380/376/1 379/375/1
f 448/368/1 381/377/1 380/376/1
f 448/368/1 447/378/1 381/377/1
f 447/378/1 446/379/1 381/377/1
f 446/379/1 382/380/1 381/377/1
f 372/84/1 449/48/1 448/368/1
f 445/381/1 382/380/1 446/379/1
f 444/382/1 382/380/1 445/381/1
f 443/383/1 382/380/1 444/382/1
f 442/384/1 382/380/1 443/383/1
f 442/384/1 383/88/1 382/380/1
f 441/385/1 383/88/1 442/384/1
f 440/386/1 383/88/1 441/385/1
f 440/386/1 384/387/1 383/88/1
f 439/388/1 384/387/1 440/386/1
f 438/18/1 384/387/1 439/388/1
f 438/18/1 385/389/1 384/387/1
f 437/390/1 385/389/1 438/18/1
f 436/391/1 385/389/1 437/390/1
f 436/391/1 386/392/1 385/389/1
f 435/393/1 386/392/1 436/391/1
f 434/394/1 386/392/1 435/393/1
f 434/394/1 387/395/1 386/392/1
f 433/396/1 387/395/1 434/394/1
f 433/396/1 388/397/1 387/395/1
f 432/398/1 388/397/1 433/396/1
f 431/399/1 388/397/1 432/398/1
f 431/399/1 389/400/1 388/397/1
f 430/401/1 389/400/1 431/399/1
f 429/402/1 389/400/1 430/401/1
f 429/402/1 390/403/1 389/400/1
f 428/404/1 390/403/1 429/402/1
f 428/404/1 391/405/1 390/403/1
f 427/65/1 391/405/1 428/404/1
f 372/84/1 412/406/1 449/48/1
f 426/407/1 391/405/1 427/65/1
f 372/84/1 413/408/1 412/406/1
f 372/84/1 414/409/1 413/408/1
f 372/84/1 410/410/1 414/409/1
f 410/410/1 415/411/1 414/409/1
f 425/412/1 391/405/1 426/407/1
f 410/410/1 416/71/1 415/411/1
f 410/410/1 417/413/1 416/71/1
f 425/412/1 392/414/1 391/405/1
f 424/415/1 392/414/1 425/412/1
f 410/410/1 418/416/1 417/413/1
f 410/410/1 419/417/1 418/416/1
f 410/410/1 420/418/1 419/417/1
f 423/419/1 392/414/1 424/415/1
f 410/410/1 421/420/1 420/418/1
f 410/410/1 422/421/1 421/420/1
f 410/410/1 423/419/1 422/421/1
f 410/410/1 392/414/1 423/419/1
f 410/410/1 393/422/1 392/414/1
f 410/410/1 394/15/1 393/422/1
f 410/410/1 395/423/1 394/15/1
f 372/84/1 411/424/1 410/410/1
f 409/425/1 395/423/1 410/410/1
f 409/425/1 396/426/1 395/423/1
f 408/427/1 396/426/1 409/425/1
f 407/428/1 396/426/1 408/427/1
f 406/429/1 396/426/1 407/428/1
f 405/14/1 396/426/1 406/429/1
f 405/14/1 397/430/1 396/426/1
f 404/431/1 397/430/1 405/14/1
f 403/432/1 397/430/1 404/431/1
f 402/433/1 397/430/1 403/432/1
f 401/434/1 397/430/1 402/433/1
f 401/434/1 398/435/1 397/430/1
f 400/436/1 398/435/1 401/434/1
f 399/437/1 398/435/1 400/436/1
f 557/438/1 559/439/1 558/440/1
f 557/438/1 560/384/1 559/439/1
f 557/438/1 561/441/1 560/384/1
f 556/442/1 561/441/1 557/438/1
f 556/442/1 562/443/1 561/441/1
f 556/442/1 563/444/1 562/443/1
f 555/445/1 563/444/1 556/442/1
f 555/445/1 564/446/1 563/444/1
f 555/445/1 565/447/1 564/446/1
f 554/448/1 565/447/1 555/445/1
f 554/448/1 566/449/1 565/447/1
f 554/448/1 567/450/1 566/449/1
f 553/451/1 567/450/1 554/448/1
f 553/451/1 568/452/1 567/450/1
f 553/451/1 569/453/1 568/452/1
f 552/454/1 569/453/1 553/451/1
f 552/454/1 570/455/1 569/453/1
f 552/454/1 457/456/1 570/455/1
f 457/456/1 456/457/1 570/455/1
f 456/457/1 455/458/1 570/455/1
f 455/458/1 454/459/1 570/455/1
f 454/459/1 453/460/1 570/455/1
f 453/460/1 452/461/1 570/455/1
f 452/461/1 451/462/1 570/455/1
f 451/462/1 450/84/1 570/455/1
f 450/84/1 571/48/1 570/455/1
f 551/463/1 459/464/1 552/454/1
f 459/464/1 458/465/1 552/454/1
f 458/465/2 457/456/2 552/454/2
f 550/466/1 461/375/1 551/463/1
f 461/375/1 460/467/1 551/463/1
f 460/467/1 459/464/1 551/463/1
f 549/393/1 462/468/1 550/466/1
f 462/468/1 461/375/1 550/466/1
f 549/393/1 463/469/1 462/468/1
f 549/393/1 464/470/1 463/469/1
f 549/393/1 465/471/1 464/470/1
f 549/393/1 466/472/1 465/471/1
f 549/393/1 467/473/1 466/472/1
f 548/474/1 467/473/1 549/393/1
f 548/474/1 468/475/1 467/473/1
f 548/474/1 469/476/1 468/475/1
f 548/474/1 470/477/1 469/476/1
f 547/478/1 470/477/1 548/474/1
f 547/478/1 471/479/1 470/477/1
f 547/478/1 472/392/1 471/479/1
f 546/480/1 472/392/1 547/478/1
f 546/480/1 473/481/1 472/392/1
f 546/480/1 474/482/1 473/481/1
f 545/483/1 474/482/1 546/480/1
f 545/483/1 475/484/1 474/482/1
f 545/483/1 476/485/1 475/484/1
f 544/486/1 476/485/1 545/483/1
f 544/486/1 477/487/1 476/485/1
f 543/488/1 477/487/1 544/486/1
f 543/488/1 478/489/1 477/487/1
f 543/488/1 479/490/1 478/489/1
f 542/491/1 479/490/1 543/488/1
f 542/491/1 480/492/1 479/490/1
f 541/493/1 480/492/1 542/491/1
f 541/493/1 481/494/1 480/492/1
f 540/495/1 481/494/1 541/493/1
f 540/495/1 482/496/1 481/494/1
f 539/497/1 482/496/1 540/495/1
f 539/497/1 483/422/1 482/496/1
f 538/404/1 483/422/1 539/497/1
f 537/498/1 483/422/1 538/404/1
f 537/498/1 484/499/1 483/422/1
f 536/500/1 484/499/1 537/498/1
f 535/501/1 484/499/1 536/500/1
f 535/501/1 485/502/1 484/499/1
f 534/503/1 485/502/1 535/501/1
f 509/504/1 511/505/1 510/506/1
f 534/503/1 486/507/1 485/502/1
f 533/508/1 486/507/1 534/503/1
f 509/504/1 512/509/1 511/505/1
f 532/510/1 486/507/1 533/508/1
f 532/510/1 487/511/1 486/507/1
f 509/504/1 513/512/1 512/509/1
f 531/513/1 487/511/1 532/510/1
f 509/504/1 514/514/1 513/512/1
f 530/515/1 487/511/1 531/513/1
f 529/516/1 487/511/1 530/515/1
f 529/516/1 488/517/1 487/511/1
f 509/504/1 515/518/1 514/514/1
f 528/519/1 488/517/1 529/516/1
f 509/504/1 516/409/1 515/518/1
f 527/420/1 488/517/1 528/519/1
f 509/504/1 517/520/1 516/409/1
f 527/420/1 489/521/1 488/517/1
f 526/522/1 489/521/1 527/420/1
f 509/504/1 518/523/1 517/520/1
f 525/524/1 489/521/1 526/522/1
f 509/504/1 519/525/1 518/523/1
f 524/526/1 489/521/1 525/524/1
f 509/504/1 520/527/1 519/525/1
f 523/528/1 489/521/1 524/526/1
f 509/504/1 521/529/1 520/527/1
f 523/528/1 490/530/1 489/521/1
f 522/531/1 490/530/1 523/528/1
f 509/504/1 522/531/1 521/529/1
f 509/504/1 490/530/1 522/531/1
f 509/504/1 491/532/1 490/530/1
f 508/533/1 491/532/1 509/504/1
f 507/534/1 491/532/1 508/533/1
f 507/534/1 492/535/1 491/532/1
f 506/536/1 492/535/1 507/534/1
f 506/536/1 493/537/1 492/535/1
f 505/428/1 493/537/1 506/536/1
f 504/538/1 493/537/1 505/428/1
f 504/538/1 494/436/1 493/537/1
f 503/539/1 494/436/1 504/538/1
f 502/540/1 494/436/1 503/539/1
f 502/540/1 495/541/1 494/436/1
f 501/542/1 495/541/1 502/540/1
f 500/543/1 495/541/1 501/542/1
f 500/543/1 496/544/1 495/541/1
f 499/545/1 496/544/1 500/543/1
f 498/546/1 496/544/1 499/545/1
f 498/546/1 497/547/1 496/544/1
f 606/548/1 608/549/1 607/550/1
f 606/548/1 609/551/1 608/549/1
f 605/552/1 609/551/1 606/548/1
f 605/552/1 610/553/1 609/551/1
f 604/554/1 610/553/1 605/552/1
f 604/554/1 611/555/1 610/553/1
f 603/556/1 611/555/1 604/554/1
f 603/556/1 612/557/1 611/555/1
f 602/558/1 612/557/1 603/556/1
f 602/558/1 613/559/1 612/557/1
f 601/560/1 613/559/1 602/558/1
f 601/560/1 614/561/1 613/559/1
f 600/562/1 655/563/1 601/560/1
f 655/563/1 614/561/1 601/560/1
f 600/562/1 656/564/1 655/563/1
f 654/565/1 614/561/1 655/563/1
f 600/562/1 657/566/1 656/564/1
f 653/567/1 614/561/1 654/565/1
f 600/562/1 658/568/1 657/566/1
f 652/569/1 614/561/1 653/567/1
f 652/569/1 615/570/1 614/561/1
f 599/571/1 658/568/1 600/562/1
f 599/571/1 659/572/1 658/568/1
f 651/573/1 615/570/1 652/569/1
f 599/571/1 660/574/1 659/572/1
f 650/575/1 615/570/1 651/573/1
f 599/571/1 661/576/1 660/574/1
f 649/577/1 615/570/1 650/575/1
f 649/577/1 616/578/1 615/570/1
f 598/579/1 661/576/1 599/571/1
f 598/579/1 662/580/1 661/576/1
f 648/581/1 616/578/1 649/577/1
f 598/579/1 663/582/1 662/580/1
f 647/583/1 616/578/1 648/581/1
f 647/583/1 617/584/1 616/578/1
f 597/585/1 663/582/1 598/579/1
f 597/585/1 664/586/1 663/582/1
f 646/587/1 617/584/1 647/583/1
f 646/587/1 618/588/1 617/584/1
f 596/589/1 664/586/1 597/585/1
f 596/589/1 665/590/1 664/586/1
f 645/591/1 618/588/1 646/587/1
f 596/589/1 666/592/1 665/590/1
f 644/593/1 618/588/1 645/591/1
f 644/593/1 619/594/1 618/588/1
f 595/595/1 666/592/1 596/589/1
f 595/595/1 667/48/1 666/592/1
f 643/596/1 619/594/1 644/593/1
f 594/597/1 667/48/1 595/595/1
f 594/597/1 620/598/1 667/48/1
f 643/596/1 572/84/1 619/594/1
f 642/599/1 572/84/1 643/596/1
f 594/597/1 621/600/1 620/598/1
f 641/601/1 572/84/1 642/599/1
f 593/602/1 621/600/1 594/597/1
f 641/601/1 573/603/1 572/84/1
f 593/602/1 622/604/1 621/600/1
f 640/605/1 573/603/1 641/601/1
f 593/602/1 623/606/1 622/604/1
f 592/607/1 623/606/1 593/602/1
f 639/608/1 573/603/1 640/605/1
f 639/608/1 574/609/1 573/603/1
f 592/607/1 624/610/1 623/606/1
f 638/611/1 574/609/1 639/608/1
f 591/612/1 624/610/1 592/607/1
f 638/611/1 575/613/1 574/609/1
f 591/612/1 625/614/1 624/610/1
f 637/615/1 575/613/1 638/611/1
f 591/612/1 626/616/1 625/614/1
f 636/617/1 575/613/1 637/615/1
f 590/618/1 626/616/1 591/612/1
f 636/617/1 576/619/1 575/613/1
f 590/618/1 627/620/1 626/616/1
f 635/621/1 576/619/1 636/617/1
f 590/618/1 628/622/1 627/620/1
f 634/623/1 576/619/1 635/621/1
f 590/618/1 629/624/1 628/622/1
f 633/625/1 576/619/1 634/623/1
f 589/626/1 629/624/1 590/618/1
f 633/625/1 577/627/1 576/619/1
f 589/626/1 630/628/1 629/624/1
f 632/629/1 577/627/1 633/625/1
f 589/626/1 631/630/1 630/628/1
f 631/630/1 577/627/1 632/629/1
f 589/626/1 577/627/1 631/630/1
f 588/631/1 577/627/1 589/626/1
f 588/631/1 578/632/1 577/627/1
f 587/633/1 578/632/1 588/631/1
f 587/633/1 579/634/1 578/632/1
f 586/635/1 579/634/1 587/633/1
f 586/635/1 580/636/1 579/634/1
f 585/637/1 580/636/1 586/635/1
f 585/637/1 581/638/1 580/636/1
f 584/639/1 581/638/1 585/637/1
f 584/639/1 582/640/1 581/638/1
f 583/641/1 582/640/1 584/639/1
f 672/71/1 674/18/1 673/65/1
f 672/71/1 675/48/1 674/18/1
f 671/14/1 675/48/1 672/71/1
f 670/15/1 668/84/1 671/14/1
f 668/84/1 675/48/1 671/14/1
f 670/15/1 669/88/1 668/84/1
f 729/642/1 731/643/1 730/644/1
f 729/642/1 732/48/1 731/643/1
f 687/645/1 689/646/1 688/54/1
f 686/647/1 689/646/1 687/645/1
f 686/647/1 690/648/1 689/646/1
f 685/649/1 690/648/1 686/647/1
f 684/88/1 690/648/1 685/649/1
f 684/88/1 691/650/1 690/648/1
f 683/651/1 691/650/1 684/88/1
f 683/651/1 692/15/1 691/650/1
f 682/652/1 692/15/1 683/651/1
f 681/653/1 692/15/1 682/652/1
f 681/653/1 693/654/1 692/15/1
f 680/95/1 693/654/1 681/653/1
f 679/655/1 693/654/1 680/95/1
f 679/655/1 694/656/1 693/654/1
f 678/657/1 694/656/1 679/655/1
f 678/657/1 695/658/1 694/656/1
f 677/659/1 695/658/1 678/657/1
f 676/84/1 695/658/1 677/659/1
f 676/84/1 715/660/1 695/658/1
f 715/660/1 696/3/1 695/658/1
f 729/642/1 676/84/1 732/48/1
f 729/642/1 727/661/1 676/84/1
f 727/661/1 726/662/1 676/84/1
f 726/662/1 725/663/1 676/84/1
f 725/663/1 724/18/1 676/84/1
f 724/18/1 723/664/1 676/84/1
f 723/664/1 722/665/1 676/84/1
f 722/665/1 721/666/1 676/84/1
f 721/666/1 720/36/1 676/84/1
f 720/36/1 719/667/1 676/84/1
f 719/667/1 718/668/1 676/84/1
f 718/668/1 717/669/1 676/84/1
f 717/669/1 716/65/1 676/84/1
f 716/65/1 715/660/1 676/84/1
f 714/670/1 696/3/1 715/660/1
f 713/671/1 696/3/1 714/670/1
f 712/78/1 696/3/1 713/671/1
f 711/672/1 696/3/1 712/78/1
f 711/672/1 697/673/1 696/3/1
f 710/674/1 697/673/1 711/672/1
f 709/675/1 697/673/1 710/674/1
f 708/71/1 697/673/1 709/675/1
f 708/71/1 698/676/1 697/673/1
f 707/677/1 698/676/1 708/71/1
f 706/678/1 698/676/1 707/677/1
f 706/678/1 699/679/1 698/676/1
f 705/680/1 699/679/1 706/678/1
f 729/642/1 728/29/1 727/661/1
f 704/53/1 699/679/1 705/680/1
f 704/53/1 700/14/1 699/679/1
f 703/681/1 700/14/1 704/53/1
f 702/682/1 700/14/1 703/681/1
f 702/682/1 701/683/1 700/14/1
f 852/566/1 854/684/1 853/685/1
f 852/566/1 855/686/1 854/684/1
f 851/687/1 855/686/1 852/566/1
f 851/687/1 856/688/1 855/686/1
f 851/687/1 857/689/1 856/688/1
f 850/690/1 857/689/1 851/687/1
f 850/690/1 858/691/1 857/689/1
f 850/690/1 859/580/1 858/691/1
f 849/692/1 859/580/1 850/690/1
f 849/692/1 860/693/1 859/580/1
f 849/692/1 861/694/1 860/693/1
f 848/695/1 861/694/1 849/692/1
f 848/695/1 862/696/1 861/694/1
f 848/695/1 863/697/1 862/696/1
f 847/18/1 863/697/1 848/695/1
f 847/18/1 864/698/1 863/697/1
f 847/18/1 865/699/1 864/698/1
f 846/700/1 865/699/1 847/18/1
f 846/700/1 740/627/1 865/699/1
f 740/627/1 739/701/1 865/699/1
f 739/701/1 738/702/1 865/699/1
f 738/702/1 737/703/1 865/699/1
f 737/703/1 736/704/1 865/699/1
f 736/704/1 735/705/1 865/699/1
f 735/705/1 734/706/1 865/699/1
f 734/706/1 733/84/1 865/699/1
f 733/84/1 866/48/1 865/699/1
f 845/569/1 742/707/1 846/700/1
f 742/707/1 741/708/1 846/700/1
f 741/708/1 740/627/1 846/700/1
f 844/709/1 743/710/1 845/569/1
f 743/710/1 742/707/1 845/569/1
f 843/711/1 745/712/1 844/709/1
f 745/712/1 744/713/1 844/709/1
f 744/713/1 743/710/1 844/709/1
f 843/711/1 746/714/1 745/712/1
f 843/711/1 747/640/1 746/714/1
f 843/711/1 748/715/1 747/640/1
f 843/711/1 749/716/1 748/715/1
f 843/711/1 750/717/1 749/716/1
f 842/718/1 750/717/1 843/711/1
f 842/718/1 751/719/1 750/717/1
f 842/718/1 752/88/1 751/719/1
f 842/718/1 753/720/1 752/88/1
f 842/718/1 754/633/1 753/720/1
f 841/721/1 754/633/1 842/718/1
f 841/721/1 755/722/1 754/633/1
f 841/721/1 756/723/1 755/722/1
f 841/721/1 757/724/1 756/723/1
f 840/725/1 757/724/1 841/721/1
f 840/725/1 758/726/1 757/724/1
f 840/725/1 759/727/1 758/726/1
f 840/725/1 760/728/1 759/727/1
f 840/725/1 761/607/1 760/728/1
f 840/725/1 762/729/1 761/607/1
f 839/730/1 762/729/1 840/725/1
f 839/730/1 763/731/1 762/729/1
f 839/730/1 764/732/1 763/731/1
f 839/730/1 765/733/1 764/732/1
f 838/583/1 765/733/1 839/730/1
f 838/583/1 766/734/1 765/733/1
f 838/583/1 767/735/1 766/734/1
f 838/583/1 768/585/1 767/735/1
f 837/736/1 768/585/1 838/583/1
f 837/736/1 769/737/1 768/585/1
f 836/738/1 769/737/1 837/736/1
f 836/738/1 770/739/1 769/737/1
f 836/738/1 771/15/1 770/739/1
f 835/740/1 771/15/1 836/738/1
f 835/740/1 772/741/1 771/15/1
f 834/742/1 772/741/1 835/740/1
f 834/742/1 773/743/1 772/741/1
f 834/742/1 774/744/1 773/743/1
f 833/745/1 774/744/1 834/742/1
f 833/745/1 775/558/1 774/744/1
f 832/746/1 775/558/1 833/745/1
f 832/746/1 776/747/1 775/558/1
f 832/746/1 777/748/1 776/747/1
f 831/599/1 777/748/1 832/746/1
f 831/599/1 778/749/1 777/748/1
f 830/750/1 778/749/1 831/599/1
f 830/750/1 779/751/1 778/749/1
f 829/752/1 779/751/1 830/750/1
f 829/752/1 780/753/1 779/751/1
f 804/754/1 806/755/1 805/756/1
f 829/752/1 781/757/1 780/753/1
f 828/65/1 781/757/1 829/752/1
f 804/754/1 807/758/1 806/755/1
f 827/759/1 781/757/1 828/65/1
f 804/754/1 808/760/1 807/758/1
f 826/761/1 781/757/1 827/759/1
f 826/761/1 782/550/1 781/757/1
f 804/754/1 809/71/1 808/760/1
f 825/762/1 782/550/1 826/761/1
f 804/754/1 810/620/1 809/71/1
f 824/615/1 782/550/1 825/762/1
f 804/754/1 811/763/1 810/620/1
f 823/764/1 782/550/1 824/615/1
f 823/764/1 783/765/1 782/550/1
f 804/754/1 812/766/1 811/763/1
f 822/767/1 783/765/1 823/764/1
f 821/768/1 783/765/1 822/767/1
f 804/754/1 813/769/1 812/766/1
f 820/770/1 783/765/1 821/768/1
f 804/754/1 814/771/1 813/769/1
f 819/772/1 783/765/1 820/770/1
f 804/754/1 815/773/1 814/771/1
f 818/774/1 783/765/1 819/772/1
f 804/754/1 816/775/1 815/773/1
f 817/629/1 783/765/1 818/774/1
f 804/754/1 817/629/1 816/775/1
f 817/629/1 784/776/1 783/765/1
f 804/754/1 784/776/1 817/629/1
f 804/754/1 785/777/1 784/776/1
f 804/754/1 786/778/1 785/777/1
f 803/604/1 786/778/1 804/754/1
f 803/604/1 787/779/1 786/778/1
f 802/780/1 787/779/1 803/604/1
f 801/781/1 787/779/1 802/780/1
f 801/781/1 788/782/1 787/779/1
f 800/783/1 788/782/1 801/781/1
f 799/784/1 788/782/1 800/783/1
f 799/784/1 789/557/1 788/782/1
f 798/785/1 789/557/1 799/784/1
f 798/785/1 790/14/1 789/557/1
f 797/786/1 790/14/1 798/785/1
f 796/584/1 790/14/1 797/786/1
f 796/584/1 791/787/1 790/14/1
f 795/788/1 791/787/1 796/584/1
f 794/789/1 791/787/1 795/788/1
f 794/789/1 792/790/1 791/787/1
f 793/791/1 792/790/1 794/789/1
f 891/792/1 893/793/1 892/428/1
f 891/792/1 894/794/1 893/793/1
f 918/795/1 920/796/1 919/797/1
f 918/795/1 921/798/1 920/796/1
f 890/799/1 894/794/1 891/792/1
f 890/799/1 895/800/1 894/794/1
f 890/799/1 896/801/1 895/800/1
f 889/553/1 896/801/1 890/799/1
f 889/553/1 897/409/1 896/801/1
f 917/384/1 921/798/1 918/795/1
f 889/553/1 898/802/1 897/409/1
f 916/803/1 921/798/1 917/384/1
f 888/804/1 898/802/1 889/553/1
f 888/804/1 899/805/1 898/802/1
f 915/806/1 921/798/1 916/803/1
f 914/807/1 921/798/1 915/806/1
f 888/804/1 900/624/1 899/805/1
f 887/436/1 900/624/1 888/804/1
f 913/808/1 921/798/1 914/807/1
f 887/436/1 901/809/1 900/624/1
f 912/393/1 867/84/1 913/808/1
f 867/84/1 921/798/1 913/808/1
f 887/436/1 902/420/1 901/809/1
f 911/581/1 867/84/1 912/393/1
f 887/436/1 903/810/1 902/420/1
f 910/811/1 867/84/1 911/581/1
f 886/812/1 903/810/1 887/436/1
f 909/813/1 867/84/1 910/811/1
f 886/812/1 904/814/1 903/810/1
f 908/815/1 867/84/1 909/813/1
f 886/812/1 905/816/1 904/814/1
f 907/404/1 867/84/1 908/815/1
f 886/812/1 906/817/1 905/816/1
f 906/817/1 867/84/1 907/404/1
f 886/812/1 867/84/1 906/817/1
f 886/812/1 868/818/1 867/84/1
f 922/48/1 921/798/1 867/84/1
f 885/819/1 868/818/1 886/812/1
f 885/819/1 869/820/1 868/818/1
f 885/819/1 870/821/1 869/820/1
f 884/822/1 870/821/1 885/819/1
f 884/822/1 871/823/1 870/821/1
f 883/824/1 871/823/1 884/822/1
f 883/824/1 872/375/1 871/823/1
f 883/824/1 873/825/1 872/375/1
f 882/422/1 873/825/1 883/824/1
f 882/422/1 874/826/1 873/825/1
f 882/422/1 875/827/1 874/826/1
f 881/828/1 875/827/1 882/422/1
f 881/828/1 876/829/1 875/827/1
f 880/830/1 876/829/1 881/828/1
f 880/830/1 877/392/1 876/829/1
f 880/830/1 878/612/1 877/392/1
f 879/831/1 878/612/1 880/830/1
f 949/793/1 977/798/1 950/794/1
f 977/798/1 951/800/1 950/794/1
f 977/798/1 923/84/1 951/800/1
f 977/798/1 924/818/1 923/84/1
f 977/798/1 925/820/1 924/818/1
f 977/798/1 926/821/1 925/820/1
f 977/798/1 927/823/1 926/821/1
f 977/798/1 928/375/1 927/823/1
f 977/798/1 929/825/1 928/375/1
f 977/798/1 976/796/1 929/825/1
f 976/796/1 930/826/1 929/825/1
f 949/793/1 978/48/1 977/798/1
f 975/797/1 930/826/1 976/796/1
f 974/795/1 930/826/1 975/797/1
f 973/384/1 930/826/1 974/795/1
f 973/384/1 931/827/1 930/826/1
f 972/803/1 931/827/1 973/384/1
f 971/806/1 931/827/1 972/803/1
f 970/807/1 931/827/1 971/806/1
f 970/807/1 932/829/1 931/827/1
f 969/808/1 932/829/1 970/807/1
f 968/393/1 932/829/1 969/808/1
f 967/581/1 932/829/1 968/393/1
f 967/581/1 933/392/1 932/829/1
f 966/811/1 933/392/1 967/581/1
f 965/813/1 933/392/1 966/811/1
f 965/813/1 934/612/1 933/392/1
f 964/815/1 934/612/1 965/813/1
f 963/404/1 934/612/1 964/815/1
f 963/404/1 935/831/1 934/612/1
f 962/817/1 935/831/1 963/404/1
f 962/817/1 936/830/1 935/831/1
f 961/816/1 936/830/1 962/817/1
f 960/814/1 936/830/1 961/816/1
f 960/814/1 937/828/1 936/830/1
f 959/810/1 937/828/1 960/814/1
f 958/420/1 937/828/1 959/810/1
f 958/420/1 938/422/1 937/828/1
f 957/809/1 938/422/1 958/420/1
f 956/624/1 938/422/1 957/809/1
f 955/805/1 938/422/1 956/624/1
f 954/802/1 938/422/1 955/805/1
f 954/802/1 939/824/1 938/422/1
f 953/409/1 939/824/1 954/802/1
f 952/801/1 939/824/1 953/409/1
f 949/793/1 947/792/1 978/48/1
f 947/792/1 952/801/1 978/48/1
f 947/792/1 939/824/1 952/801/1
f 947/792/1 940/822/1 939/824/1
f 947/792/1 941/819/1 940/822/1
f 947/792/1 942/812/1 941/819/1
f 947/792/1 943/436/1 942/812/1
f 947/792/1 944/804/1 943/436/1
f 947/792/1 945/553/1 944/804/1
f 947/792/1 946/799/1 945/553/1
f 949/793/1 948/428/1 947/792/1
f 1013/1/3 1014/3/3 1015/2/3
f 1013/1/3 1015/2/3 1016/4/3
f 1012/5/3 1013/1/3 1016/4/3
f 1012/5/3 1016/4/3 1017/6/3
f 1011/7/3 1012/5/3 1017/6/3
f 1011/7/3 1017/6/3 1018/8/3
f 1010/9/3 1011/7/3 1018/8/3
f 1010/9/3 1018/8/3 1019/10/3
f 1009/11/3 1010/9/3 1019/10/3
f 1009/11/3 1019/10/3 1020/12/3
f 1008/13/3 1009/11/3 1020/12/3
f 1008/13/3 1020/12/3 1021/14/3
f 1007/15/3 1008/13/3 1064/16/3
f 1064/16/3 1008/13/3 1021/14/3
f 1007/15/3 1064/16/3 1065/17/3
f 1063/18/3 1064/16/3 1021/14/3
f 1007/15/3 1065/17/3 1066/19/3
f 1062/20/3 1063/18/3 1021/14/3
f 1007/15/3 1066/19/3 1067/21/3
f 1061/22/3 1062/20/3 1021/14/3
f 1061/22/3 1021/14/3 1022/23/3
f 1007/15/3 1067/21/3 1068/24/3
f 1006/25/3 1007/15/3 1068/24/3
f 1060/26/3 1061/22/3 1022/23/3
f 1006/25/3 1068/24/3 1069/27/3
f 1059/28/3 1060/26/3 1022/23/3
f 1006/25/3 1069/27/3 1070/29/3
f 1058/30/3 1059/28/3 1022/23/3
f 1006/25/3 1070/29/3 1071/31/3
f 1057/32/3 1058/30/3 1022/23/3
f 1005/33/3 1006/25/3 1071/31/3
f 1057/32/3 1022/23/3 1023/34/3
f 1005/33/3 1071/31/3 1072/35/3
f 1056/36/3 1057/32/3 1023/34/3
f 1005/33/3 1072/35/3 1073/37/3
f 1055/38/3 1056/36/3 1023/34/3
f 1004/39/3 1005/33/3 1073/37/3
f 1055/38/3 1023/34/3 1024/40/3
f 1004/39/3 1073/37/3 1074/41/3
f 1054/42/3 1055/38/3 1024/40/3
f 1004/39/3 1074/41/3 1075/43/3
f 1053/44/3 1054/42/3 1024/40/3
f 1003/45/3 1004/39/3 1075/43/3
f 1003/45/3 1075/43/3 1076/46/3
f 1053/44/3 1024/40/3 1025/47/3
f 1077/48/3 1053/44/3 1025/47/3
f 1003/45/3 1076/46/3 1077/48/3
f 1003/45/3 1077/48/3 1025/47/3
f 1002/49/3 1003/45/3 1025/47/3
f 1002/49/3 1025/47/3 1026/50/3
f 1001/51/3 1002/49/3 1027/52/3
f 1027/52/3 1002/49/3 1026/50/3
f 1001/51/3 1027/52/3 1028/53/3
f 1000/54/3 1001/51/3 1028/53/3
f 1000/54/3 1028/53/3 1029/55/3
f 1000/54/3 1029/55/3 1030/56/3
f 999/57/3 1000/54/3 1030/56/3
f 999/57/3 1030/56/3 1031/58/3
f 998/59/3 999/57/3 1031/58/3
f 998/59/3 1031/58/3 1032/60/3
f 1050/61/3 1051/63/3 1052/62/3
f 998/59/3 1032/60/3 1033/64/3
f 1049/65/3 1050/61/3 1052/62/3
f 1048/66/3 1049/65/3 1052/62/3
f 997/67/3 998/59/3 1033/64/3
f 997/67/3 1033/64/3 1034/68/3
f 1047/69/3 1048/66/3 1052/62/3
f 1046/70/3 1047/69/3 1052/62/3
f 997/67/3 1034/68/3 1035/71/3
f 1045/72/3 1046/70/3 1052/62/3
f 997/67/3 1035/71/3 1036/73/3
f 1044/74/3 1045/72/3 1052/62/3
f 996/75/3 997/67/3 1036/73/3
f 1043/76/3 1044/74/3 1052/62/3
f 996/75/3 1036/73/3 1037/77/3
f 1042/78/3 1043/76/3 1052/62/3
f 996/75/3 1037/77/3 1038/79/3
f 1041/80/3 1042/78/3 1052/62/3
f 1040/81/3 1041/80/3 1052/62/3
f 996/75/3 1038/79/3 1039/82/3
f 1039/82/3 1040/81/3 1052/62/3
f 996/75/3 1039/82/3 1052/62/3
f 995/83/3 996/75/3 1052/62/3
f 995/83/3 1052/62/3 979/84/3
f 994/85/3 995/83/3 979/84/3
f 994/85/3 979/84/3 980/86/3
f 994/85/3 980/86/3 981/87/3
f 993/88/3 994/85/3 981/87/3
f 993/88/3 981/87/3 982/89/3
f 993/88/3 982/89/3 983/90/3
f 992/91/3 993/88/3 983/90/3
f 992/91/3 983/90/3 984/92/3
f 992/91/3 984/92/3 985/93/3
f 991/94/3 992/91/3 985/93/3
f 991/94/3 985/93/3 986/95/3
f 991/94/3 986/95/3 987/96/3
f 991/94/3 987/96/3 988/97/3
f 990/98/3 991/94/3 988/97/3
f 990/98/3 988/97/3 989/99/3
f 1161/100/3 1162/102/3 1163/101/3
f 1161/100/3 1163/101/3 1164/103/3
f 1161/100/3 1164/103/3 1165/104/3
f 1160/105/3 1161/100/3 1165/104/3
f 1160/105/3 1165/104/3 1166/106/3
f 1160/105/3 1166/106/3 1167/107/3
f 1160/105/3 1167/107/3 1168/108/3
f 1159/109/3 1160/105/3 1168/108/3
f 1159/109/3 1168/108/3 1169/110/3
f 1159/109/3 1169/110/3 1170/111/3
f 1159/109/3 1170/111/3 1171/112/3
f 1158/113/3 1159/109/3 1171/112/3
f 1158/113/3 1171/112/3 1172/114/3
f 1158/113/3 1172/114/3 1173/115/3
f 1158/113/3 1173/115/3 1174/116/3
f 1157/117/3 1158/113/3 1174/116/3
f 1157/117/3 1174/116/3 1085/118/3
f 1085/118/3 1174/116/3 1084/119/3
f 1084/119/3 1174/116/3 1083/120/3
f 1083/120/3 1174/116/3 1082/121/3
f 1082/121/3 1174/116/3 1081/122/3
f 1081/122/3 1174/116/3 1080/123/3
f 1080/123/3 1174/116/3 1079/124/3
f 1079/124/3 1174/116/3 1078/84/3
f 1078/84/3 1174/116/3 1175/48/3
f 1156/125/3 1157/117/3 1087/126/3
f 1087/126/3 1157/117/3 1086/127/3
f 1086/127/3 1157/117/3 1085/118/3
f 1155/128/3 1156/125/3 1089/129/3
f 1089/129/3 1156/125/3 1088/130/3
f 1088/130/3 1156/125/3 1087/126/3
f 1155/128/3 1089/129/3 1090/131/3
f 1155/128/3 1090/131/3 1091/132/3
f 1155/128/3 1091/132/3 1092/133/3
f 1154/134/3 1155/128/3 1092/133/3
f 1154/134/3 1092/133/3 1093/135/3
f 1154/134/3 1093/135/3 1094/136/3
f 1154/134/3 1094/136/3 1095/137/3
f 1153/138/3 1154/134/3 1095/137/3
f 1153/138/3 1095/137/3 1096/139/3
f 1153/138/3 1096/139/3 1097/140/3
f 1152/141/3 1153/138/3 1097/140/3
f 1152/141/3 1097/140/3 1098/142/3
f 1152/141/3 1098/142/3 1099/143/3
f 1151/144/3 1152/141/3 1099/143/3
f 1151/144/3 1099/143/3 1100/145/3
f 1150/146/3 1151/144/3 1100/145/3
f 1150/146/3 1100/145/3 1101/147/3
f 1150/146/3 1101/147/3 1102/148/3
f 1149/149/3 1150/146/3 1102/148/3
f 1149/149/3 1102/148/3 1103/150/3
f 1148/151/3 1149/149/3 1103/150/3
f 1148/151/3 1103/150/3 1104/152/3
f 1148/151/3 1104/152/3 1105/153/3
f 1147/154/3 1148/151/3 1105/153/3
f 1147/154/3 1105/153/3 1106/155/3
f 1147/154/3 1106/155/3 1107/156/3
f 1146/157/3 1147/154/3 1107/156/3
f 1146/157/3 1107/156/3 1108/158/3
f 1124/159/3 1125/161/3 1126/160/3
f 1146/157/3 1108/158/3 1109/162/3
f 1123/163/3 1124/159/3 1126/160/3
f 1145/164/3 1146/157/3 1109/162/3
f 1122/165/3 1123/163/3 1126/160/3
f 1145/164/3 1109/162/3 1110/166/3
f 1121/167/3 1122/165/3 1126/160/3
f 1120/168/3 1121/167/3 1126/160/3
f 1119/169/3 1120/168/3 1126/160/3
f 1145/164/3 1110/166/3 1111/170/3
f 1118/171/3 1119/169/3 1126/160/3
f 1117/172/3 1118/171/3 1126/160/3
f 1145/164/3 1111/170/3 1112/173/3
f 1116/174/3 1117/172/3 1126/160/3
f 1115/175/3 1116/174/3 1126/160/3
f 1145/164/3 1112/173/3 1113/176/3
f 1114/177/3 1115/175/3 1126/160/3
f 1144/178/3 1145/164/3 1113/176/3
f 1113/176/3 1114/177/3 1126/160/3
f 1144/178/3 1113/176/3 1126/160/3
f 1143/179/3 1144/178/3 1126/160/3
f 1142/180/3 1143/179/3 1126/160/3
f 1141/181/3 1142/180/3 1126/160/3
f 1141/181/3 1126/160/3 1127/182/3
f 1141/181/3 1127/182/3 1128/183/3
f 1141/181/3 1128/183/3 1129/184/3
f 1140/185/3 1141/181/3 1129/184/3
f 1140/185/3 1129/184/3 1130/186/3
f 1140/185/3 1130/186/3 1131/187/3
f 1140/185/3 1131/187/3 1132/188/3
f 1140/185/3 1132/188/3 1133/189/3
f 1139/190/3 1140/185/3 1133/189/3
f 1139/190/3 1133/189/3 1134/191/3
f 1139/190/3 1134/191/3 1135/192/3
f 1139/190/3 1135/192/3 1136/193/3
f 1138/194/3 1139/190/3 1136/193/3
f 1138/194/3 1136/193/3 1137/195/3
f 1273/196/3 1274/198/3 1275/197/3
f 1272/199/3 1273/196/3 1275/197/3
f 1272/199/3 1275/197/3 1276/200/3
f 1271/201/3 1272/199/3 1276/200/3
f 1270/202/3 1271/201/3 1276/200/3
f 1270/202/3 1276/200/3 1277/203/3
f 1269/204/3 1270/202/3 1277/203/3
f 1269/204/3 1277/203/3 1278/205/3
f 1268/206/3 1269/204/3 1278/205/3
f 1267/207/3 1268/206/3 1278/205/3
f 1267/207/3 1278/205/3 1279/208/3
f 1266/209/3 1267/207/3 1279/208/3
f 1266/209/3 1279/208/3 1280/210/3
f 1265/211/3 1266/209/3 1280/210/3
f 1264/212/3 1265/211/3 1280/210/3
f 1264/212/3 1280/210/3 1281/213/3
f 1263/214/3 1264/212/3 1281/213/3
f 1263/214/3 1281/213/3 1282/215/3
f 1262/216/3 1263/214/3 1282/215/3
f 1261/217/3 1262/216/3 1260/218/3
f 1260/218/3 1262/216/3 1259/219/3
f 1259/219/3 1262/216/3 1258/220/3
f 1258/220/3 1262/216/3 1257/221/3
f 1257/221/3 1262/216/3 1256/222/3
f 1256/222/3 1262/216/3 1255/223/3
f 1255/223/3 1262/216/3 1254/224/3
f 1254/224/3 1262/216/3 1253/225/3
f 1253/225/3 1262/216/3 1252/226/3
f 1252/226/3 1262/216/3 1251/227/3
f 1251/227/3 1262/216/3 1282/215/3
f 1251/227/4 1282/215/4 1250/228/4
f 1250/228/3 1282/215/3 1249/229/3
f 1249/229/3 1282/215/3 1283/230/3
f 1249/229/3 1283/230/3 1248/231/3
f 1248/231/3 1283/230/3 1284/232/3
f 1247/233/3 1248/231/3 1284/232/3
f 1246/234/3 1247/233/3 1284/232/3
f 1245/235/3 1246/234/3 1284/232/3
f 1244/236/3 1245/235/3 1284/232/3
f 1243/237/3 1244/236/3 1284/232/3
f 1243/237/3 1284/232/3 1285/238/3
f 1242/239/3 1243/237/3 1285/238/3
f 1241/240/3 1242/239/3 1285/238/3
f 1240/241/3 1241/240/3 1285/238/3
f 1240/241/3 1285/238/3 1286/242/3
f 1239/243/3 1240/241/3 1286/242/3
f 1238/244/3 1239/243/3 1286/242/3
f 1238/244/3 1286/242/3 1287/245/3
f 1237/246/3 1238/244/3 1287/245/3
f 1236/247/3 1237/246/3 1287/245/3
f 1235/248/3 1236/247/3 1349/48/3
f 1349/48/3 1236/247/3 1287/245/3
f 1234/249/3 1235/248/3 1349/48/3
f 1233/250/3 1234/249/3 1349/48/3
f 1232/251/3 1233/250/3 1349/48/3
f 1231/252/3 1232/251/3 1349/48/3
f 1231/252/3 1349/48/3 1313/253/3
f 1348/254/3 1349/48/3 1287/245/3
f 1231/252/3 1313/253/3 1314/255/3
f 1230/256/3 1231/252/3 1314/255/3
f 1230/256/3 1314/255/3 1315/257/3
f 1229/258/3 1230/256/3 1315/257/3
f 1229/258/3 1315/257/3 1316/259/3
f 1228/260/3 1229/258/3 1316/259/3
f 1228/260/3 1316/259/3 1317/261/3
f 1228/260/3 1317/261/3 1318/262/3
f 1227/263/3 1228/260/3 1318/262/3
f 1227/263/3 1318/262/3 1319/264/3
f 1226/265/3 1227/263/3 1319/264/3
f 1226/265/3 1319/264/3 1320/266/3
f 1226/265/3 1320/266/3 1321/267/3
f 1225/268/3 1226/265/3 1321/267/3
f 1225/268/3 1321/267/3 1322/269/3
f 1225/268/3 1322/269/3 1323/270/3
f 1224/271/3 1225/268/3 1323/270/3
f 1224/271/3 1323/270/3 1324/272/3
f 1223/273/3 1224/271/3 1324/272/3
f 1223/273/3 1324/272/3 1325/274/3
f 1223/273/3 1325/274/3 1326/275/3
f 1222/276/3 1223/273/3 1326/275/3
f 1222/276/3 1326/275/3 1327/277/3
f 1222/276/3 1327/277/3 1328/278/3
f 1347/279/3 1348/254/3 1287/245/3
f 1221/280/3 1222/276/3 1328/278/3
f 1346/281/3 1347/279/3 1287/245/3
f 1221/280/3 1328/278/3 1329/282/3
f 1345/283/3 1346/281/3 1287/245/3
f 1310/284/3 1311/286/3 1312/285/3
f 1345/283/3 1287/245/3 1288/287/3
f 1221/280/3 1329/282/3 1330/288/3
f 1309/289/3 1310/284/3 1312/285/3
f 1344/290/3 1345/283/3 1288/287/3
f 1344/290/3 1288/287/3 1289/291/3
f 1308/292/3 1309/289/3 1312/285/3
f 1220/293/3 1221/280/3 1330/288/3
f 1220/293/3 1330/288/3 1331/294/3
f 1344/290/3 1289/291/3 1290/295/3
f 1343/296/3 1344/290/3 1290/295/3
f 1307/297/3 1308/292/3 1312/285/3
f 1343/296/3 1290/295/3 1291/298/3
f 1342/299/3 1343/296/3 1291/298/3
f 1306/300/3 1307/297/3 1312/285/3
f 1220/293/3 1331/294/3 1332/301/3
f 1342/299/3 1291/298/3 1292/302/3
f 1305/303/3 1306/300/3 1312/285/3
f 1341/304/3 1342/299/3 1292/302/3
f 1341/304/3 1292/302/3 1293/305/3
f 1304/306/3 1305/303/3 1312/285/3
f 1220/293/3 1332/301/3 1333/307/3
f 1341/304/3 1293/305/3 1294/308/3
f 1340/309/3 1341/304/3 1294/308/3
f 1303/310/3 1304/306/3 1312/285/3
f 1340/309/3 1294/308/3 1295/311/3
f 1219/312/3 1220/293/3 1333/307/3
f 1302/313/3 1303/310/3 1312/285/3
f 1219/312/3 1333/307/3 1334/314/3
f 1339/315/3 1340/309/3 1295/311/3
f 1339/315/3 1295/311/3 1296/316/3
f 1301/317/3 1302/313/3 1312/285/3
f 1339/315/3 1296/316/3 1297/318/3
f 1300/319/3 1301/317/3 1312/285/3
f 1338/320/3 1339/315/3 1297/318/3
f 1338/320/3 1297/318/3 1298/321/3
f 1299/322/3 1300/319/3 1312/285/3
f 1338/320/3 1298/321/3 1299/322/3
f 1219/312/3 1334/314/3 1335/323/3
f 1338/320/3 1299/322/3 1312/285/3
f 1337/324/3 1338/320/3 1312/285/3
f 1219/312/3 1335/323/3 1336/325/3
f 1336/325/3 1337/324/3 1312/285/3
f 1219/312/3 1336/325/3 1199/326/3
f 1199/326/3 1336/325/3 1312/285/3
f 1218/327/3 1219/312/3 1199/326/3
f 1218/327/3 1199/326/3 1200/328/3
f 1198/329/3 1199/326/3 1312/285/3
f 1217/330/3 1218/327/3 1200/328/3
f 1217/330/3 1200/328/3 1201/331/3
f 1197/332/3 1198/329/3 1312/285/3
f 1197/332/3 1312/285/3 1176/84/3
f 1216/333/3 1217/330/3 1201/331/3
f 1216/333/3 1201/331/3 1202/334/3
f 1196/335/3 1197/332/3 1176/84/3
f 1196/335/3 1176/84/3 1177/336/3
f 1216/333/3 1202/334/3 1203/337/3
f 1195/338/3 1196/335/3 1177/336/3
f 1215/339/3 1216/333/3 1203/337/3
f 1195/338/3 1177/336/3 1178/340/3
f 1215/339/3 1203/337/3 1204/341/3
f 1194/342/3 1195/338/3 1178/340/3
f 1194/342/3 1178/340/3 1179/343/3
f 1214/344/3 1215/339/3 1204/341/3
f 1214/344/3 1204/341/3 1205/345/3
f 1193/346/3 1194/342/3 1179/343/3
f 1193/346/3 1179/343/3 1180/347/3
f 1214/344/3 1205/345/3 1206/348/3
f 1192/349/3 1193/346/3 1180/347/3
f 1192/349/3 1180/347/3 1181/350/3
f 1213/351/3 1214/344/3 1206/348/3
f 1213/351/3 1206/348/3 1207/352/3
f 1191/353/3 1192/349/3 1181/350/3
f 1191/353/3 1181/350/3 1182/354/3
f 1213/351/3 1207/352/3 1208/355/3
f 1191/353/3 1182/354/3 1183/356/3
f 1190/357/3 1191/353/3 1183/356/3
f 1212/358/3 1213/351/3 1208/355/3
f 1190/357/3 1183/356/3 1184/359/3
f 1212/358/3 1208/355/3 1209/360/3
f 1189/361/3 1190/357/3 1184/359/3
f 1189/361/3 1184/359/3 1185/362/3
f 1212/358/3 1209/360/3 1210/363/3
f 1188/364/3 1189/361/3 1185/362/3
f 1211/365/3 1212/358/3 1210/363/3
f 1188/364/3 1185/362/3 1186/366/3
f 1187/367/3 1188/364/3 1186/366/3
f 1350/84/3 1351/369/3 1426/368/3
f 1426/368/3 1351/369/3 1352/370/3
f 1426/368/3 1352/370/3 1353/371/3
f 1426/368/3 1353/371/3 1354/372/3
f 1426/368/3 1354/372/3 1355/373/3
f 1426/368/3 1355/373/3 1356/374/3
f 1426/368/3 1356/374/3 1357/375/3
f 1426/368/3 1357/375/3 1358/376/3
f 1426/368/3 1358/376/3 1359/377/3
f 1426/368/3 1359/377/3 1425/378/3
f 1425/378/3 1359/377/3 1424/379/3
f 1424/379/3 1359/377/3 1360/380/3
f 1350/84/3 1426/368/3 1427/48/3
f 1423/381/3 1424/379/3 1360/380/3
f 1422/382/3 1423/381/3 1360/380/3
f 1421/383/3 1422/382/3 1360/380/3
f 1420/384/3 1421/383/3 1360/380/3
f 1420/384/3 1360/380/3 1361/88/3
f 1419/385/3 1420/384/3 1361/88/3
f 1418/386/3 1419/385/3 1361/88/3
f 1418/386/3 1361/88/3 1362/387/3
f 1417/388/3 1418/386/3 1362/387/3
f 1416/18/3 1417/388/3 1362/387/3
f 1416/18/3 1362/387/3 1363/389/3
f 1415/390/3 1416/18/3 1363/389/3
f 1414/391/3 1415/390/3 1363/389/3
f 1414/391/3 1363/389/3 1364/392/3
f 1413/393/3 1414/391/3 1364/392/3
f 1412/394/3 1413/393/3 1364/392/3
f 1412/394/3 1364/392/3 1365/395/3
f 1411/396/3 1412/394/3 1365/395/3
f 1411/396/3 1365/395/3 1366/397/3
f 1410/398/3 1411/396/3 1366/397/3
f 1409/399/3 1410/398/3 1366/397/3
f 1409/399/3 1366/397/3 1367/400/3
f 1408/401/3 1409/399/3 1367/400/3
f 1407/402/3 1408/401/3 1367/400/3
f 1407/402/3 1367/400/3 1368/403/3
f 1406/404/3 1407/402/3 1368/403/3
f 1406/404/3 1368/403/3 1369/405/3
f 1405/65/3 1406/404/3 1369/405/3
f 1350/84/3 1427/48/3 1390/406/3
f 1404/407/3 1405/65/3 1369/405/3
f 1350/84/3 1390/406/3 1391/408/3
f 1350/84/3 1391/408/3 1392/409/3
f 1350/84/3 1392/409/3 1388/410/3
f 1388/410/3 1392/409/3 1393/411/3
f 1403/412/3 1404/407/3 1369/405/3
f 1388/410/3 1393/411/3 1394/71/3
f 1388/410/3 1394/71/3 1395/413/3
f 1403/412/3 1369/405/3 1370/414/3
f 1402/415/3 1403/412/3 1370/414/3
f 1388/410/3 1395/413/3 1396/416/3
f 1388/410/3 1396/416/3 1397/417/3
f 1388/410/3 1397/417/3 1398/418/3
f 1401/419/3 1402/415/3 1370/414/3
f 1388/410/3 1398/418/3 1399/420/3
f 1388/410/3 1399/420/3 1400/421/3
f 1388/410/3 1400/421/3 1401/419/3
f 1388/410/3 1401/419/3 1370/414/3
f 1388/410/3 1370/414/3 1371/422/3
f 1388/410/3 1371/422/3 1372/15/3
f 1388/410/3 1372/15/3 1373/423/3
f 1350/84/3 1388/410/3 1389/424/3
f 1387/425/3 1388/410/3 1373/423/3
f 1387/425/3 1373/423/3 1374/426/3
f 1386/427/3 1387/425/3 1374/426/3
f 1385/428/3 1386/427/3 1374/426/3
f 1384/429/3 1385/428/3 1374/426/3
f 1383/14/3 1384/429/3 1374/426/3
f 1383/14/3 1374/426/3 1375/430/3
f 1382/431/3 1383/14/3 1375/430/3
f 1381/432/3 1382/431/3 1375/430/3
f 1380/433/3 1381/432/3 1375/430/3
f 1379/434/3 1380/433/3 1375/430/3
f 1379/434/3 1375/430/3 1376/435/3
f 1378/436/3 1379/434/3 1376/435/3
f 1377/437/3 1378/436/3 1376/435/3
f 1535/438/3 1536/440/3 1537/439/3
f 1535/438/3 1537/439/3 1538/384/3
f 1535/438/3 1538/384/3 1539/441/3
f 1534/442/3 1535/438/3 1539/441/3
f 1534/442/3 1539/441/3 1540/443/3
f 1534/442/3 1540/443/3 1541/444/3
f 1533/445/3 1534/442/3 1541/444/3
f 1533/445/3 1541/444/3 1542/446/3
f 1533/445/3 1542/446/3 1543/447/3
f 1532/448/3 1533/445/3 1543/447/3
f 1532/448/3 1543/447/3 1544/449/3
f 1532/448/3 1544/449/3 1545/450/3
f 1531/451/3 1532/448/3 1545/450/3
f 1531/451/3 1545/450/3 1546/452/3
f 1531/451/3 1546/452/3 1547/453/3
f 1530/454/3 1531/451/3 1547/453/3
f 1530/454/3 1547/453/3 1548/455/3
f 1530/454/3 1548/455/3 1435/456/3
f 1435/456/3 1548/455/3 1434/457/3
f 1434/457/3 1548/455/3 1433/458/3
f 1433/458/3 1548/455/3 1432/459/3
f 1432/459/3 1548/455/3 1431/460/3
f 1431/460/3 1548/455/3 1430/461/3
f 1430/461/3 1548/455/3 1429/462/3
f 1429/462/3 1548/455/3 1428/84/3
f 1428/84/3 1548/455/3 1549/48/3
f 1529/463/3 1530/454/3 1437/464/3
f 1437/464/3 1530/454/3 1436/465/3
f 1436/465/4 1530/454/4 1435/456/4
f 1528/466/3 1529/463/3 1439/375/3
f 1439/375/3 1529/463/3 1438/467/3
f 1438/467/3 1529/463/3 1437/464/3
f 1527/393/3 1528/466/3 1440/468/3
f 1440/468/3 1528/466/3 1439/375/3
f 1527/393/3 1440/468/3 1441/469/3
f 1527/393/3 1441/469/3 1442/470/3
f 1527/393/3 1442/470/3 1443/471/3
f 1527/393/3 1443/471/3 1444/472/3
f 1527/393/3 1444/472/3 1445/473/3
f 1526/474/3 1527/393/3 1445/473/3
f 1526/474/3 1445/473/3 1446/475/3
f 1526/474/3 1446/475/3 1447/476/3
f 1526/474/3 1447/476/3 1448/477/3
f 1525/478/3 1526/474/3 1448/477/3
f 1525/478/3 1448/477/3 1449/479/3
f 1525/478/3 1449/479/3 1450/392/3
f 1524/480/3 1525/478/3 1450/392/3
f 1524/480/3 1450/392/3 1451/481/3
f 1524/480/3 1451/481/3 1452/482/3
f 1523/483/3 1524/480/3 1452/482/3
f 1523/483/3 1452/482/3 1453/484/3
f 1523/483/3 1453/484/3 1454/485/3
f 1522/486/3 1523/483/3 1454/485/3
f 1522/486/3 1454/485/3 1455/487/3
f 1521/488/3 1522/486/3 1455/487/3
f 1521/488/3 1455/487/3 1456/489/3
f 1521/488/3 1456/489/3 1457/490/3
f 1520/491/3 1521/488/3 1457/490/3
f 1520/491/3 1457/490/3 1458/492/3
f 1519/493/3 1520/491/3 1458/492/3
f 1519/493/3 1458/492/3 1459/494/3
f 1518/495/3 1519/493/3 1459/494/3
f 1518/495/3 1459/494/3 1460/496/3
f 1517/497/3 1518/495/3 1460/496/3
f 1517/497/3 1460/496/3 1461/422/3
f 1516/404/3 1517/497/3 1461/422/3
f 1515/498/3 1516/404/3 1461/422/3
f 1515/498/3 1461/422/3 1462/499/3
f 1514/500/3 1515/498/3 1462/499/3
f 1513/501/3 1514/500/3 1462/499/3
f 1513/501/3 1462/499/3 1463/502/3
f 1512/503/3 1513/501/3 1463/502/3
f 1487/504/3 1488/506/3 1489/505/3
f 1512/503/3 1463/502/3 1464/507/3
f 1511/508/3 1512/503/3 1464/507/3
f 1487/504/3 1489/505/3 1490/509/3
f 1510/510/3 1511/508/3 1464/507/3
f 1510/510/3 1464/507/3 1465/511/3
f 1487/504/3 1490/509/3 1491/512/3
f 1509/513/3 1510/510/3 1465/511/3
f 1487/504/3 1491/512/3 1492/514/3
f 1508/515/3 1509/513/3 1465/511/3
f 1507/516/3 1508/515/3 1465/511/3
f 1507/516/3 1465/511/3 1466/517/3
f 1487/504/3 1492/514/3 1493/518/3
f 1506/519/3 1507/516/3 1466/517/3
f 1487/504/3 1493/518/3 1494/409/3
f 1505/420/3 1506/519/3 1466/517/3
f 1487/504/3 1494/409/3 1495/520/3
f 1505/420/3 1466/517/3 1467/521/3
f 1504/522/3 1505/420/3 1467/521/3
f 1487/504/3 1495/520/3 1496/523/3
f 1503/524/3 1504/522/3 1467/521/3
f 1487/504/3 1496/523/3 1497/525/3
f 1502/526/3 1503/524/3 1467/521/3
f 1487/504/3 1497/525/3 1498/527/3
f 1501/528/3 1502/526/3 1467/521/3
f 1487/504/3 1498/527/3 1499/529/3
f 1501/528/3 1467/521/3 1468/530/3
f 1500/531/3 1501/528/3 1468/530/3
f 1487/504/3 1499/529/3 1500/531/3
f 1487/504/3 1500/531/3 1468/530/3
f 1487/504/3 1468/530/3 1469/532/3
f 1486/533/3 1487/504/3 1469/532/3
f 1485/534/3 1486/533/3 1469/532/3
f 1485/534/3 1469/532/3 1470/535/3
f 1484/536/3 1485/534/3 1470/535/3
f 1484/536/3 1470/535/3 1471/537/3
f 1483/428/3 1484/536/3 1471/537/3
f 1482/538/3 1483/428/3 1471/537/3
f 1482/538/3 1471/537/3 1472/436/3
f 1481/539/3 1482/538/3 1472/436/3
f 1480/540/3 1481/539/3 1472/436/3
f 1480/540/3 1472/436/3 1473/541/3
f 1479/542/3 1480/540/3 1473/541/3
f 1478/543/3 1479/542/3 1473/541/3
f 1478/543/3 1473/541/3 1474/544/3
f 1477/545/3 1478/543/3 1474/544/3
f 1476/546/3 1477/545/3 1474/544/3
f 1476/546/3 1474/544/3 1475/547/3
f 1584/548/3 1585/550/3 1586/549/3
f 1584/548/3 1586/549/3 1587/551/3
f 1583/552/3 1584/548/3 1587/551/3
f 1583/552/3 1587/551/3 1588/553/3
f 1582/554/3 1583/552/3 1588/553/3
f 1582/554/3 1588/553/3 1589/555/3
f 1581/556/3 1582/554/3 1589/555/3
f 1581/556/3 1589/555/3 1590/557/3
f 1580/558/3 1581/556/3 1590/557/3
f 1580/558/3 1590/557/3 1591/559/3
f 1579/560/3 1580/558/3 1591/559/3
f 1579/560/3 1591/559/3 1592/561/3
f 1578/562/3 1579/560/3 1633/563/3
f 1633/563/3 1579/560/3 1592/561/3
f 1578/562/3 1633/563/3 1634/564/3
f 1632/565/3 1633/563/3 1592/561/3
f 1578/562/3 1634/564/3 1635/566/3
f 1631/567/3 1632/565/3 1592/561/3
f 1578/562/3 1635/566/3 1636/568/3
f 1630/569/3 1631/567/3 1592/561/3
f 1630/569/3 1592/561/3 1593/570/3
f 1577/571/3 1578/562/3 1636/568/3
f 1577/571/3 1636/568/3 1637/572/3
f 1629/573/3 1630/569/3 1593/570/3
f 1577/571/3 1637/572/3 1638/574/3
f 1628/575/3 1629/573/3 1593/570/3
f 1577/571/3 1638/574/3 1639/576/3
f 1627/577/3 1628/575/3 1593/570/3
f 1627/577/3 1593/570/3 1594/578/3
f 1576/579/3 1577/571/3 1639/576/3
f 1576/579/3 1639/576/3 1640/580/3
f 1626/581/3 1627/577/3 1594/578/3
f 1576/579/3 1640/580/3 1641/582/3
f 1625/583/3 1626/581/3 1594/578/3
f 1625/583/3 1594/578/3 1595/584/3
f 1575/585/3 1576/579/3 1641/582/3
f 1575/585/3 1641/582/3 1642/586/3
f 1624/587/3 1625/583/3 1595/584/3
f 1624/587/3 1595/584/3 1596/588/3
f 1574/589/3 1575/585/3 1642/586/3
f 1574/589/3 1642/586/3 1643/590/3
f 1623/591/3 1624/587/3 1596/588/3
f 1574/589/3 1643/590/3 1644/592/3
f 1622/593/3 1623/591/3 1596/588/3
f 1622/593/3 1596/588/3 1597/594/3
f 1573/595/3 1574/589/3 1644/592/3
f 1573/595/3 1644/592/3 1645/48/3
f 1621/596/3 1622/593/3 1597/594/3
f 1572/597/3 1573/595/3 1645/48/3
f 1572/597/3 1645/48/3 1598/598/3
f 1621/596/3 1597/594/3 1550/84/3
f 1620/599/3 1621/596/3 1550/84/3
f 1572/597/3 1598/598/3 1599/600/3
f 1619/601/3 1620/599/3 1550/84/3
f 1571/602/3 1572/597/3 1599/600/3
f 1619/601/3 1550/84/3 1551/603/3
f 1571/602/3 1599/600/3 1600/604/3
f 1618/605/3 1619/601/3 1551/603/3
f 1571/602/3 1600/604/3 1601/606/3
f 1570/607/3 1571/602/3 1601/606/3
f 1617/608/3 1618/605/3 1551/603/3
f 1617/608/3 1551/603/3 1552/609/3
f 1570/607/3 1601/606/3 1602/610/3
f 1616/611/3 1617/608/3 1552/609/3
f 1569/612/3 1570/607/3 1602/610/3
f 1616/611/3 1552/609/3 1553/613/3
f 1569/612/3 1602/610/3 1603/614/3
f 1615/615/3 1616/611/3 1553/613/3
f 1569/612/3 1603/614/3 1604/616/3
f 1614/617/3 1615/615/3 1553/613/3
f 1568/618/3 1569/612/3 1604/616/3
f 1614/617/3 1553/613/3 1554/619/3
f 1568/618/3 1604/616/3 1605/620/3
f 1613/621/3 1614/617/3 1554/619/3
f 1568/618/3 1605/620/3 1606/622/3
f 1612/623/3 1613/621/3 1554/619/3
f 1568/618/3 1606/622/3 1607/624/3
f 1611/625/3 1612/623/3 1554/619/3
f 1567/626/3 1568/618/3 1607/624/3
f 1611/625/3 1554/619/3 1555/627/3
f 1567/626/3 1607/624/3 1608/628/3
f 1610/629/3 1611/625/3 1555/627/3
f 1567/626/3 1608/628/3 1609/630/3
f 1609/630/3 1610/629/3 1555/627/3
f 1567/626/3 1609/630/3 1555/627/3
f 1566/631/3 1567/626/3 1555/627/3
f 1566/631/3 1555/627/3 1556/632/3
f 1565/633/3 1566/631/3 1556/632/3
f 1565/633/3 1556/632/3 1557/634/3
f 1564/635/3 1565/633/3 1557/634/3
f 1564/635/3 1557/634/3 1558/636/3
f 1563/637/3 1564/635/3 1558/636/3
f 1563/637/3 1558/636/3 1559/638/3
f 1562/639/3 1563/637/3 1559/638/3
f 1562/639/3 1559/638/3 1560/640/3
f 1561/641/3 1562/639/3 1560/640/3
f 1650/71/3 1651/65/3 1652/18/3
f 1650/71/3 1652/18/3 1653/48/3
f 1649/14/1 1650/71/1 1653/48/1
f 1648/15/3 1649/14/3 1646/84/3
f 1646/84/1 1649/14/1 1653/48/1
f 1648/15/3 1646/84/3 1647/88/3
f 1707/642/3 1708/644/3 1709/643/3
f 1707/642/3 1709/643/3 1710/48/3
f 1665/645/3 1666/54/3 1667/646/3
f 1664/647/3 1665/645/3 1667/646/3
f 1664/647/3 1667/646/3 1668/648/3
f 1663/649/3 1664/647/3 1668/648/3
f 1662/88/3 1663/649/3 1668/648/3
f 1662/88/3 1668/648/3 1669/650/3
f 1661/651/3 1662/88/3 1669/650/3
f 1661/651/3 1669/650/3 1670/15/3
f 1660/652/3 1661/651/3 1670/15/3
f 1659/653/3 1660/652/3 1670/15/3
f 1659/653/3 1670/15/3 1671/654/3
f 1658/95/3 1659/653/3 1671/654/3
f 1657/655/3 1658/95/3 1671/654/3
f 1657/655/3 1671/654/3 1672/656/3
f 1656/657/3 1657/655/3 1672/656/3
f 1656/657/3 1672/656/3 1673/658/3
f 1655/659/3 1656/657/3 1673/658/3
f 1654/84/3 1655/659/3 1673/658/3
f 1654/84/3 1673/658/3 1693/660/3
f 1693/660/3 1673/658/3 1674/3/3
f 1707/642/3 1710/48/3 1654/84/3
f 1707/642/3 1654/84/3 1705/661/3
f 1705/661/3 1654/84/3 1704/662/3
f 1704/662/3 1654/84/3 1703/663/3
f 1703/663/3 1654/84/3 1702/18/3
f 1702/18/3 1654/84/3 1701/664/3
f 1701/664/3 1654/84/3 1700/665/3
f 1700/665/3 1654/84/3 1699/666/3
f 1699/666/3 1654/84/3 1698/36/3
f 1698/36/3 1654/84/3 1697/667/3
f 1697/667/3 1654/84/3 1696/668/3
f 1696/668/3 1654/84/3 1695/669/3
f 1695/669/3 1654/84/3 1694/65/3
f 1694/65/3 1654/84/3 1693/660/3
f 1692/670/3 1693/660/3 1674/3/3
f 1691/671/3 1692/670/3 1674/3/3
f 1690/78/3 1691/671/3 1674/3/3
f 1689/672/3 1690/78/3 1674/3/3
f 1689/672/3 1674/3/3 1675/673/3
f 1688/674/3 1689/672/3 1675/673/3
f 1687/675/3 1688/674/3 1675/673/3
f 1686/71/3 1687/675/3 1675/673/3
f 1686/71/3 1675/673/3 1676/676/3
f 1685/677/3 1686/71/3 1676/676/3
f 1684/678/3 1685/677/3 1676/676/3
f 1684/678/3 1676/676/3 1677/679/3
f 1683/680/3 1684/678/3 1677/679/3
f 1707/642/3 1705/661/3 1706/29/3
f 1682/53/3 1683/680/3 1677/679/3
f 1682/53/3 1677/679/3 1678/14/3
f 1681/681/3 1682/53/3 1678/14/3
f 1680/682/3 1681/681/3 1678/14/3
f 1680/682/3 1678/14/3 1679/683/3
f 1830/566/3 1831/685/3 1832/684/3
f 1830/566/3 1832/684/3 1833/686/3
f 1829/687/3 1830/566/3 1833/686/3
f 1829/687/3 1833/686/3 1834/688/3
f 1829/687/3 1834/688/3 1835/689/3
f 1828/690/3 1829/687/3 1835/689/3
f 1828/690/3 1835/689/3 1836/691/3
f 1828/690/3 1836/691/3 1837/580/3
f 1827/692/3 1828/690/3 1837/580/3
f 1827/692/3 1837/580/3 1838/693/3
f 1827/692/3 1838/693/3 1839/694/3
f 1826/695/3 1827/692/3 1839/694/3
f 1826/695/3 1839/694/3 1840/696/3
f 1826/695/3 1840/696/3 1841/697/3
f 1825/18/3 1826/695/3 1841/697/3
f 1825/18/3 1841/697/3 1842/698/3
f 1825/18/3 1842/698/3 1843/699/3
f 1824/700/3 1825/18/3 1843/699/3
f 1824/700/3 1843/699/3 1718/627/3
f 1718/627/3 1843/699/3 1717/701/3
f 1717/701/3 1843/699/3 1716/702/3
f 1716/702/3 1843/699/3 1715/703/3
f 1715/703/3 1843/699/3 1714/704/3
f 1714/704/3 1843/699/3 1713/705/3
f 1713/705/3 1843/699/3 1712/706/3
f 1712/706/3 1843/699/3 1711/84/3
f 1711/84/3 1843/699/3 1844/48/3
f 1823/569/3 1824/700/3 1720/707/3
f 1720/707/3 1824/700/3 1719/708/3
f 1719/708/3 1824/700/3 1718/627/3
f 1822/709/3 1823/569/3 1721/710/3
f 1721/710/3 1823/569/3 1720/707/3
f 1821/711/3 1822/709/3 1723/712/3
f 1723/712/3 1822/709/3 1722/713/3
f 1722/713/3 1822/709/3 1721/710/3
f 1821/711/3 1723/712/3 1724/714/3
f 1821/711/3 1724/714/3 1725/640/3
f 1821/711/3 1725/640/3 1726/715/3
f 1821/711/3 1726/715/3 1727/716/3
f 1821/711/3 1727/716/3 1728/717/3
f 1820/718/3 1821/711/3 1728/717/3
f 1820/718/3 1728/717/3 1729/719/3
f 1820/718/3 1729/719/3 1730/88/3
f 1820/718/3 1730/88/3 1731/720/3
f 1820/718/3 1731/720/3 1732/633/3
f 1819/721/3 1820/718/3 1732/633/3
f 1819/721/3 1732/633/3 1733/722/3
f 1819/721/3 1733/722/3 1734/723/3
f 1819/721/3 1734/723/3 1735/724/3
f 1818/725/3 1819/721/3 1735/724/3
f 1818/725/3 1735/724/3 1736/726/3
f 1818/725/3 1736/726/3 1737/727/3
f 1818/725/3 1737/727/3 1738/728/3
f 1818/725/3 1738/728/3 1739/607/3
f 1818/725/3 1739/607/3 1740/729/3
f 1817/730/3 1818/725/3 1740/729/3
f 1817/730/3 1740/729/3 1741/731/3
f 1817/730/3 1741/731/3 1742/732/3
f 1817/730/3 1742/732/3 1743/733/3
f 1816/583/3 1817/730/3 1743/733/3
f 1816/583/3 1743/733/3 1744/734/3
f 1816/583/3 1744/734/3 1745/735/3
f 1816/583/3 1745/735/3 1746/585/3
f 1815/736/3 1816/583/3 1746/585/3
f 1815/736/3 1746/585/3 1747/737/3
f 1814/738/3 1815/736/3 1747/737/3
f 1814/738/3 1747/737/3 1748/739/3
f 1814/738/3 1748/739/3 1749/15/3
f 1813/740/3 1814/738/3 1749/15/3
f 1813/740/3 1749/15/3 1750/741/3
f 1812/742/3 1813/740/3 1750/741/3
f 1812/742/3 1750/741/3 1751/743/3
f 1812/742/3 1751/743/3 1752/744/3
f 1811/745/3 1812/742/3 1752/744/3
f 1811/745/3 1752/744/3 1753/558/3
f 1810/746/3 1811/745/3 1753/558/3
f 1810/746/3 1753/558/3 1754/747/3
f 1810/746/3 1754/747/3 1755/748/3
f 1809/599/3 1810/746/3 1755/748/3
f 1809/599/3 1755/748/3 1756/749/3
f 1808/750/3 1809/599/3 1756/749/3
f 1808/750/3 1756/749/3 1757/751/3
f 1807/752/3 1808/750/3 1757/751/3
f 1807/752/3 1757/751/3 1758/753/3
f 1782/754/3 1783/756/3 1784/755/3
f 1807/752/3 1758/753/3 1759/757/3
f 1806/65/3 1807/752/3 1759/757/3
f 1782/754/3 1784/755/3 1785/758/3
f 1805/759/3 1806/65/3 1759/757/3
f 1782/754/3 1785/758/3 1786/760/3
f 1804/761/3 1805/759/3 1759/757/3
f 1804/761/3 1759/757/3 1760/550/3
f 1782/754/3 1786/760/3 1787/71/3
f 1803/762/3 1804/761/3 1760/550/3
f 1782/754/3 1787/71/3 1788/620/3
f 1802/615/3 1803/762/3 1760/550/3
f 1782/754/3 1788/620/3 1789/763/3
f 1801/764/3 1802/615/3 1760/550/3
f 1801/764/3 1760/550/3 1761/765/3
f 1782/754/3 1789/763/3 1790/766/3
f 1800/767/3 1801/764/3 1761/765/3
f 1799/768/3 1800/767/3 1761/765/3
f 1782/754/3 1790/766/3 1791/769/3
f 1798/770/3 1799/768/3 1761/765/3
f 1782/754/3 1791/769/3 1792/771/3
f 1797/772/3 1798/770/3 1761/765/3
f 1782/754/3 1792/771/3 1793/773/3
f 1796/774/3 1797/772/3 1761/765/3
f 1782/754/3 1793/773/3 1794/775/3
f 1795/629/3 1796/774/3 1761/765/3
f 1782/754/3 1794/775/3 1795/629/3
f 1795/629/3 1761/765/3 1762/776/3
f 1782/754/3 1795/629/3 1762/776/3
f 1782/754/3 1762/776/3 1763/777/3
f 1782/754/3 1763/777/3 1764/778/3
f 1781/604/3 1782/754/3 1764/778/3
f 1781/604/3 1764/778/3 1765/779/3
f 1780/780/3 1781/604/3 1765/779/3
f 1779/781/3 1780/780/3 1765/779/3
f 1779/781/3 1765/779/3 1766/782/3
f 1778/783/3 1779/781/3 1766/782/3
f 1777/784/3 1778/783/3 1766/782/3
f 1777/784/3 1766/782/3 1767/557/3
f 1776/785/3 1777/784/3 1767/557/3
f 1776/785/3 1767/557/3 1768/14/3
f 1775/786/3 1776/785/3 1768/14/3
f 1774/584/3 1775/786/3 1768/14/3
f 1774/584/3 1768/14/3 1769/787/3
f 1773/788/3 1774/584/3 1769/787/3
f 1772/789/3 1773/788/3 1769/787/3
f 1772/789/3 1769/787/3 1770/790/3
f 1771/791/3 1772/789/3 1770/790/3
f 1869/792/3 1870/428/3 1871/793/3
f 1869/792/3 1871/793/3 1872/794/3
f 1896/795/3 1897/797/3 1898/796/3
f 1896/795/3 1898/796/3 1899/798/3
f 1868/799/3 1869/792/3 1872/794/3
f 1868/799/3 1872/794/3 1873/800/3
f 1868/799/3 1873/800/3 1874/801/3
f 1867/553/3 1868/799/3 1874/801/3
f 1867/553/3 1874/801/3 1875/409/3
f 1895/384/3 1896/795/3 1899/798/3
f 1867/553/3 1875/409/3 1876/802/3
f 1894/803/3 1895/384/3 1899/798/3
f 1866/804/3 1867/553/3 1876/802/3
f 1866/804/3 1876/802/3 1877/805/3
f 1893/806/3 1894/803/3 1899/798/3
f 1892/807/3 1893/806/3 1899/798/3
f 1866/804/3 1877/805/3 1878/624/3
f 1865/436/3 1866/804/3 1878/624/3
f 1891/808/3 1892/807/3 1899/798/3
f 1865/436/3 1878/624/3 1879/809/3
f 1890/393/3 1891/808/3 1845/84/3
f 1845/84/3 1891/808/3 1899/798/3
f 1865/436/3 1879/809/3 1880/420/3
f 1889/581/3 1890/393/3 1845/84/3
f 1865/436/3 1880/420/3 1881/810/3
f 1888/811/3 1889/581/3 1845/84/3
f 1864/812/3 1865/436/3 1881/810/3
f 1887/813/3 1888/811/3 1845/84/3
f 1864/812/3 1881/810/3 1882/814/3
f 1886/815/3 1887/813/3 1845/84/3
f 1864/812/3 1882/814/3 1883/816/3
f 1885/404/3 1886/815/3 1845/84/3
f 1864/812/3 1883/816/3 1884/817/3
f 1884/817/3 1885/404/3 1845/84/3
f 1864/812/3 1884/817/3 1845/84/3
f 1864/812/3 1845/84/3 1846/818/3
f 1900/48/3 1845/84/3 1899/798/3
f 1863/819/3 1864/812/3 1846/818/3
f 1863/819/3 1846/818/3 1847/820/3
f 1863/819/3 1847/820/3 1848/821/3
f 1862/822/3 1863/819/3 1848/821/3
f 1862/822/3 1848/821/3 1849/823/3
f 1861/824/3 1862/822/3 1849/823/3
f 1861/824/3 1849/823/3 1850/375/3
f 1861/824/3 1850/375/3 1851/825/3
f 1860/422/3 1861/824/3 1851/825/3
f 1860/422/3 1851/825/3 1852/826/3
f 1860/422/3 1852/826/3 1853/827/3
f 1859/828/3 1860/422/3 1853/827/3
f 1859/828/3 1853/827/3 1854/829/3
f 1858/830/3 1859/828/3 1854/829/3
f 1858/830/3 1854/829/3 1855/392/3
f 1858/830/3 1855/392/3 1856/612/3
f 1857/831/3 1858/830/3 1856/612/3
f 1927/793/3 1928/794/3 1955/798/3
f 1955/798/3 1928/794/3 1929/800/3
f 1955/798/3 1929/800/3 1901/84/3
f 1955/798/3 1901/84/3 1902/818/3
f 1955/798/3 1902/818/3 1903/820/3
f 1955/798/3 1903/820/3 1904/821/3
f 1955/798/3 1904/821/3 1905/823/3
f 1955/798/3 1905/823/3 1906/375/3
f 1955/798/3 1906/375/3 1907/825/3
f 1955/798/3 1907/825/3 1954/796/3
f 1954/796/3 1907/825/3 1908/826/3
f 1927/793/3 1955/798/3 1956/48/3
f 1953/797/3 1954/796/3 1908/826/3
f 1952/795/3 1953/797/3 1908/826/3
f 1951/384/3 1952/795/3 1908/826/3
f 1951/384/3 1908/826/3 1909/827/3
f 1950/803/3 1951/384/3 1909/827/3
f 1949/806/3 1950/803/3 1909/827/3
f 1948/807/3 1949/806/3 1909/827/3
f 1948/807/3 1909/827/3 1910/829/3
f 1947/808/3 1948/807/3 1910/829/3
f 1946/393/3 1947/808/3 1910/829/3
f 1945/581/3 1946/393/3 1910/829/3
f 1945/581/3 1910/829/3 1911/392/3
f 1944/811/3 1945/581/3 1911/392/3
f 1943/813/3 1944/811/3 1911/392/3
f 1943/813/3 1911/392/3 1912/612/3
f 1942/815/3 1943/813/3 1912/612/3
f 1941/404/3 1942/815/3 1912/612/3
f 1941/404/3 1912/612/3 1913/831/3
f 1940/817/3 1941/404/3 1913/831/3
f 1940/817/3 1913/831/3 1914/830/3
f 1939/816/3 1940/817/3 1914/830/3
f 1938/814/3 1939/816/3 1914/830/3
f 1938/814/3 1914/830/3 1915/828/3
f 1937/810/3 1938/814/3 1915/828/3
f 1936/420/3 1937/810/3 1915/828/3
f 1936/420/3 1915/828/3 1916/422/3
f 1935/809/3 1936/420/3 1916/422/3
f 1934/624/3 1935/809/3 1916/422/3
f 1933/805/3 1934/624/3 1916/422/3
f 1932/802/3 1933/805/3 1916/422/3
f 1932/802/3 1916/422/3 1917/824/3
f 1931/409/3 1932/802/3 1917/824/3
f 1930/801/3 1931/409/3 1917/824/3
f 1927/793/3 1956/48/3 1925/792/3
f 1925/792/3 1956/48/3 1930/801/3
f 1925/792/3 1930/801/3 1917/824/3
f 1925/792/3 1917/824/3 1918/822/3
f 1925/792/3 1918/822/3 1919/819/3
f 1925/792/3 1919/819/3 1920/812/3
f 1925/792/3 1920/812/3 1921/436/3
f 1925/792/3 1921/436/3 1922/804/3
f 1925/792/3 1922/804/3 1923/553/3
f 1925/792/3 1923/553/3 1924/799/3
f 1927/793/3 1925/792/3 1926/428/3
s 1
f 1960/832/5 1957/84/6 1958/833/6
f 1962/834/7 1959/835/5 1960/832/5
f 1964/836/8 1961/837/7 1962/834/7
f 1966/838/9 1963/839/8 1964/836/8
f 1968/840/10 1965/841/9 1966/838/9
f 1970/842/11 1967/843/10 1968/840/10
f 1972/844/12 1969/845/11 1970/842/11
f 1974/846/13 1971/847/12 1972/844/12
f 1976/848/14 1973/849/13 1974/846/13
f 1978/850/15 1975/851/14 1976/848/14
f 1980/852/16 1977/853/15 1978/850/15
f 1982/854/17 1979/855/16 1980/852/16
f 1984/856/18 1981/857/19 1982/854/17
f 1986/858/20 1983/859/18 1984/856/18
f 1988/860/21 1985/861/20 1986/858/20
f 1990/862/22 1987/863/21 1988/860/21
f 1992/864/23 1989/865/22 1990/862/22
f 1994/866/24 1991/867/23 1992/864/23
f 1996/868/25 1993/869/24 1994/866/24
f 1998/870/26 1995/871/25 1996/868/25
f 2000/872/27 1997/873/26 1998/870/26
f 2002/874/28 1999/875/27 2000/872/27
f 2004/876/29 2001/877/28 2002/874/28
f 2006/878/30 2003/879/29 2004/876/29
f 2008/880/30 2005/881/30 2006/878/30
f 2010/882/31 2007/883/30 2008/880/30
f 2012/884/32 2009/885/31 2010/882/31
f 2014/886/33 2011/887/32 2012/884/32
f 1958/888/6 2013/889/33 2014/886/33
f 2018/890/34 2015/84/35 2016/833/35
f 2020/891/36 2017/892/34 2018/890/34
f 2022/893/37 2019/894/36 2020/891/36
f 2024/895/38 2021/896/39 2022/893/37
f 2026/897/40 2023/898/38 2024/895/38
f 2028/899/41 2025/900/40 2026/897/40
f 2030/901/42 2027/902/41 2028/899/41
f 2032/903/43 2029/904/42 2030/901/42
f 2034/905/44 2031/906/43 2032/903/43
f 2036/907/45 2033/908/44 2034/905/44
f 2038/909/46 2035/910/45 2036/907/45
f 2040/911/47 2037/912/46 2038/909/46
f 2042/913/48 2039/914/47 2040/911/47
f 2044/915/49 2041/916/48 2042/913/48
f 2046/917/50 2043/918/49 2044/915/49
f 2048/919/51 2045/920/50 2046/917/50
f 2050/921/52 2047/922/51 2048/919/51
f 2052/923/53 2049/924/52 2050/921/52
f 2054/925/54 2051/926/53 2052/923/53
f 2056/927/55 2053/928/54 2054/925/54
f 2058/929/56 2055/930/55 2056/927/55
f 2060/931/57 2057/932/56 2058/929/56
f 2062/933/58 2059/934/57 2060/931/57
f 2064/935/59 2061/936/58 2062/933/58
f 2066/937/30 2063/938/59 2064/935/59
f 2068/939/60 2065/940/30 2066/937/30
f 2016/888/35 2067/941/60 2068/939/60
f 2072/942/61 2069/84/62 2070/833/62
f 2074/943/63 2071/659/61 2072/942/61
f 2076/944/64 2073/657/63 2074/943/63
f 2078/945/65 2075/655/64 2076/944/64
f 2080/946/66 2077/95/65 2078/945/65
f 2082/947/67 2079/653/66 2080/946/66
f 2084/948/68 2081/652/67 2082/947/67
f 2086/949/69 2083/651/68 2084/948/68
f 2088/950/70 2085/88/71 2086/949/69
f 2090/951/72 2087/649/70 2088/950/70
f 2092/952/73 2089/647/72 2090/951/72
f 2094/953/74 2091/645/73 2092/952/73
f 2096/954/75 2093/54/74 2094/953/74
f 2098/955/76 2095/646/75 2096/954/75
f 2100/956/77 2097/648/76 2098/955/76
f 2102/957/78 2099/650/77 2100/956/77
f 2104/958/79 2101/15/78 2102/957/78
f 2106/959/80 2103/654/79 2104/958/79
f 2108/960/81 2105/656/80 2106/959/80
f 2110/961/82 2107/658/81 2108/960/81
f 2112/962/83 2109/3/82 2110/961/82
f 2114/963/84 2111/673/83 2112/962/83
f 2116/964/85 2113/676/84 2114/963/84
f 2118/965/86 2115/679/85 2116/964/85
f 2120/966/32 2117/14/86 2118/965/86
f 2122/967/60 2119/683/32 2120/966/32
f 2124/968/87 2121/682/60 2122/967/60
f 2126/969/88 2123/681/89 2124/968/87
f 2128/970/90 2125/53/88 2126/969/88
f 2130/971/91 2127/680/90 2128/970/90
f 2132/972/92 2129/678/91 2130/971/91
f 2134/973/93 2131/677/92 2132/972/92
f 2136/974/94 2133/71/93 2134/973/93
f 2138/975/95 2135/675/96 2136/974/94
f 2140/976/97 2137/674/95 2138/975/95
f 2142/977/98 2139/672/97 2140/976/97
f 2144/978/99 2141/78/98 2142/977/98
f 2146/979/100 2143/671/99 2144/978/99
f 2148/980/101 2145/670/100 2146/979/100
f 2150/981/102 2147/660/101 2148/980/101
f 2152/982/103 2149/65/102 2150/981/102
f 2154/983/104 2151/669/103 2152/982/103
f 2156/984/105 2153/668/104 2154/983/104
f 2158/985/106 2155/667/105 2156/984/105
f 2160/986/107 2157/36/106 2158/985/106
f 2162/987/108 2159/666/107 2160/986/107
f 2164/988/109 2161/665/110 2162/987/108
f 2166/989/111 2163/664/109 2164/988/109
f 2168/990/112 2165/18/111 2166/989/111
f 2170/991/113 2167/663/112 2168/990/112
f 2172/992/114 2169/662/113 2170/991/113
f 2174/993/32 2171/661/114 2172/992/114
f 2176/994/60 2173/29/32 2174/993/32
f 2178/995/30 2175/642/60 2176/994/60
f 2180/996/31 2177/644/30 2178/995/30
f 2070/888/62 2179/643/31 2180/996/31
f 2184/997/115 2181/84/116 2182/833/116
f 2186/998/117 2183/999/115 2184/997/115
f 2188/1000/118 2185/1001/117 2186/998/117
f 2190/1002/119 2187/1003/118 2188/1000/118
f 2192/1004/120 2189/1005/119 2190/1002/119
f 2194/1006/121 2191/1007/120 2192/1004/120
f 2196/1008/122 2193/1009/121 2194/1006/121
f 2198/1010/123 2195/1011/122 2196/1008/122
f 2200/1012/124 2197/1013/123 2198/1010/123
f 2202/1014/125 2199/1015/124 2200/1012/124
f 2204/1016/126 2201/1017/125 2202/1014/125
f 2206/1018/127 2203/1019/126 2204/1016/126
f 2208/1020/128 2205/1021/127 2206/1018/127
f 2210/1022/129 2207/1023/128 2208/1020/128
f 2212/1024/130 2209/1025/129 2210/1022/129
f 2214/1026/131 2211/1027/130 2212/1024/130
f 2216/1028/132 2213/1029/131 2214/1026/131
f 2218/1030/133 2215/1031/132 2216/1028/132
f 2220/1032/134 2217/1033/133 2218/1030/133
f 2222/1034/135 2219/1035/136 2220/1032/134
f 2224/1036/137 2221/1037/138 2222/1034/135
f 2226/1038/139 2223/1039/137 2224/1036/137
f 2228/1040/140 2225/1041/139 2226/1038/139
f 2230/1042/141 2227/1043/140 2228/1040/140
f 2232/1044/142 2229/1045/143 2230/1042/141
f 2234/1046/144 2231/1047/142 2232/1044/142
f 2236/1048/145 2233/1049/144 2234/1046/144
f 2238/1050/146 2235/1051/147 2236/1048/145
f 2240/1052/148 2237/1053/146 2238/1050/146
f 2242/1054/149 2239/1055/148 2240/1052/148
f 2244/1056/150 2241/1057/149 2242/1054/149
f 2246/1058/151 2243/1059/150 2244/1056/150
f 2248/1060/152 2245/1061/151 2246/1058/151
f 2250/1062/153 2247/1063/152 2248/1060/152
f 2252/1064/154 2249/1065/153 2250/1062/153
f 2254/1066/155 2251/1067/154 2252/1064/154
f 2256/1068/156 2253/1069/155 2254/1066/155
f 2258/1070/157 2255/1071/156 2256/1068/156
f 2260/1072/158 2257/1073/157 2258/1070/157
f 2262/1074/159 2259/1075/158 2260/1072/158
f 2264/1076/160 2261/1077/159 2262/1074/159
f 2266/1078/161 2263/1079/160 2264/1076/160
f 2268/1080/162 2265/1081/161 2266/1078/161
f 2270/1082/163 2267/1083/162 2268/1080/162
f 2272/1084/164 2269/1085/163 2270/1082/163
f 2274/1086/165 2271/1087/164 2272/1084/164
f 2276/1088/166 2273/1089/165 2274/1086/165
f 2278/1090/167 2275/1091/166 2276/1088/166
f 2280/1092/168 2277/1093/167 2278/1090/167
f 2282/1094/169 2279/1095/168 2280/1092/168
f 2284/1096/170 2281/1097/169 2282/1094/169
f 2286/1098/171 2283/1099/170 2284/1096/170
f 2288/1100/172 2285/1101/171 2286/1098/171
f 2290/1102/173 2287/1103/174 2288/1100/172
f 2292/1104/175 2289/1105/173 2290/1102/173
f 2294/1106/176 2291/1107/175 2292/1104/175
f 2296/1108/177 2293/1109/176 2294/1106/176
f 2298/1110/178 2295/1111/177 2296/1108/177
f 2300/1112/179 2297/1113/178 2298/1110/178
f 2302/1114/180 2299/1115/179 2300/1112/179
f 2304/1116/181 2301/1117/180 2302/1114/180
f 2306/1118/182 2303/1119/181 2304/1116/181
f 2308/1120/183 2305/1121/182 2306/1118/182
f 2310/1122/184 2307/1123/185 2308/1120/183
f 2312/1124/186 2309/1125/184 2310/1122/184
f 2314/1126/187 2311/1127/186 2312/1124/186
f 2316/969/188 2313/1128/187 2314/1126/187
f 2318/1129/189 2315/53/188 2316/969/188
f 2320/1130/190 2317/1131/189 2318/1129/189
f 2322/1132/191 2319/1133/190 2320/1130/190
f 2324/1134/192 2321/1135/191 2322/1132/191
f 2326/1136/193 2323/1137/192 2324/1134/192
f 2328/1138/194 2325/1139/195 2326/1136/193
f 2330/1140/196 2327/1141/194 2328/1138/194
f 2332/1142/197 2329/1143/196 2330/1140/196
f 2334/1144/198 2331/1145/197 2332/1142/197
f 2336/1146/199 2333/1147/198 2334/1144/198
f 2338/1148/200 2335/1149/199 2336/1146/199
f 2340/1150/201 2337/1151/200 2338/1148/200
f 2342/1152/202 2339/1153/201 2340/1150/201
f 2344/1154/203 2341/1155/202 2342/1152/202
f 2346/1156/204 2343/1157/203 2344/1154/203
f 2348/1158/205 2345/1159/204 2346/1156/204
f 2350/1160/206 2347/1161/207 2348/1158/205
f 2352/1162/208 2349/1163/206 2350/1160/206
f 2354/1164/209 2351/1165/208 2352/1162/208
f 2356/1166/210 2353/1167/209 2354/1164/209
f 2358/1168/211 2355/1169/210 2356/1166/210
f 2360/1170/212 2357/1171/211 2358/1168/211
f 2362/1172/213 2359/1173/212 2360/1170/212
f 2364/1174/214 2361/1175/213 2362/1172/213
f 2366/1176/215 2363/1177/216 2364/1174/214
f 2368/1178/217 2365/1179/215 2366/1176/215
f 2370/1180/218 2367/1181/217 2368/1178/217
f 2372/1182/219 2369/1183/218 2370/1180/218
f 2374/1184/220 2371/1185/221 2372/1182/219
f 2376/1186/222 2373/1187/220 2374/1184/220
f 2378/1188/223 2375/1189/222 2376/1186/222
f 2380/1190/224 2377/1191/223 2378/1188/223
f 2382/1192/225 2379/1193/224 2380/1190/224
f 2384/1194/226 2381/1195/225 2382/1192/225
f 2386/1196/227 2383/1197/226 2384/1194/226
f 2388/1198/228 2385/1199/227 2386/1196/227
f 2390/1200/229 2387/1201/228 2388/1198/228
f 2392/1202/230 2389/1203/229 2390/1200/229
f 2394/1204/231 2391/1205/230 2392/1202/230
f 2396/1206/232 2393/1207/231 2394/1204/231
f 2398/1208/233 2395/1209/232 2396/1206/232
f 2400/1210/234 2397/1211/233 2398/1208/233
f 2402/1212/235 2399/1213/234 2400/1210/234
f 2404/1214/236 2401/1215/235 2402/1212/235
f 2406/1216/237 2403/1217/236 2404/1214/236
f 2408/1218/238 2405/1219/237 2406/1216/237
f 2410/1220/239 2407/1221/238 2408/1218/238
f 2412/1222/240 2409/1223/239 2410/1220/239
f 2414/1224/241 2411/1225/242 2412/1222/240
f 2416/1226/243 2413/1227/241 2414/1224/241
f 2418/1228/244 2415/1229/243 2416/1226/243
f 2420/1230/245 2417/1231/244 2418/1228/244
f 2422/1232/246 2419/1233/245 2420/1230/245
f 2424/1234/247 2421/1235/246 2422/1232/246
f 2426/1236/248 2423/1237/247 2424/1234/247
f 2428/1238/249 2425/1239/250 2426/1236/248
f 2430/1240/251 2427/1241/249 2428/1238/249
f 2432/1242/252 2429/1243/251 2430/1240/251
f 2434/1244/253 2431/1245/252 2432/1242/252
f 2436/1246/254 2433/1247/253 2434/1244/253
f 2438/1248/255 2435/1249/254 2436/1246/254
f 2440/1250/256 2437/1251/255 2438/1248/255
f 2442/1252/257 2439/1253/256 2440/1250/256
f 2444/1254/258 2441/1255/257 2442/1252/257
f 2446/1256/259 2443/1257/258 2444/1254/258
f 2448/1258/260 2445/1259/259 2446/1256/259
f 2182/888/116 2447/1260/260 2448/1258/260
f 2452/1261/261 2449/84/262 2450/833/263
f 2454/1262/264 2451/1263/261 2452/1261/261
f 2456/1264/265 2453/1265/264 2454/1262/264
f 2458/1266/266 2455/627/265 2456/1264/265
f 2460/1267/267 2457/1268/266 2458/1266/266
f 2462/1269/268 2459/1270/267 2460/1267/267
f 2464/1271/269 2461/640/268 2462/1269/268
f 2466/1272/270 2463/1273/269 2464/1271/269
f 2468/1274/271 2465/1275/272 2466/1272/270
f 2470/1276/273 2467/633/271 2468/1274/271
f 2472/1277/274 2469/1278/273 2470/1276/273
f 2474/1279/275 2471/1280/274 2472/1277/274
f 2476/1281/276 2473/607/275 2474/1279/275
f 2478/1282/277 2475/1283/276 2476/1281/276
f 2480/1284/278 2477/1285/277 2478/1282/277
f 2482/1286/279 2479/585/278 2480/1284/278
f 2484/1287/280 2481/1288/279 2482/1286/279
f 2486/1289/281 2483/1290/280 2484/1287/280
f 2488/905/282 2485/558/283 2486/1289/281
f 2490/1291/284 2487/908/282 2488/905/282
f 2492/1292/285 2489/1293/284 2490/1291/284
f 2494/1294/286 2491/550/285 2492/1292/285
f 2496/1295/287 2493/1296/286 2494/1294/286
f 2498/1297/288 2495/1298/287 2496/1295/287
f 2500/1299/30 2497/557/288 2498/1297/288
f 2502/1300/31 2499/1301/30 2500/1299/30
f 2504/1302/289 2501/1303/31 2502/1300/31
f 2506/1304/290 2503/584/289 2504/1302/289
f 2508/1305/291 2505/1306/290 2506/1304/290
f 2510/1307/292 2507/1308/291 2508/1305/291
f 2512/1309/293 2509/604/294 2510/1307/292
f 2514/1310/295 2511/1311/293 2512/1309/293
f 2516/1312/296 2513/1313/295 2514/1310/295
f 2518/1314/297 2515/620/296 2516/1312/296
f 2520/1315/298 2517/1316/297 2518/1314/297
f 2522/1317/299 2519/1318/298 2520/1315/298
f 2524/1319/300 2521/629/299 2522/1317/299
f 2526/923/301 2523/1320/300 2524/1319/300
f 2528/1321/302 2525/926/301 2526/923/301
f 2530/1322/303 2527/615/302 2528/1321/302
f 2532/1323/304 2529/1324/303 2530/1322/303
f 2534/1325/305 2531/1326/304 2532/1323/304
f 2536/1327/306 2533/599/305 2534/1325/305
f 2538/1328/307 2535/1329/306 2536/1327/306
f 2540/1330/308 2537/1331/307 2538/1328/307
f 2542/1332/309 2539/583/308 2540/1330/308
f 2544/1333/310 2541/1334/309 2542/1332/309
f 2546/1335/311 2543/1336/310 2544/1333/310
f 2548/1337/312 2545/569/311 2546/1335/311
f 2550/1338/313 2547/1339/312 2548/1337/312
f 2552/1340/314 2549/1341/313 2550/1338/313
f 2554/1342/30 2551/566/314 2552/1340/314
f 2556/1343/31 2553/1344/30 2554/1342/30
f 2558/1345/32 2555/1346/31 2556/1343/31
f 2560/1347/60 2557/580/32 2558/1345/32
f 2562/1348/60 2559/1349/60 2560/1347/60
f 2450/888/263 2561/1350/60 2562/1348/60
f 2566/948/30 2563/84/30 2564/833/30
f 2568/955/31 2565/651/30 2566/948/30
f 2570/962/31 2567/648/31 2568/955/31
f 2572/969/31 2569/673/31 2570/962/31
f 2574/976/32 2571/53/31 2572/969/31
f 2576/983/60 2573/672/32 2574/976/32
f 2578/990/30 2575/668/60 2576/983/60
f 2564/888/30 2577/663/30 2578/990/30
f 2582/1351/315 2579/84/316 2580/833/316
f 2584/1352/317 2581/1353/315 2582/1351/315
f 2586/1354/318 2583/1355/317 2584/1352/317
f 2588/1356/319 2585/1357/318 2586/1354/318
f 2590/1358/320 2587/1359/319 2588/1356/319
f 2592/948/321 2589/1360/320 2590/1358/320
f 2594/1361/322 2591/651/321 2592/948/321
f 2596/1362/323 2593/1363/322 2594/1361/322
f 2598/1364/324 2595/1365/323 2596/1362/323
f 2600/1366/325 2597/1367/324 2598/1364/324
f 2602/1368/326 2599/1369/325 2600/1366/325
f 2604/955/327 2601/1370/326 2602/1368/326
f 2606/1371/328 2603/648/327 2604/955/327
f 2608/1372/329 2605/1373/328 2606/1371/328
f 2610/1374/330 2607/1375/329 2608/1372/329
f 2612/905/331 2609/1376/330 2610/1374/330
f 2614/1377/332 2611/908/331 2612/905/331
f 2616/962/333 2613/1378/332 2614/1377/332
f 2618/1379/334 2615/673/333 2616/962/333
f 2620/1380/335 2617/1381/334 2618/1379/334
f 2622/1382/336 2619/1383/335 2620/1380/335
f 2624/1384/337 2621/1385/336 2622/1382/336
f 2626/1386/338 2623/1387/337 2624/1384/337
f 2628/969/339 2625/1388/338 2626/1386/338
f 2630/1389/340 2627/53/339 2628/969/339
f 2632/1390/341 2629/1391/340 2630/1389/340
f 2634/1392/342 2631/1393/341 2632/1390/341
f 2636/1394/343 2633/1395/342 2634/1392/342
f 2638/1396/344 2635/1397/343 2636/1394/343
f 2640/976/345 2637/1398/344 2638/1396/344
f 2642/1399/346 2639/672/345 2640/976/345
f 2644/923/347 2641/1400/346 2642/1399/346
f 2646/1401/348 2643/926/347 2644/923/347
f 2648/1402/349 2645/1403/348 2646/1401/348
f 2650/1404/350 2647/1405/349 2648/1402/349
f 2652/983/351 2649/1406/350 2650/1404/350
f 2654/1407/352 2651/668/351 2652/983/351
f 2656/1408/353 2653/1409/352 2654/1407/352
f 2658/1410/354 2655/1411/353 2656/1408/353
f 2660/1412/355 2657/1413/354 2658/1410/354
f 2662/1414/356 2659/1415/355 2660/1412/355
f 2664/990/357 2661/1416/356 2662/1414/356
f 2666/1417/358 2663/663/357 2664/990/357
f 2668/1418/359 2665/1419/358 2666/1417/358
f 2670/1420/360 2667/1421/359 2668/1418/359
f 2672/1422/361 2669/1423/360 2670/1420/360
f 2674/1424/362 2671/1425/361 2672/1422/361
f 2580/888/316 2673/1426/362 2674/1424/362
f 2678/1351/363 2675/84/364 2676/833/364
f 2680/1352/365 2677/1353/363 2678/1351/363
f 2682/1354/366 2679/1355/365 2680/1352/365
f 2684/1356/367 2681/1357/366 2682/1354/366
f 2686/1358/368 2683/1359/367 2684/1356/367
f 2688/948/369 2685/1360/368 2686/1358/368
f 2690/1361/370 2687/651/369 2688/948/369
f 2692/1362/371 2689/1363/370 2690/1361/370
f 2694/1364/372 2691/1365/371 2692/1362/371
f 2696/1366/373 2693/1367/372 2694/1364/372
f 2698/1368/374 2695/1369/373 2696/1366/373
f 2700/955/375 2697/1370/374 2698/1368/374
f 2702/1371/376 2699/648/375 2700/955/375
f 2704/1372/377 2701/1373/376 2702/1371/376
f 2706/1374/378 2703/1375/377 2704/1372/377
f 2708/905/379 2705/1376/378 2706/1374/378
f 2710/1377/380 2707/908/379 2708/905/379
f 2712/962/381 2709/1378/380 2710/1377/380
f 2714/1379/382 2711/673/381 2712/962/381
f 2716/1380/383 2713/1381/382 2714/1379/382
f 2718/1382/384 2715/1383/383 2716/1380/383
f 2720/1384/385 2717/1385/386 2718/1382/384
f 2722/1386/387 2719/1387/385 2720/1384/385
f 2724/969/388 2721/1388/387 2722/1386/387
f 2726/1389/389 2723/53/388 2724/969/388
f 2728/1390/390 2725/1391/389 2726/1389/389
f 2730/1392/391 2727/1393/390 2728/1390/390
f 2732/1394/392 2729/1395/391 2730/1392/391
f 2734/1396/393 2731/1397/392 2732/1394/392
f 2736/976/394 2733/1398/393 2734/1396/393
f 2738/1399/395 2735/672/394 2736/976/394
f 2740/923/396 2737/1400/395 2738/1399/395
f 2742/1401/397 2739/926/396 2740/923/396
f 2744/1402/398 2741/1403/397 2742/1401/397
f 2746/1404/399 2743/1405/398 2744/1402/398
f 2748/983/400 2745/1406/399 2746/1404/399
f 2750/1407/401 2747/668/400 2748/983/400
f 2752/1408/402 2749/1409/401 2750/1407/401
f 2754/1410/403 2751/1411/402 2752/1408/402
f 2756/1412/404 2753/1413/403 2754/1410/403
f 2758/1414/405 2755/1415/404 2756/1412/404
f 2760/990/406 2757/1416/405 2758/1414/405
f 2762/1417/407 2759/663/406 2760/990/406
f 2764/1418/408 2761/1419/407 2762/1417/407
f 2766/1420/409 2763/1421/408 2764/1418/408
f 2768/1422/410 2765/1423/409 2766/1420/409
f 2770/1424/411 2767/1425/410 2768/1422/410
f 2676/888/364 2769/1426/411 2770/1424/411
f 2774/1427/412 2771/84/413 2772/833/414
f 2776/1428/415 2773/1429/412 2774/1427/412
f 2778/1430/416 2775/1431/415 2776/1428/415
f 2780/1432/417 2777/1433/416 2778/1430/416
f 2782/1434/418 2779/1435/417 2780/1432/417
f 2784/1436/419 2781/1437/418 2782/1434/418
f 2786/1438/420 2783/1439/419 2784/1436/419
f 2788/1440/421 2785/1441/420 2786/1438/420
f 2790/1442/422 2787/1443/421 2788/1440/421
f 2792/1444/423 2789/1445/422 2790/1442/422
f 2794/1446/424 2791/1447/423 2792/1444/423
f 2796/1448/425 2793/1449/424 2794/1446/424
f 2798/1450/426 2795/1451/425 2796/1448/425
f 2800/1452/427 2797/1453/426 2798/1450/426
f 2802/1454/428 2799/1455/427 2800/1452/427
f 2804/1456/429 2801/1457/428 2802/1454/428
f 2806/1458/430 2803/1459/429 2804/1456/429
f 2808/1460/431 2805/1461/430 2806/1458/430
f 2810/1462/432 2807/1463/431 2808/1460/431
f 2812/1464/433 2809/1465/432 2810/1462/432
f 2814/1466/434 2811/1467/433 2812/1464/433
f 2816/1468/435 2813/1469/434 2814/1466/434
f 2818/1470/436 2815/1471/435 2816/1468/435
f 2820/1472/437 2817/1473/436 2818/1470/436
f 2822/1474/438 2819/1475/437 2820/1472/437
f 2824/1476/439 2821/1477/438 2822/1474/438
f 2826/1478/440 2823/1479/439 2824/1476/439
f 2828/1480/441 2825/1481/440 2826/1478/440
f 2830/1482/442 2827/1483/441 2828/1480/441
f 2832/1484/443 2829/1485/442 2830/1482/442
f 2834/1486/444 2831/1487/443 2832/1484/443
f 2836/1488/445 2833/1489/444 2834/1486/444
f 2838/1490/446 2835/1491/445 2836/1488/445
f 2840/1492/447 2837/1493/446 2838/1490/446
f 2842/1494/448 2839/1495/447 2840/1492/447
f 2844/1496/449 2841/1497/448 2842/1494/448
f 2846/1498/450 2843/1499/449 2844/1496/449
f 2848/1500/451 2845/1501/450 2846/1498/450
f 2850/1502/452 2847/1503/451 2848/1500/451
f 2852/1504/453 2849/1505/452 2850/1502/452
f 2854/1506/454 2851/1507/453 2852/1504/453
f 2856/1508/455 2853/1509/454 2854/1506/454
f 2858/1510/456 2855/1511/455 2856/1508/455
f 2860/1512/457 2857/1513/456 2858/1510/456
f 2862/1514/458 2859/1515/457 2860/1512/457
f 2864/1516/459 2861/1517/458 2862/1514/458
f 2866/1518/460 2863/1519/459 2864/1516/459
f 2868/1520/461 2865/1521/460 2866/1518/460
f 2870/1522/462 2867/1523/461 2868/1520/461
f 2872/1524/463 2869/1525/462 2870/1522/462
f 2874/1526/464 2871/1527/463 2872/1524/463
f 2876/1528/465 2873/1529/464 2874/1526/464
f 2878/1530/466 2875/1531/465 2876/1528/465
f 2880/1532/467 2877/1533/466 2878/1530/466
f 2882/1534/468 2879/1535/467 2880/1532/467
f 2884/1536/469 2881/1537/468 2882/1534/468
f 2886/1538/470 2883/1539/469 2884/1536/469
f 2888/1540/471 2885/1541/470 2886/1538/470
f 2890/1542/472 2887/1543/471 2888/1540/471
f 2892/1544/473 2889/1545/472 2890/1542/472
f 2894/969/474 2891/1546/473 2892/1544/473
f 2896/1547/475 2893/53/474 2894/969/474
f 2898/1548/476 2895/1549/475 2896/1547/475
f 2900/1550/477 2897/1551/476 2898/1548/476
f 2902/1552/478 2899/1553/477 2900/1550/477
f 2904/1554/479 2901/1555/478 2902/1552/478
f 2906/1556/480 2903/1557/479 2904/1554/479
f 2908/1558/481 2905/1559/480 2906/1556/480
f 2910/1560/482 2907/1561/481 2908/1558/481
f 2912/1562/483 2909/1563/482 2910/1560/482
f 2914/1564/484 2911/1565/483 2912/1562/483
f 2916/1566/485 2913/1567/484 2914/1564/484
f 2918/1568/486 2915/1569/485 2916/1566/485
f 2920/1570/487 2917/1571/486 2918/1568/486
f 2922/1572/488 2919/1573/487 2920/1570/487
f 2924/1574/489 2921/1575/488 2922/1572/488
f 2926/1576/490 2923/1577/489 2924/1574/489
f 2928/1578/491 2925/1579/490 2926/1576/490
f 2930/1580/492 2927/1581/491 2928/1578/491
f 2932/1582/493 2929/1583/492 2930/1580/492
f 2934/1584/494 2931/1585/493 2932/1582/493
f 2936/1586/495 2933/1587/494 2934/1584/494
f 2938/1588/496 2935/1589/495 2936/1586/495
f 2940/1590/497 2937/1591/496 2938/1588/496
f 2942/1592/498 2939/1593/497 2940/1590/497
f 2944/1594/499 2941/1595/498 2942/1592/498
f 2946/1596/500 2943/1597/499 2944/1594/499
f 2948/1598/501 2945/1599/500 2946/1596/500
f 2950/1600/502 2947/1601/501 2948/1598/501
f 2952/1602/503 2949/1603/502 2950/1600/502
f 2954/1604/504 2951/1605/503 2952/1602/503
f 2956/1606/505 2953/1607/504 2954/1604/504
f 2958/1608/506 2955/1609/505 2956/1606/505
f 2960/1610/507 2957/1611/506 2958/1608/506
f 2962/1612/508 2959/1613/507 2960/1610/507
f 2964/1614/509 2961/1615/508 2962/1612/508
f 2966/1616/510 2963/1617/509 2964/1614/509
f 2968/1618/511 2965/1619/510 2966/1616/510
f 2970/1620/512 2967/1621/511 2968/1618/511
f 2972/1622/513 2969/1623/512 2970/1620/512
f 2974/1624/514 2971/1625/513 2972/1622/513
f 2976/1626/515 2973/1627/514 2974/1624/514
f 2978/1628/516 2975/1629/515 2976/1626/515
f 2980/1630/517 2977/1631/516 2978/1628/516
f 2982/1632/518 2979/1633/517 2980/1630/517
f 2984/1634/519 2981/1635/518 2982/1632/518
f 2986/1636/520 2983/1637/519 2984/1634/519
f 2988/1638/521 2985/1639/520 2986/1636/520
f 2990/1640/522 2987/1641/521 2988/1638/521
f 2992/1642/523 2989/1643/522 2990/1640/522
f 2994/1644/524 2991/1645/523 2992/1642/523
f 2996/1646/525 2993/1647/524 2994/1644/524
f 2998/1648/526 2995/1649/525 2996/1646/525
f 3000/1650/527 2997/1651/526 2998/1648/526
f 3002/1652/528 2999/1653/527 3000/1650/527
f 3004/1654/529 3001/1655/528 3002/1652/528
f 3006/1656/530 3003/1657/529 3004/1654/529
f 3008/1658/531 3005/1659/530 3006/1656/530
f 3010/1660/532 3007/1661/531 3008/1658/531
f 3012/1662/533 3009/1663/532 3010/1660/532
f 3014/1664/534 3011/1665/533 3012/1662/533
f 2772/888/414 3013/1666/534 3014/1664/534
f 3018/1667/32 3015/84/31 3016/833/31
f 3020/1668/535 3017/1669/32 3018/1667/32
f 3022/1670/536 3019/1671/535 3020/1668/535
f 3024/1672/537 3021/1673/536 3022/1670/536
f 3026/948/538 3023/1674/537 3024/1672/537
f 3028/1675/539 3025/651/538 3026/948/538
f 3030/1676/478 3027/1677/540 3028/1675/539
f 3032/1678/541 3029/1679/478 3030/1676/478
f 3034/1680/542 3031/612/541 3032/1678/541
f 3036/955/543 3033/1681/542 3034/1680/542
f 3038/1682/544 3035/648/543 3036/955/543
f 3040/1683/545 3037/1684/544 3038/1682/544
f 3042/1685/546 3039/1686/545 3040/1683/545
f 3044/1687/547 3041/1688/546 3042/1685/546
f 3046/962/548 3043/1689/547 3044/1687/547
f 3048/1690/549 3045/673/548 3046/962/548
f 3050/1691/550 3047/553/549 3048/1690/549
f 3052/1692/551 3049/1693/550 3050/1691/550
f 3054/1694/552 3051/1695/551 3052/1692/551
f 3056/969/553 3053/1696/552 3054/1694/552
f 3058/1697/554 3055/53/553 3056/969/553
f 3060/1698/555 3057/1699/554 3058/1697/554
f 3062/1700/556 3059/1701/555 3060/1698/555
f 3064/1702/557 3061/1703/556 3062/1700/556
f 3066/976/558 3063/624/557 3064/1702/557
f 3068/1704/559 3065/672/558 3066/976/558
f 3070/1705/560 3067/1706/559 3068/1704/559
f 3072/1707/561 3069/1708/560 3070/1705/560
f 3074/1709/562 3071/1710/561 3072/1707/561
f 3076/983/563 3073/1711/562 3074/1709/562
f 3078/1712/564 3075/668/563 3076/983/563
f 3080/1713/565 3077/1714/564 3078/1712/564
f 3082/1715/566 3079/581/565 3080/1713/565
f 3084/1716/567 3081/1717/566 3082/1715/566
f 3086/990/568 3083/1718/567 3084/1716/567
f 3088/1719/569 3085/663/568 3086/990/568
f 3090/1720/570 3087/1721/569 3088/1719/569
f 3092/1722/571 3089/1723/570 3090/1720/570
f 3094/1724/30 3091/1725/571 3092/1722/571
f 3016/888/31 3093/1726/30 3094/1724/30
f 3098/1727/572 3095/84/573 3096/833/573
f 3100/1264/574 3097/1728/572 3098/1727/572
f 3102/1729/575 3099/627/574 3100/1264/574
f 3104/1269/576 3101/1730/575 3102/1729/575
f 3106/1731/577 3103/640/576 3104/1269/576
f 3108/1274/578 3105/1732/577 3106/1731/577
f 3110/1733/579 3107/633/578 3108/1274/578
f 3112/1279/580 3109/1734/579 3110/1733/579
f 3114/1735/581 3111/607/580 3112/1279/580
f 3116/1284/582 3113/1736/581 3114/1735/581
f 3118/1737/583 3115/585/582 3116/1284/582
f 3120/1289/584 3117/1738/583 3118/1737/583
f 3122/1739/585 3119/558/586 3120/1289/584
f 3124/1292/587 3121/1740/585 3122/1739/585
f 3126/1741/588 3123/550/587 3124/1292/587
f 3128/1297/589 3125/1742/588 3126/1741/588
f 3130/1743/590 3127/557/589 3128/1297/589
f 3132/1302/591 3129/1744/590 3130/1743/590
f 3134/969/592 3131/584/591 3132/1302/591
f 3136/1307/593 3133/53/592 3134/969/592
f 3138/1745/594 3135/604/593 3136/1307/593
f 3140/1312/595 3137/1746/594 3138/1745/594
f 3142/1747/596 3139/620/595 3140/1312/595
f 3144/1317/597 3141/1748/596 3142/1747/596
f 3146/1749/598 3143/629/599 3144/1317/597
f 3148/1321/600 3145/1750/598 3146/1749/598
f 3150/1751/601 3147/615/600 3148/1321/600
f 3152/1325/602 3149/1752/601 3150/1751/601
f 3154/1753/603 3151/599/602 3152/1325/602
f 3156/1330/604 3153/1754/603 3154/1753/603
f 3158/1755/605 3155/583/604 3156/1330/604
f 3160/1335/606 3157/1756/605 3158/1755/605
f 3162/1757/607 3159/569/606 3160/1335/606
f 3164/1340/608 3161/1758/607 3162/1757/607
f 3166/1759/609 3163/566/608 3164/1340/608
f 3168/1345/30 3165/1760/609 3166/1759/609
f 3170/1761/610 3167/580/30 3168/1345/30
f 3096/888/573 3169/1762/610 3170/1761/610
f 3174/1763/611 3171/84/612 3172/833/612
f 3176/1764/613 3173/1765/611 3174/1763/611
f 3178/1766/614 3175/1767/613 3176/1764/613
f 3180/1768/615 3177/1769/614 3178/1766/614
f 3182/1770/616 3179/1771/615 3180/1768/615
f 3184/1772/617 3181/1773/616 3182/1770/616
f 3186/1774/618 3183/1775/617 3184/1772/617
f 3188/1776/619 3185/1777/618 3186/1774/618
f 3190/1778/620 3187/1779/621 3188/1776/619
f 3192/1780/622 3189/1781/620 3190/1778/620
f 3194/1782/623 3191/1783/622 3192/1780/622
f 3196/1784/624 3193/1785/623 3194/1782/623
f 3198/1786/625 3195/1787/624 3196/1784/624
f 3200/1788/626 3197/1789/625 3198/1786/625
f 3202/1790/188 3199/1791/626 3200/1788/626
f 3204/1792/627 3201/1793/188 3202/1790/188
f 3206/1794/628 3203/1795/629 3204/1792/627
f 3208/1796/630 3205/1797/628 3206/1794/628
f 3210/1798/631 3207/1799/630 3208/1796/630
f 3212/1800/632 3209/1801/631 3210/1798/631
f 3214/1802/633 3211/1803/634 3212/1800/632
f 3216/1804/635 3213/1805/636 3214/1802/633
f 3218/1806/637 3215/1807/638 3216/1804/635
f 3220/1808/639 3217/1809/637 3218/1806/637
f 3222/1810/640 3219/1811/639 3220/1808/639
f 3224/1812/641 3221/1813/640 3222/1810/640
f 3226/1814/642 3223/1815/643 3224/1812/641
f 3228/1816/644 3225/1817/642 3226/1814/642
f 3230/1818/645 3227/1819/644 3228/1816/644
f 3232/1820/646 3229/1821/645 3230/1818/645
f 3234/1822/647 3231/1823/646 3232/1820/646
f 3236/1824/648 3233/1825/647 3234/1822/647
f 3238/1826/558 3235/1827/648 3236/1824/648
f 3240/1828/649 3237/1829/558 3238/1826/558
f 3242/1830/650 3239/1831/649 3240/1828/649
f 3244/1832/651 3241/1833/650 3242/1830/650
f 3246/1834/652 3243/1835/651 3244/1832/651
f 3248/1836/653 3245/1837/652 3246/1834/652
f 3250/1838/654 3247/1839/653 3248/1836/653
f 3252/1840/655 3249/1841/654 3250/1838/654
f 3254/1842/656 3251/1843/655 3252/1840/655
f 3256/1844/657 3253/1845/656 3254/1842/656
f 3258/1846/658 3255/1847/657 3256/1844/657
f 3260/1848/659 3257/1849/658 3258/1846/658
f 3262/1850/660 3259/1851/659 3260/1848/659
f 3264/1852/661 3261/1853/660 3262/1850/660
f 3266/1854/662 3263/1855/661 3264/1852/661
f 3268/1856/663 3265/1857/662 3266/1854/662
f 3270/1858/664 3267/1859/663 3268/1856/663
f 3272/1860/665 3269/1861/664 3270/1858/664
f 3274/1862/666 3271/1863/665 3272/1860/665
f 3276/1864/667 3273/1865/666 3274/1862/666
f 3278/1866/668 3275/1867/667 3276/1864/667
f 3280/1868/669 3277/1869/668 3278/1866/668
f 3282/1870/670 3279/1871/669 3280/1868/669
f 3284/1872/671 3281/1873/670 3282/1870/670
f 3286/1874/672 3283/1875/671 3284/1872/671
f 3288/1876/673 3285/1877/672 3286/1874/672
f 3290/1878/674 3287/1879/673 3288/1876/673
f 3292/1880/675 3289/1881/674 3290/1878/674
f 3294/1882/676 3291/1883/675 3292/1880/675
f 3296/1884/677 3293/1885/676 3294/1882/676
f 3298/1886/678 3295/1887/677 3296/1884/677
f 3300/1888/679 3297/1889/678 3298/1886/678
f 3302/1890/680 3299/1891/679 3300/1888/679
f 3304/1892/681 3301/1893/682 3302/1890/680
f 3306/1894/683 3303/1895/681 3304/1892/681
f 3308/1896/684 3305/1897/685 3306/1894/683
f 3310/1898/686 3307/1899/684 3308/1896/684
f 3312/1900/687 3309/1901/686 3310/1898/686
f 3314/1902/688 3311/1903/687 3312/1900/687
f 3316/1904/689 3313/1905/688 3314/1902/688
f 3318/1906/690 3315/1907/689 3316/1904/689
f 3320/1908/691 3317/1909/690 3318/1906/690
f 3322/1910/692 3319/1911/691 3320/1908/691
f 3324/1912/693 3321/1913/692 3322/1910/692
f 3326/1914/694 3323/1915/693 3324/1912/693
f 3328/1916/695 3325/1917/694 3326/1914/694
f 3330/1918/696 3327/1919/695 3328/1916/695
f 3332/1920/697 3329/1921/696 3330/1918/696
f 3334/1922/698 3331/1923/697 3332/1920/697
f 3336/1924/699 3333/1925/698 3334/1922/698
f 3338/1926/700 3335/1927/701 3336/1924/699
f 3340/1928/702 3337/1929/700 3338/1926/700
f 3342/1930/703 3339/1931/702 3340/1928/702
f 3344/1932/704 3341/1933/703 3342/1930/703
f 3346/1934/705 3343/1935/704 3344/1932/704
f 3348/1936/706 3345/1937/705 3346/1934/705
f 3350/1938/707 3347/1939/706 3348/1936/706
f 3352/1940/708 3349/1941/707 3350/1938/707
f 3354/1942/709 3351/1943/708 3352/1940/708
f 3356/1944/710 3353/1945/709 3354/1942/709
f 3358/1946/711 3355/1947/710 3356/1944/710
f 3360/1948/712 3357/1949/711 3358/1946/711
f 3362/1950/713 3359/1951/712 3360/1948/712
f 3364/1952/714 3361/1953/713 3362/1950/713
f 3366/1954/715 3363/1955/714 3364/1952/714
f 3368/1956/716 3365/1957/715 3366/1954/715
f 3370/1958/717 3367/1959/716 3368/1956/716
f 3372/1960/718 3369/1961/717 3370/1958/717
f 3374/1962/719 3371/1963/718 3372/1960/718
f 3376/1964/720 3373/1965/719 3374/1962/719
f 3378/1966/721 3375/1967/720 3376/1964/720
f 3380/1968/722 3377/1969/721 3378/1966/721
f 3382/1970/723 3379/1971/722 3380/1968/722
f 3384/1972/724 3381/1973/723 3382/1970/723
f 3386/1974/725 3383/1975/724 3384/1972/724
f 3388/1976/726 3385/1977/725 3386/1974/725
f 3390/1978/727 3387/1979/726 3388/1976/726
f 3392/1980/728 3389/1981/727 3390/1978/727
f 3394/1982/729 3391/1983/728 3392/1980/728
f 3396/1984/730 3393/1985/731 3394/1982/729
f 3398/1986/732 3395/1987/730 3396/1984/730
f 3400/1988/733 3397/1989/734 3398/1986/732
f 3402/1990/735 3399/1991/733 3400/1988/733
f 3404/1992/736 3401/1993/737 3402/1990/735
f 3406/1994/738 3403/1995/739 3404/1992/736
f 3408/1996/740 3405/1997/738 3406/1994/738
f 3410/1998/741 3407/1999/742 3408/1996/740
f 3412/2000/743 3409/2001/744 3410/1998/741
f 3414/2002/745 3411/2003/746 3412/2000/743
f 3416/2004/747 3413/2005/748 3414/2002/745
f 3418/2006/749 3415/2007/747 3416/2004/747
f 3420/2008/750 3417/2009/749 3418/2006/749
f 3422/2010/751 3419/2011/752 3420/2008/750
f 3424/2012/753 3421/2013/751 3422/2010/751
f 3426/2014/754 3423/2015/755 3424/2012/753
f 3428/2016/756 3425/2017/757 3426/2014/754
f 3430/2018/758 3427/2019/756 3428/2016/756
f 3432/2020/759 3429/2021/758 3430/2018/758
f 3434/2022/760 3431/2023/761 3432/2020/759
f 3436/2024/762 3433/2025/763 3434/2022/760
f 3438/2026/764 3435/2027/762 3436/2024/762
f 3440/2028/765 3437/2029/764 3438/2026/764
f 3442/2030/766 3439/2031/765 3440/2028/765
f 3444/2032/767 3441/2033/766 3442/2030/766
f 3172/888/612 3443/2034/767 3444/2032/767
f 3448/2035/768 3445/84/769 3446/833/769
f 3450/2036/770 3447/2037/768 3448/2035/768
f 3452/2038/771 3449/2039/770 3450/2036/770
f 3454/2040/772 3451/2041/771 3452/2038/771
f 3456/2042/773 3453/2043/772 3454/2040/772
f 3458/2044/774 3455/2045/773 3456/2042/773
f 3460/2046/775 3457/2047/774 3458/2044/774
f 3462/2048/776 3459/2049/775 3460/2046/775
f 3464/2050/777 3461/2051/776 3462/2048/776
f 3466/2052/778 3463/2053/777 3464/2050/777
f 3468/2054/779 3465/2055/778 3466/2052/778
f 3470/2056/780 3467/2057/779 3468/2054/779
f 3472/2058/781 3469/2059/780 3470/2056/780
f 3474/2060/782 3471/2061/783 3472/2058/781
f 3476/2062/784 3473/2063/782 3474/2060/782
f 3478/2064/785 3475/2065/784 3476/2062/784
f 3480/2066/786 3477/2067/785 3478/2064/785
f 3482/2068/787 3479/2069/786 3480/2066/786
f 3484/2070/788 3481/2071/787 3482/2068/787
f 3486/2072/789 3483/2073/788 3484/2070/788
f 3488/2074/790 3485/2075/791 3486/2072/789
f 3490/2076/792 3487/2077/790 3488/2074/790
f 3492/2078/793 3489/2079/792 3490/2076/792
f 3494/2080/794 3491/2081/793 3492/2078/793
f 3496/2082/795 3493/2083/794 3494/2080/794
f 3498/2084/796 3495/2085/795 3496/2082/795
f 3500/2086/797 3497/2087/796 3498/2084/796
f 3502/2088/798 3499/2089/797 3500/2086/797
f 3504/2090/799 3501/2091/798 3502/2088/798
f 3506/2092/800 3503/2093/799 3504/2090/799
f 3508/2094/801 3505/2095/800 3506/2092/800
f 3510/2096/802 3507/2097/801 3508/2094/801
f 3512/2098/803 3509/2099/802 3510/2096/802
f 3514/2100/804 3511/2101/805 3512/2098/803
f 3516/2102/806 3513/2103/804 3514/2100/804
f 3518/2104/807 3515/2105/806 3516/2102/806
f 3446/888/769 3517/2106/807 3518/2104/807
f 3522/2107/808 3519/84/809 3520/833/809
f 3524/2108/810 3521/86/808 3522/2107/808
f 3526/2109/811 3523/87/810 3524/2108/810
f 3528/2110/812 3525/89/811 3526/2109/811
f 3530/2111/813 3527/90/812 3528/2110/812
f 3532/2112/814 3529/92/813 3530/2111/813
f 3534/945/815 3531/93/814 3532/2112/814
f 3536/2113/816 3533/95/815 3534/945/815
f 3538/2114/817 3535/96/816 3536/2113/816
f 3540/2115/818 3537/97/817 3538/2114/817
f 3542/2116/819 3539/99/818 3540/2115/818
f 3544/2117/820 3541/98/819 3542/2116/819
f 3546/2118/821 3543/94/820 3544/2117/820
f 3548/949/822 3545/91/821 3546/2118/821
f 3550/2119/823 3547/88/822 3548/949/822
f 3552/2120/824 3549/85/823 3550/2119/823
f 3554/2121/825 3551/83/824 3552/2120/824
f 3556/2122/826 3553/75/825 3554/2121/825
f 3558/2123/827 3555/67/826 3556/2122/826
f 3560/2124/828 3557/59/827 3558/2123/827
f 3562/953/829 3559/57/828 3560/2124/828
f 3564/2125/830 3561/54/829 3562/953/829
f 3566/2126/831 3563/51/830 3564/2125/830
f 3568/2127/832 3565/49/831 3566/2126/831
f 3570/2128/833 3567/45/832 3568/2127/832
f 3572/2129/834 3569/39/833 3570/2128/833
f 3574/2130/835 3571/33/834 3572/2129/834
f 3576/957/836 3573/25/835 3574/2130/835
f 3578/2131/837 3575/15/836 3576/957/836
f 3580/2132/838 3577/13/837 3578/2131/837
f 3582/2133/839 3579/11/838 3580/2132/838
f 3584/2134/840 3581/9/839 3582/2133/839
f 3586/2135/841 3583/7/840 3584/2134/840
f 3588/2136/842 3585/5/841 3586/2135/841
f 3590/961/843 3587/1/842 3588/2136/842
f 3592/2137/844 3589/3/843 3590/961/843
f 3594/2138/845 3591/2/844 3592/2137/844
f 3596/2139/846 3593/4/845 3594/2138/845
f 3598/2140/847 3595/6/846 3596/2139/846
f 3600/2141/848 3597/8/847 3598/2140/847
f 3602/2142/348 3599/10/848 3600/2141/848
f 3604/965/849 3601/12/348 3602/2142/348
f 3606/2143/850 3603/14/849 3604/965/849
f 3608/2144/851 3605/23/850 3606/2143/850
f 3610/2145/852 3607/34/851 3608/2144/851
f 3612/2146/853 3609/40/852 3610/2145/852
f 3614/2147/854 3611/47/853 3612/2146/853
f 3616/2148/855 3613/50/856 3614/2147/854
f 3618/969/857 3615/52/855 3616/2148/855
f 3620/2149/858 3617/53/859 3618/969/857
f 3622/2150/860 3619/55/861 3620/2149/858
f 3624/2151/862 3621/56/860 3622/2150/860
f 3626/2152/863 3623/58/862 3624/2151/862
f 3628/2153/864 3625/60/863 3626/2152/863
f 3630/2154/865 3627/64/864 3628/2153/864
f 3632/973/866 3629/68/865 3630/2154/865
f 3634/2155/867 3631/71/866 3632/973/866
f 3636/2156/868 3633/73/867 3634/2155/867
f 3638/2157/869 3635/77/868 3636/2156/868
f 3640/2158/870 3637/79/869 3638/2157/869
f 3642/2159/871 3639/82/870 3640/2158/870
f 3644/2160/872 3641/81/871 3642/2159/871
f 3646/977/873 3643/80/872 3644/2160/872
f 3648/2161/874 3645/78/875 3646/977/873
f 3650/2162/876 3647/76/874 3648/2161/874
f 3652/2163/877 3649/74/876 3650/2162/876
f 3654/2164/878 3651/72/877 3652/2163/877
f 3656/2165/879 3653/70/880 3654/2164/878
f 3658/2166/881 3655/69/879 3656/2165/879
f 3660/981/882 3657/66/881 3658/2166/881
f 3662/2167/883 3659/65/882 3660/981/882
f 3664/2168/884 3661/61/883 3662/2167/883
f 3666/2169/885 3663/63/884 3664/2168/884
f 3668/2170/886 3665/62/885 3666/2169/885
f 3670/2171/887 3667/44/886 3668/2170/886
f 3672/2172/888 3669/42/887 3670/2171/887
f 3674/985/889 3671/38/888 3672/2172/888
f 3676/2173/890 3673/36/889 3674/985/889
f 3678/2174/891 3675/32/890 3676/2173/890
f 3680/2175/892 3677/30/891 3678/2174/891
f 3682/2176/893 3679/28/892 3680/2175/892
f 3684/2177/894 3681/26/895 3682/2176/893
f 3686/2178/896 3683/22/894 3684/2177/894
f 3688/989/897 3685/20/896 3686/2178/896
f 3690/2179/898 3687/18/897 3688/989/897
f 3692/2180/899 3689/16/898 3690/2179/898
f 3694/2181/900 3691/17/899 3692/2180/899
f 3696/2182/901 3693/19/900 3694/2181/900
f 3698/2183/902 3695/21/901 3696/2182/901
f 3700/2184/903 3697/24/902 3698/2183/902
f 3702/993/904 3699/27/903 3700/2184/903
f 3704/2185/905 3701/29/904 3702/993/904
f 3706/2186/906 3703/31/905 3704/2185/905
f 3708/2187/907 3705/35/906 3706/2186/906
f 3710/2188/908 3707/37/909 3708/2187/907
f 3712/2189/910 3709/41/911 3710/2188/908
f 3714/2190/912 3711/43/910 3712/2189/910
f 3520/888/809 3713/46/913 3714/2190/912
f 3718/2191/914 3715/84/915 3716/833/915
f 3720/2035/916 3717/2192/914 3718/2191/914
f 3722/2193/917 3719/2037/916 3720/2035/916
f 3724/2036/918 3721/2194/917 3722/2193/917
f 3726/2195/919 3723/2039/918 3724/2036/918
f 3728/2038/920 3725/2196/919 3726/2195/919
f 3730/2197/921 3727/2041/920 3728/2038/920
f 3732/2040/922 3729/2198/921 3730/2197/921
f 3734/2199/923 3731/2043/922 3732/2040/922
f 3736/2042/924 3733/2200/923 3734/2199/923
f 3738/2201/925 3735/2045/924 3736/2042/924
f 3740/2044/926 3737/2202/925 3738/2201/925
f 3742/2203/927 3739/2047/926 3740/2044/926
f 3744/2046/928 3741/2204/927 3742/2203/927
f 3746/2205/929 3743/2049/928 3744/2046/928
f 3748/2048/930 3745/2206/929 3746/2205/929
f 3750/2207/931 3747/2051/930 3748/2048/930
f 3752/2050/932 3749/2208/931 3750/2207/931
f 3754/2209/933 3751/2053/932 3752/2050/932
f 3756/2052/934 3753/2210/933 3754/2209/933
f 3758/2211/935 3755/2055/934 3756/2052/934
f 3760/2054/936 3757/2212/935 3758/2211/935
f 3762/2213/937 3759/2057/936 3760/2054/936
f 3764/2056/938 3761/2214/937 3762/2213/937
f 3766/2215/939 3763/2059/938 3764/2056/938
f 3768/2058/940 3765/2216/939 3766/2215/939
f 3770/2217/941 3767/2061/940 3768/2058/940
f 3772/2060/942 3769/2218/941 3770/2217/941
f 3774/2219/943 3771/2063/942 3772/2060/942
f 3776/2062/944 3773/2220/943 3774/2219/943
f 3778/2221/945 3775/2065/946 3776/2062/944
f 3780/2064/947 3777/2222/945 3778/2221/945
f 3782/2223/948 3779/2067/947 3780/2064/947
f 3784/2066/949 3781/2224/948 3782/2223/948
f 3786/2225/950 3783/2069/949 3784/2066/949
f 3788/2068/951 3785/2226/950 3786/2225/950
f 3790/969/952 3787/2071/951 3788/2068/951
f 3792/2070/953 3789/53/952 3790/969/952
f 3794/2227/954 3791/2073/953 3792/2070/953
f 3796/2072/955 3793/2228/954 3794/2227/954
f 3798/2229/956 3795/2075/955 3796/2072/955
f 3800/2074/957 3797/2230/956 3798/2229/956
f 3802/2231/958 3799/2077/957 3800/2074/957
f 3804/2076/959 3801/2232/958 3802/2231/958
f 3806/2233/960 3803/2079/959 3804/2076/959
f 3808/2078/961 3805/2234/960 3806/2233/960
f 3810/2235/962 3807/2081/961 3808/2078/961
f 3812/2080/963 3809/2236/962 3810/2235/962
f 3814/2237/964 3811/2083/963 3812/2080/963
f 3816/2082/965 3813/2238/964 3814/2237/964
f 3818/2239/966 3815/2085/967 3816/2082/965
f 3820/2084/968 3817/2240/966 3818/2239/966
f 3822/2241/969 3819/2087/968 3820/2084/968
f 3824/2086/970 3821/2242/969 3822/2241/969
f 3826/2243/971 3823/2089/970 3824/2086/970
f 3828/2088/972 3825/2244/971 3826/2243/971
f 3830/2245/973 3827/2091/972 3828/2088/972
f 3832/2090/525 3829/2246/973 3830/2245/973
f 3834/2247/974 3831/2093/525 3832/2090/525
f 3836/2092/975 3833/2248/974 3834/2247/974
f 3838/2249/976 3835/2095/975 3836/2092/975
f 3840/2094/977 3837/2250/976 3838/2249/976
f 3842/2251/978 3839/2097/977 3840/2094/977
f 3844/2096/979 3841/2252/978 3842/2251/978
f 3846/2253/980 3843/2099/979 3844/2096/979
f 3848/2098/981 3845/2254/980 3846/2253/980
f 3850/2255/895 3847/2101/981 3848/2098/981
f 3852/2100/982 3849/2256/895 3850/2255/895
f 3854/2257/983 3851/2103/982 3852/2100/982
f 3856/2102/984 3853/2258/983 3854/2257/983
f 3858/2259/985 3855/2105/984 3856/2102/984
f 3860/2104/479 3857/2260/985 3858/2259/985
f 3862/2261/986 3859/2106/479 3860/2104/479
f 3716/888/915 3861/2262/986 3862/2261/986
f 3866/2263/987 3863/84/988 3864/833/988
f 3868/2264/989 3865/2265/990 3866/2263/987
f 3870/2266/991 3867/2267/989 3868/2264/989
f 3872/2268/992 3869/2269/993 3870/2266/991
f 3874/1678/994 3871/2270/992 3872/2268/992
f 3876/2271/995 3873/612/994 3874/1678/994
f 3878/2272/996 3875/2273/995 3876/2271/995
f 3880/2274/997 3877/2275/998 3878/2272/996
f 3882/2276/999 3879/2277/997 3880/2274/997
f 3884/1690/1000 3881/2278/999 3882/2276/999
f 3886/2279/1001 3883/553/1000 3884/1690/1000
f 3888/2280/1002 3885/2281/1001 3886/2279/1001
f 3890/2282/1003 3887/2283/1002 3888/2280/1002
f 3892/2284/1004 3889/2285/1003 3890/2282/1003
f 3894/1702/1005 3891/2286/1004 3892/2284/1004
f 3896/2287/1006 3893/624/1005 3894/1702/1005
f 3898/2288/1007 3895/2289/1006 3896/2287/1006
f 3900/2290/1008 3897/2291/1007 3898/2288/1007
f 3902/2292/1009 3899/2293/1010 3900/2290/1008
f 3904/1713/1011 3901/2294/1009 3902/2292/1009
f 3906/2295/1012 3903/581/1011 3904/1713/1011
f 3908/2296/1013 3905/2297/1012 3906/2295/1012
f 3910/2298/1014 3907/2299/1013 3908/2296/1013
f 3912/2300/1015 3909/2301/1014 3910/2298/1014
f 3864/888/988 3911/2302/1015 3912/2300/1015
f 1960/832/5 1959/835/5 1957/84/6
f 1962/834/7 1961/837/7 1959/835/5
f 1964/836/8 1963/839/8 1961/837/7
f 1966/838/9 1965/841/9 1963/839/8
f 1968/840/10 1967/843/10 1965/841/9
f 1970/842/11 1969/845/11 1967/843/10
f 1972/844/12 1971/847/12 1969/845/11
f 1974/846/13 1973/849/13 1971/847/12
f 1976/848/14 1975/851/14 1973/849/13
f 1978/850/15 1977/853/15 1975/851/14
f 1980/852/16 1979/855/16 1977/853/15
f 1982/854/17 1981/857/19 1979/855/16
f 1984/856/18 1983/859/18 1981/857/19
f 1986/858/20 1985/861/20 1983/859/18
f 1988/860/21 1987/863/21 1985/861/20
f 1990/862/22 1989/865/22 1987/863/21
f 1992/864/23 1991/867/23 1989/865/22
f 1994/866/24 1993/869/24 1991/867/23
f 1996/868/25 1995/871/25 1993/869/24
f 1998/870/26 1997/873/26 1995/871/25
f 2000/872/27 1999/875/27 1997/873/26
f 2002/874/28 2001/877/28 1999/875/27
f 2004/876/29 2003/879/29 2001/877/28
f 2006/878/30 2005/881/30 2003/879/29
f 2008/880/30 2007/883/30 2005/881/30
f 2010/882/31 2009/885/31 2007/883/30
f 2012/884/32 2011/887/32 2009/885/31
f 2014/886/33 2013/889/33 2011/887/32
f 1958/888/6 1957/48/6 2013/889/33
f 2018/890/34 2017/892/34 2015/84/35
f 2020/891/36 2019/894/36 2017/892/34
f 2022/893/37 2021/896/39 2019/894/36
f 2024/895/38 2023/898/38 2021/896/39
f 2026/897/40 2025/900/40 2023/898/38
f 2028/899/41 2027/902/41 2025/900/40
f 2030/901/42 2029/904/42 2027/902/41
f 2032/903/43 2031/906/43 2029/904/42
f 2034/905/44 2033/908/44 2031/906/43
f 2036/907/45 2035/910/45 2033/908/44
f 2038/909/46 2037/912/46 2035/910/45
f 2040/911/47 2039/914/47 2037/912/46
f 2042/913/48 2041/916/48 2039/914/47
f 2044/915/49 2043/918/49 2041/916/48
f 2046/917/50 2045/920/50 2043/918/49
f 2048/919/51 2047/922/51 2045/920/50
f 2050/921/52 2049/924/52 2047/922/51
f 2052/923/53 2051/926/53 2049/924/52
f 2054/925/54 2053/928/54 2051/926/53
f 2056/927/55 2055/930/55 2053/928/54
f 2058/929/56 2057/932/56 2055/930/55
f 2060/931/57 2059/934/57 2057/932/56
f 2062/933/58 2061/936/58 2059/934/57
f 2064/935/59 2063/938/59 2061/936/58
f 2066/937/30 2065/940/30 2063/938/59
f 2068/939/60 2067/941/60 2065/940/30
f 2016/888/35 2015/48/35 2067/941/60
f 2072/942/61 2071/659/61 2069/84/62
f 2074/943/63 2073/657/63 2071/659/61
f 2076/944/64 2075/655/64 2073/657/63
f 2078/945/65 2077/95/65 2075/655/64
f 2080/946/66 2079/653/66 2077/95/65
f 2082/947/67 2081/652/67 2079/653/66
f 2084/948/68 2083/651/68 2081/652/67
f 2086/949/69 2085/88/71 2083/651/68
f 2088/950/70 2087/649/70 2085/88/71
f 2090/951/72 2089/647/72 2087/649/70
f 2092/952/73 2091/645/73 2089/647/72
f 2094/953/74 2093/54/74 2091/645/73
f 2096/954/75 2095/646/75 2093/54/74
f 2098/955/76 2097/648/76 2095/646/75
f 2100/956/77 2099/650/77 2097/648/76
f 2102/957/78 2101/15/78 2099/650/77
f 2104/958/79 2103/654/79 2101/15/78
f 2106/959/80 2105/656/80 2103/654/79
f 2108/960/81 2107/658/81 2105/656/80
f 2110/961/82 2109/3/82 2107/658/81
f 2112/962/83 2111/673/83 2109/3/82
f 2114/963/84 2113/676/84 2111/673/83
f 2116/964/85 2115/679/85 2113/676/84
f 2118/965/86 2117/14/86 2115/679/85
f 2120/966/32 2119/683/32 2117/14/86
f 2122/967/60 2121/682/60 2119/683/32
f 2124/968/87 2123/681/89 2121/682/60
f 2126/969/88 2125/53/88 2123/681/89
f 2128/970/90 2127/680/90 2125/53/88
f 2130/971/91 2129/678/91 2127/680/90
f 2132/972/92 2131/677/92 2129/678/91
f 2134/973/93 2133/71/93 2131/677/92
f 2136/974/94 2135/675/96 2133/71/93
f 2138/975/95 2137/674/95 2135/675/96
f 2140/976/97 2139/672/97 2137/674/95
f 2142/977/98 2141/78/98 2139/672/97
f 2144/978/99 2143/671/99 2141/78/98
f 2146/979/100 2145/670/100 2143/671/99
f 2148/980/101 2147/660/101 2145/670/100
f 2150/981/102 2149/65/102 2147/660/101
f 2152/982/103 2151/669/103 2149/65/102
f 2154/983/104 2153/668/104 2151/669/103
f 2156/984/105 2155/667/105 2153/668/104
f 2158/985/106 2157/36/106 2155/667/105
f 2160/986/107 2159/666/107 2157/36/106
f 2162/987/108 2161/665/110 2159/666/107
f 2164/988/109 2163/664/109 2161/665/110
f 2166/989/111 2165/18/111 2163/664/109
f 2168/990/112 2167/663/112 2165/18/111
f 2170/991/113 2169/662/113 2167/663/112
f 2172/992/114 2171/661/114 2169/662/113
f 2174/993/32 2173/29/32 2171/661/114
f 2176/994/60 2175/642/60 2173/29/32
f 2178/995/30 2177/644/30 2175/642/60
f 2180/996/31 2179/643/31 2177/644/30
f 2070/888/62 2069/48/62 2179/643/31
f 2184/997/115 2183/999/115 2181/84/116
f 2186/998/117 2185/1001/117 2183/999/115
f 2188/1000/118 2187/1003/118 2185/1001/117
f 2190/1002/119 2189/1005/119 2187/1003/118
f 2192/1004/120 2191/1007/120 2189/1005/119
f 2194/1006/121 2193/1009/121 2191/1007/120
f 2196/1008/122 2195/1011/122 2193/1009/121
f 2198/1010/123 2197/1013/123 2195/1011/122
f 2200/1012/124 2199/1015/124 2197/1013/123
f 2202/1014/125 2201/1017/125 2199/1015/124
f 2204/1016/126 2203/1019/126 2201/1017/125
f 2206/1018/127 2205/1021/127 2203/1019/126
f 2208/1020/128 2207/1023/128 2205/1021/127
f 2210/1022/129 2209/1025/129 2207/1023/128
f 2212/1024/130 2211/1027/130 2209/1025/129
f 2214/1026/131 2213/1029/131 2211/1027/130
f 2216/1028/132 2215/1031/132 2213/1029/131
f 2218/1030/133 2217/1033/133 2215/1031/132
f 2220/1032/134 2219/1035/136 2217/1033/133
f 2222/1034/135 2221/1037/138 2219/1035/136
f 2224/1036/137 2223/1039/137 2221/1037/138
f 2226/1038/139 2225/1041/139 2223/1039/137
f 2228/1040/140 2227/1043/140 2225/1041/139
f 2230/1042/141 2229/1045/143 2227/1043/140
f 2232/1044/142 2231/1047/142 2229/1045/143
f 2234/1046/144 2233/1049/144 2231/1047/142
f 2236/1048/145 2235/1051/147 2233/1049/144
f 2238/1050/146 2237/1053/146 2235/1051/147
f 2240/1052/148 2239/1055/148 2237/1053/146
f 2242/1054/149 2241/1057/149 2239/1055/148
f 2244/1056/150 2243/1059/150 2241/1057/149
f 2246/1058/151 2245/1061/151 2243/1059/150
f 2248/1060/152 2247/1063/152 2245/1061/151
f 2250/1062/153 2249/1065/153 2247/1063/152
f 2252/1064/154 2251/1067/154 2249/1065/153
f 2254/1066/155 2253/1069/155 2251/1067/154
f 2256/1068/156 2255/1071/156 2253/1069/155
f 2258/1070/157 2257/1073/157 2255/1071/156
f 2260/1072/158 2259/1075/158 2257/1073/157
f 2262/1074/159 2261/1077/159 2259/1075/158
f 2264/1076/160 2263/1079/160 2261/1077/159
f 2266/1078/161 2265/1081/161 2263/1079/160
f 2268/1080/162 2267/1083/162 2265/1081/161
f 2270/1082/163 2269/1085/163 2267/1083/162
f 2272/1084/164 2271/1087/164 2269/1085/163
f 2274/1086/165 2273/1089/165 2271/1087/164
f 2276/1088/166 2275/1091/166 2273/1089/165
f 2278/1090/167 2277/1093/167 2275/1091/166
f 2280/1092/168 2279/1095/168 2277/1093/167
f 2282/1094/169 2281/1097/169 2279/1095/168
f 2284/1096/170 2283/1099/170 2281/1097/169
f 2286/1098/171 2285/1101/171 2283/1099/170
f 2288/1100/172 2287/1103/174 2285/1101/171
f 2290/1102/173 2289/1105/173 2287/1103/174
f 2292/1104/175 2291/1107/175 2289/1105/173
f 2294/1106/176 2293/1109/176 2291/1107/175
f 2296/1108/177 2295/1111/177 2293/1109/176
f 2298/1110/178 2297/1113/178 2295/1111/177
f 2300/1112/179 2299/1115/179 2297/1113/178
f 2302/1114/180 2301/1117/180 2299/1115/179
f 2304/1116/181 2303/1119/181 2301/1117/180
f 2306/1118/182 2305/1121/182 2303/1119/181
f 2308/1120/183 2307/1123/185 2305/1121/182
f 2310/1122/184 2309/1125/184 2307/1123/185
f 2312/1124/186 2311/1127/186 2309/1125/184
f 2314/1126/187 2313/1128/187 2311/1127/186
f 2316/969/188 2315/53/188 2313/1128/187
f 2318/1129/189 2317/1131/189 2315/53/188
f 2320/1130/190 2319/1133/190 2317/1131/189
f 2322/1132/191 2321/1135/191 2319/1133/190
f 2324/1134/192 2323/1137/192 2321/1135/191
f 2326/1136/193 2325/1139/195 2323/1137/192
f 2328/1138/194 2327/1141/194 2325/1139/195
f 2330/1140/196 2329/1143/196 2327/1141/194
f 2332/1142/197 2331/1145/197 2329/1143/196
f 2334/1144/198 2333/1147/198 2331/1145/197
f 2336/1146/199 2335/1149/199 2333/1147/198
f 2338/1148/200 2337/1151/200 2335/1149/199
f 2340/1150/201 2339/1153/201 2337/1151/200
f 2342/1152/202 2341/1155/202 2339/1153/201
f 2344/1154/203 2343/1157/203 2341/1155/202
f 2346/1156/204 2345/1159/204 2343/1157/203
f 2348/1158/205 2347/1161/207 2345/1159/204
f 2350/1160/206 2349/1163/206 2347/1161/207
f 2352/1162/208 2351/1165/208 2349/1163/206
f 2354/1164/209 2353/1167/209 2351/1165/208
f 2356/1166/210 2355/1169/210 2353/1167/209
f 2358/1168/211 2357/1171/211 2355/1169/210
f 2360/1170/212 2359/1173/212 2357/1171/211
f 2362/1172/213 2361/1175/213 2359/1173/212
f 2364/1174/214 2363/1177/216 2361/1175/213
f 2366/1176/215 2365/1179/215 2363/1177/216
f 2368/1178/217 2367/1181/217 2365/1179/215
f 2370/1180/218 2369/1183/218 2367/1181/217
f 2372/1182/219 2371/1185/221 2369/1183/218
f 2374/1184/220 2373/1187/220 2371/1185/221
f 2376/1186/222 2375/1189/222 2373/1187/220
f 2378/1188/223 2377/1191/223 2375/1189/222
f 2380/1190/224 2379/1193/224 2377/1191/223
f 2382/1192/225 2381/1195/225 2379/1193/224
f 2384/1194/226 2383/1197/226 2381/1195/225
f 2386/1196/227 2385/1199/227 2383/1197/226
f 2388/1198/228 2387/1201/228 2385/1199/227
f 2390/1200/229 2389/1203/229 2387/1201/228
f 2392/1202/230 2391/1205/230 2389/1203/229
f 2394/1204/231 2393/1207/231 2391/1205/230
f 2396/1206/232 2395/1209/232 2393/1207/231
f 2398/1208/233 2397/1211/233 2395/1209/232
f 2400/1210/234 2399/1213/234 2397/1211/233
f 2402/1212/235 2401/1215/235 2399/1213/234
f 2404/1214/236 2403/1217/236 2401/1215/235
f 2406/1216/237 2405/1219/237 2403/1217/236
f 2408/1218/238 2407/1221/238 2405/1219/237
f 2410/1220/239 2409/1223/239 2407/1221/238
f 2412/1222/240 2411/1225/242 2409/1223/239
f 2414/1224/241 2413/1227/241 2411/1225/242
f 2416/1226/243 2415/1229/243 2413/1227/241
f 2418/1228/244 2417/1231/244 2415/1229/243
f 2420/1230/245 2419/1233/245 2417/1231/244
f 2422/1232/246 2421/1235/246 2419/1233/245
f 2424/1234/247 2423/1237/247 2421/1235/246
f 2426/1236/248 2425/1239/250 2423/1237/247
f 2428/1238/249 2427/1241/249 2425/1239/250
f 2430/1240/251 2429/1243/251 2427/1241/249
f 2432/1242/252 2431/1245/252 2429/1243/251
f 2434/1244/253 2433/1247/253 2431/1245/252
f 2436/1246/254 2435/1249/254 2433/1247/253
f 2438/1248/255 2437/1251/255 2435/1249/254
f 2440/1250/256 2439/1253/256 2437/1251/255
f 2442/1252/257 2441/1255/257 2439/1253/256
f 2444/1254/258 2443/1257/258 2441/1255/257
f 2446/1256/259 2445/1259/259 2443/1257/258
f 2448/1258/260 2447/1260/260 2445/1259/259
f 2182/888/116 2181/48/116 2447/1260/260
f 2452/1261/261 2451/1263/261 2449/84/262
f 2454/1262/264 2453/1265/264 2451/1263/261
f 2456/1264/265 2455/627/265 2453/1265/264
f 2458/1266/266 2457/1268/266 2455/627/265
f 2460/1267/267 2459/1270/267 2457/1268/266
f 2462/1269/268 2461/640/268 2459/1270/267
f 2464/1271/269 2463/1273/269 2461/640/268
f 2466/1272/270 2465/1275/272 2463/1273/269
f 2468/1274/271 2467/633/271 2465/1275/272
f 2470/1276/273 2469/1278/273 2467/633/271
f 2472/1277/274 2471/1280/274 2469/1278/273
f 2474/1279/275 2473/607/275 2471/1280/274
f 2476/1281/276 2475/1283/276 2473/607/275
f 2478/1282/277 2477/1285/277 2475/1283/276
f 2480/1284/278 2479/585/278 2477/1285/277
f 2482/1286/279 2481/1288/279 2479/585/278
f 2484/1287/280 2483/1290/280 2481/1288/279
f 2486/1289/281 2485/558/283 2483/1290/280
f 2488/905/282 2487/908/282 2485/558/283
f 2490/1291/284 2489/1293/284 2487/908/282
f 2492/1292/285 2491/550/285 2489/1293/284
f 2494/1294/286 2493/1296/286 2491/550/285
f 2496/1295/287 2495/1298/287 2493/1296/286
f 2498/1297/288 2497/557/288 2495/1298/287
f 2500/1299/30 2499/1301/30 2497/557/288
f 2502/1300/31 2501/1303/31 2499/1301/30
f 2504/1302/289 2503/584/289 2501/1303/31
f 2506/1304/290 2505/1306/290 2503/584/289
f 2508/1305/291 2507/1308/291 2505/1306/290
f 2510/1307/292 2509/604/294 2507/1308/291
f 2512/1309/293 2511/1311/293 2509/604/294
f 2514/1310/295 2513/1313/295 2511/1311/293
f 2516/1312/296 2515/620/296 2513/1313/295
f 2518/1314/297 2517/1316/297 2515/620/296
f 2520/1315/298 2519/1318/298 2517/1316/297
f 2522/1317/299 2521/629/299 2519/1318/298
f 2524/1319/300 2523/1320/300 2521/629/299
f 2526/923/301 2525/926/301 2523/1320/300
f 2528/1321/302 2527/615/302 2525/926/301
f 2530/1322/303 2529/1324/303 2527/615/302
f 2532/1323/304 2531/1326/304 2529/1324/303
f 2534/1325/305 2533/599/305 2531/1326/304
f 2536/1327/306 2535/1329/306 2533/599/305
f 2538/1328/307 2537/1331/307 2535/1329/306
f 2540/1330/308 2539/583/308 2537/1331/307
f 2542/1332/309 2541/1334/309 2539/583/308
f 2544/1333/310 2543/1336/310 2541/1334/309
f 2546/1335/311 2545/569/311 2543/1336/310
f 2548/1337/312 2547/1339/312 2545/569/311
f 2550/1338/313 2549/1341/313 2547/1339/312
f 2552/1340/314 2551/566/314 2549/1341/313
f 2554/1342/30 2553/1344/30 2551/566/314
f 2556/1343/31 2555/1346/31 2553/1344/30
f 2558/1345/32 2557/580/32 2555/1346/31
f 2560/1347/60 2559/1349/60 2557/580/32
f 2562/1348/60 2561/1350/60 2559/1349/60
f 2450/888/263 2449/48/262 2561/1350/60
f 2566/948/30 2565/651/30 2563/84/30
f 2568/955/31 2567/648/31 2565/651/30
f 2570/962/31 2569/673/31 2567/648/31
f 2572/969/31 2571/53/31 2569/673/31
f 2574/976/32 2573/672/32 2571/53/31
f 2576/983/60 2575/668/60 2573/672/32
f 2578/990/30 2577/663/30 2575/668/60
f 2564/888/30 2563/48/30 2577/663/30
f 2582/1351/315 2581/1353/315 2579/84/316
f 2584/1352/317 2583/1355/317 2581/1353/315
f 2586/1354/318 2585/1357/318 2583/1355/317
f 2588/1356/319 2587/1359/319 2585/1357/318
f 2590/1358/320 2589/1360/320 2587/1359/319
f 2592/948/321 2591/651/321 2589/1360/320
f 2594/1361/322 2593/1363/322 2591/651/321
f 2596/1362/323 2595/1365/323 2593/1363/322
f 2598/1364/324 2597/1367/324 2595/1365/323
f 2600/1366/325 2599/1369/325 2597/1367/324
f 2602/1368/326 2601/1370/326 2599/1369/325
f 2604/955/327 2603/648/327 2601/1370/326
f 2606/1371/328 2605/1373/328 2603/648/327
f 2608/1372/329 2607/1375/329 2605/1373/328
f 2610/1374/330 2609/1376/330 2607/1375/329
f 2612/905/331 2611/908/331 2609/1376/330
f 2614/1377/332 2613/1378/332 2611/908/331
f 2616/962/333 2615/673/333 2613/1378/332
f 2618/1379/334 2617/1381/334 2615/673/333
f 2620/1380/335 2619/1383/335 2617/1381/334
f 2622/1382/336 2621/1385/336 2619/1383/335
f 2624/1384/337 2623/1387/337 2621/1385/336
f 2626/1386/338 2625/1388/338 2623/1387/337
f 2628/969/339 2627/53/339 2625/1388/338
f 2630/1389/340 2629/1391/340 2627/53/339
f 2632/1390/341 2631/1393/341 2629/1391/340
f 2634/1392/342 2633/1395/342 2631/1393/341
f 2636/1394/343 2635/1397/343 2633/1395/342
f 2638/1396/344 2637/1398/344 2635/1397/343
f 2640/976/345 2639/672/345 2637/1398/344
f 2642/1399/346 2641/1400/346 2639/672/345
f 2644/923/347 2643/926/347 2641/1400/346
f 2646/1401/348 2645/1403/348 2643/926/347
f 2648/1402/349 2647/1405/349 2645/1403/348
f 2650/1404/350 2649/1406/350 2647/1405/349
f 2652/983/351 2651/668/351 2649/1406/350
f 2654/1407/352 2653/1409/352 2651/668/351
f 2656/1408/353 2655/1411/353 2653/1409/352
f 2658/1410/354 2657/1413/354 2655/1411/353
f 2660/1412/355 2659/1415/355 2657/1413/354
f 2662/1414/356 2661/1416/356 2659/1415/355
f 2664/990/357 2663/663/357 2661/1416/356
f 2666/1417/358 2665/1419/358 2663/663/357
f 2668/1418/359 2667/1421/359 2665/1419/358
f 2670/1420/360 2669/1423/360 2667/1421/359
f 2672/1422/361 2671/1425/361 2669/1423/360
f 2674/1424/362 2673/1426/362 2671/1425/361
f 2580/888/316 2579/48/316 2673/1426/362
f 2678/1351/363 2677/1353/363 2675/84/364
f 2680/1352/365 2679/1355/365 2677/1353/363
f 2682/1354/366 2681/1357/366 2679/1355/365
f 2684/1356/367 2683/1359/367 2681/1357/366
f 2686/1358/368 2685/1360/368 2683/1359/367
f 2688/948/369 2687/651/369 2685/1360/368
f 2690/1361/370 2689/1363/370 2687/651/369
f 2692/1362/371 2691/1365/371 2689/1363/370
f 2694/1364/372 2693/1367/372 2691/1365/371
f 2696/1366/373 2695/1369/373 2693/1367/372
f 2698/1368/374 2697/1370/374 2695/1369/373
f 2700/955/375 2699/648/375 2697/1370/374
f 2702/1371/376 2701/1373/376 2699/648/375
f 2704/1372/377 2703/1375/377 2701/1373/376
f 2706/1374/378 2705/1376/378 2703/1375/377
f 2708/905/379 2707/908/379 2705/1376/378
f 2710/1377/380 2709/1378/380 2707/908/379
f 2712/962/381 2711/673/381 2709/1378/380
f 2714/1379/382 2713/1381/382 2711/673/381
f 2716/1380/383 2715/1383/383 2713/1381/382
f 2718/1382/384 2717/1385/386 2715/1383/383
f 2720/1384/385 2719/1387/385 2717/1385/386
f 2722/1386/387 2721/1388/387 2719/1387/385
f 2724/969/388 2723/53/388 2721/1388/387
f 2726/1389/389 2725/1391/389 2723/53/388
f 2728/1390/390 2727/1393/390 2725/1391/389
f 2730/1392/391 2729/1395/391 2727/1393/390
f 2732/1394/392 2731/1397/392 2729/1395/391
f 2734/1396/393 2733/1398/393 2731/1397/392
f 2736/976/394 2735/672/394 2733/1398/393
f 2738/1399/395 2737/1400/395 2735/672/394
f 2740/923/396 2739/926/396 2737/1400/395
f 2742/1401/397 2741/1403/397 2739/926/396
f 2744/1402/398 2743/1405/398 2741/1403/397
f 2746/1404/399 2745/1406/399 2743/1405/398
f 2748/983/400 2747/668/400 2745/1406/399
f 2750/1407/401 2749/1409/401 2747/668/400
f 2752/1408/402 2751/1411/402 2749/1409/401
f 2754/1410/403 2753/1413/403 2751/1411/402
f 2756/1412/404 2755/1415/404 2753/1413/403
f 2758/1414/405 2757/1416/405 2755/1415/404
f 2760/990/406 2759/663/406 2757/1416/405
f 2762/1417/407 2761/1419/407 2759/663/406
f 2764/1418/408 2763/1421/408 2761/1419/407
f 2766/1420/409 2765/1423/409 2763/1421/408
f 2768/1422/410 2767/1425/410 2765/1423/409
f 2770/1424/411 2769/1426/411 2767/1425/410
f 2676/888/364 2675/48/364 2769/1426/411
f 2774/1427/412 2773/1429/412 2771/84/413
f 2776/1428/415 2775/1431/415 2773/1429/412
f 2778/1430/416 2777/1433/416 2775/1431/415
f 2780/1432/417 2779/1435/417 2777/1433/416
f 2782/1434/418 2781/1437/418 2779/1435/417
f 2784/1436/419 2783/1439/419 2781/1437/418
f 2786/1438/420 2785/1441/420 2783/1439/419
f 2788/1440/421 2787/1443/421 2785/1441/420
f 2790/1442/422 2789/1445/422 2787/1443/421
f 2792/1444/423 2791/1447/423 2789/1445/422
f 2794/1446/424 2793/1449/424 2791/1447/423
f 2796/1448/425 2795/1451/425 2793/1449/424
f 2798/1450/426 2797/1453/426 2795/1451/425
f 2800/1452/427 2799/1455/427 2797/1453/426
f 2802/1454/428 2801/1457/428 2799/1455/427
f 2804/1456/429 2803/1459/429 2801/1457/428
f 2806/1458/430 2805/1461/430 2803/1459/429
f 2808/1460/431 2807/1463/431 2805/1461/430
f 2810/1462/432 2809/1465/432 2807/1463/431
f 2812/1464/433 2811/1467/433 2809/1465/432
f 2814/1466/434 2813/1469/434 2811/1467/433
f 2816/1468/435 2815/1471/435 2813/1469/434
f 2818/1470/436 2817/1473/436 2815/1471/435
f 2820/1472/437 2819/1475/437 2817/1473/436
f 2822/1474/438 2821/1477/438 2819/1475/437
f 2824/1476/439 2823/1479/439 2821/1477/438
f 2826/1478/440 2825/1481/440 2823/1479/439
f 2828/1480/441 2827/1483/441 2825/1481/440
f 2830/1482/442 2829/1485/442 2827/1483/441
f 2832/1484/443 2831/1487/443 2829/1485/442
f 2834/1486/444 2833/1489/444 2831/1487/443
f 2836/1488/445 2835/1491/445 2833/1489/444
f 2838/1490/446 2837/1493/446 2835/1491/445
f 2840/1492/447 2839/1495/447 2837/1493/446
f 2842/1494/448 2841/1497/448 2839/1495/447
f 2844/1496/449 2843/1499/449 2841/1497/448
f 2846/1498/450 2845/1501/450 2843/1499/449
f 2848/1500/451 2847/1503/451 2845/1501/450
f 2850/1502/452 2849/1505/452 2847/1503/451
f 2852/1504/453 2851/1507/453 2849/1505/452
f 2854/1506/454 2853/1509/454 2851/1507/453
f 2856/1508/455 2855/1511/455 2853/1509/454
f 2858/1510/456 2857/1513/456 2855/1511/455
f 2860/1512/457 2859/1515/457 2857/1513/456
f 2862/1514/458 2861/1517/458 2859/1515/457
f 2864/1516/459 2863/1519/459 2861/1517/458
f 2866/1518/460 2865/1521/460 2863/1519/459
f 2868/1520/461 2867/1523/461 2865/1521/460
f 2870/1522/462 2869/1525/462 2867/1523/461
f 2872/1524/463 2871/1527/463 2869/1525/462
f 2874/1526/464 2873/1529/464 2871/1527/463
f 2876/1528/465 2875/1531/465 2873/1529/464
f 2878/1530/466 2877/1533/466 2875/1531/465
f 2880/1532/467 2879/1535/467 2877/1533/466
f 2882/1534/468 2881/1537/468 2879/1535/467
f 2884/1536/469 2883/1539/469 2881/1537/468
f 2886/1538/470 2885/1541/470 2883/1539/469
f 2888/1540/471 2887/1543/471 2885/1541/470
f 2890/1542/472 2889/1545/472 2887/1543/471
f 2892/1544/473 2891/1546/473 2889/1545/472
f 2894/969/474 2893/53/474 2891/1546/473
f 2896/1547/475 2895/1549/475 2893/53/474
f 2898/1548/476 2897/1551/476 2895/1549/475
f 2900/1550/477 2899/1553/477 2897/1551/476
f 2902/1552/478 2901/1555/478 2899/1553/477
f 2904/1554/479 2903/1557/479 2901/1555/478
f 2906/1556/480 2905/1559/480 2903/1557/479
f 2908/1558/481 2907/1561/481 2905/1559/480
f 2910/1560/482 2909/1563/482 2907/1561/481
f 2912/1562/483 2911/1565/483 2909/1563/482
f 2914/1564/484 2913/1567/484 2911/1565/483
f 2916/1566/485 2915/1569/485 2913/1567/484
f 2918/1568/486 2917/1571/486 2915/1569/485
f 2920/1570/487 2919/1573/487 2917/1571/486
f 2922/1572/488 2921/1575/488 2919/1573/487
f 2924/1574/489 2923/1577/489 2921/1575/488
f 2926/1576/490 2925/1579/490 2923/1577/489
f 2928/1578/491 2927/1581/491 2925/1579/490
f 2930/1580/492 2929/1583/492 2927/1581/491
f 2932/1582/493 2931/1585/493 2929/1583/492
f 2934/1584/494 2933/1587/494 2931/1585/493
f 2936/1586/495 2935/1589/495 2933/1587/494
f 2938/1588/496 2937/1591/496 2935/1589/495
f 2940/1590/497 2939/1593/497 2937/1591/496
f 2942/1592/498 2941/1595/498 2939/1593/497
f 2944/1594/499 2943/1597/499 2941/1595/498
f 2946/1596/500 2945/1599/500 2943/1597/499
f 2948/1598/501 2947/1601/501 2945/1599/500
f 2950/1600/502 2949/1603/502 2947/1601/501
f 2952/1602/503 2951/1605/503 2949/1603/502
f 2954/1604/504 2953/1607/504 2951/1605/503
f 2956/1606/505 2955/1609/505 2953/1607/504
f 2958/1608/506 2957/1611/506 2955/1609/505
f 2960/1610/507 2959/1613/507 2957/1611/506
f 2962/1612/508 2961/1615/508 2959/1613/507
f 2964/1614/509 2963/1617/509 2961/1615/508
f 2966/1616/510 2965/1619/510 2963/1617/509
f 2968/1618/511 2967/1621/511 2965/1619/510
f 2970/1620/512 2969/1623/512 2967/1621/511
f 2972/1622/513 2971/1625/513 2969/1623/512
f 2974/1624/514 2973/1627/514 2971/1625/513
f 2976/1626/515 2975/1629/515 2973/1627/514
f 2978/1628/516 2977/1631/516 2975/1629/515
f 2980/1630/517 2979/1633/517 2977/1631/516
f 2982/1632/518 2981/1635/518 2979/1633/517
f 2984/1634/519 2983/1637/519 2981/1635/518
f 2986/1636/520 2985/1639/520 2983/1637/519
f 2988/1638/521 2987/1641/521 2985/1639/520
f 2990/1640/522 2989/1643/522 2987/1641/521
f 2992/1642/523 2991/1645/523 2989/1643/522
f 2994/1644/524 2993/1647/524 2991/1645/523
f 2996/1646/525 2995/1649/525 2993/1647/524
f 2998/1648/526 2997/1651/526 2995/1649/525
f 3000/1650/527 2999/1653/527 2997/1651/526
f 3002/1652/528 3001/1655/528 2999/1653/527
f 3004/1654/529 3003/1657/529 3001/1655/528
f 3006/1656/530 3005/1659/530 3003/1657/529
f 3008/1658/531 3007/1661/531 3005/1659/530
f 3010/1660/532 3009/1663/532 3007/1661/531
f 3012/1662/533 3011/1665/533 3009/1663/532
f 3014/1664/534 3013/1666/534 3011/1665/533
f 2772/888/414 2771/48/413 3013/1666/534
f 3018/1667/32 3017/1669/32 3015/84/31
f 3020/1668/535 3019/1671/535 3017/1669/32
f 3022/1670/536 3021/1673/536 3019/1671/535
f 3024/1672/537 3023/1674/537 3021/1673/536
f 3026/948/538 3025/651/538 3023/1674/537
f 3028/1675/539 3027/1677/540 3025/651/538
f 3030/1676/478 3029/1679/478 3027/1677/540
f 3032/1678/541 3031/612/541 3029/1679/478
f 3034/1680/542 3033/1681/542 3031/612/541
f 3036/955/543 3035/648/543 3033/1681/542
f 3038/1682/544 3037/1684/544 3035/648/543
f 3040/1683/545 3039/1686/545 3037/1684/544
f 3042/1685/546 3041/1688/546 3039/1686/545
f 3044/1687/547 3043/1689/547 3041/1688/546
f 3046/962/548 3045/673/548 3043/1689/547
f 3048/1690/549 3047/553/549 3045/673/548
f 3050/1691/550 3049/1693/550 3047/553/549
f 3052/1692/551 3051/1695/551 3049/1693/550
f 3054/1694/552 3053/1696/552 3051/1695/551
f 3056/969/553 3055/53/553 3053/1696/552
f 3058/1697/554 3057/1699/554 3055/53/553
f 3060/1698/555 3059/1701/555 3057/1699/554
f 3062/1700/556 3061/1703/556 3059/1701/555
f 3064/1702/557 3063/624/557 3061/1703/556
f 3066/976/558 3065/672/558 3063/624/557
f 3068/1704/559 3067/1706/559 3065/672/558
f 3070/1705/560 3069/1708/560 3067/1706/559
f 3072/1707/561 3071/1710/561 3069/1708/560
f 3074/1709/562 3073/1711/562 3071/1710/561
f 3076/983/563 3075/668/563 3073/1711/562
f 3078/1712/564 3077/1714/564 3075/668/563
f 3080/1713/565 3079/581/565 3077/1714/564
f 3082/1715/566 3081/1717/566 3079/581/565
f 3084/1716/567 3083/1718/567 3081/1717/566
f 3086/990/568 3085/663/568 3083/1718/567
f 3088/1719/569 3087/1721/569 3085/663/568
f 3090/1720/570 3089/1723/570 3087/1721/569
f 3092/1722/571 3091/1725/571 3089/1723/570
f 3094/1724/30 3093/1726/30 3091/1725/571
f 3016/888/31 3015/48/31 3093/1726/30
f 3098/1727/572 3097/1728/572 3095/84/573
f 3100/1264/574 3099/627/574 3097/1728/572
f 3102/1729/575 3101/1730/575 3099/627/574
f 3104/1269/576 3103/640/576 3101/1730/575
f 3106/1731/577 3105/1732/577 3103/640/576
f 3108/1274/578 3107/633/578 3105/1732/577
f 3110/1733/579 3109/1734/579 3107/633/578
f 3112/1279/580 3111/607/580 3109/1734/579
f 3114/1735/581 3113/1736/581 3111/607/580
f 3116/1284/582 3115/585/582 3113/1736/581
f 3118/1737/583 3117/1738/583 3115/585/582
f 3120/1289/584 3119/558/586 3117/1738/583
f 3122/1739/585 3121/1740/585 3119/558/586
f 3124/1292/587 3123/550/587 3121/1740/585
f 3126/1741/588 3125/1742/588 3123/550/587
f 3128/1297/589 3127/557/589 3125/1742/588
f 3130/1743/590 3129/1744/590 3127/557/589
f 3132/1302/591 3131/584/591 3129/1744/590
f 3134/969/592 3133/53/592 3131/584/591
f 3136/1307/593 3135/604/593 3133/53/592
f 3138/1745/594 3137/1746/594 3135/604/593
f 3140/1312/595 3139/620/595 3137/1746/594
f 3142/1747/596 3141/1748/596 3139/620/595
f 3144/1317/597 3143/629/599 3141/1748/596
f 3146/1749/598 3145/1750/598 3143/629/599
f 3148/1321/600 3147/615/600 3145/1750/598
f 3150/1751/601 3149/1752/601 3147/615/600
f 3152/1325/602 3151/599/602 3149/1752/601
f 3154/1753/603 3153/1754/603 3151/599/602
f 3156/1330/604 3155/583/604 3153/1754/603
f 3158/1755/605 3157/1756/605 3155/583/604
f 3160/1335/606 3159/569/606 3157/1756/605
f 3162/1757/607 3161/1758/607 3159/569/606
f 3164/1340/608 3163/566/608 3161/1758/607
f 3166/1759/609 3165/1760/609 3163/566/608
f 3168/1345/30 3167/580/30 3165/1760/609
f 3170/1761/610 3169/1762/610 3167/580/30
f 3096/888/573 3095/48/573 3169/1762/610
f 3174/1763/611 3173/1765/611 3171/84/612
f 3176/1764/613 3175/1767/613 3173/1765/611
f 3178/1766/614 3177/1769/614 3175/1767/613
f 3180/1768/615 3179/1771/615 3177/1769/614
f 3182/1770/616 3181/1773/616 3179/1771/615
f 3184/1772/617 3183/1775/617 3181/1773/616
f 3186/1774/618 3185/1777/618 3183/1775/617
f 3188/1776/619 3187/1779/621 3185/1777/618
f 3190/1778/620 3189/1781/620 3187/1779/621
f 3192/1780/622 3191/1783/622 3189/1781/620
f 3194/1782/623 3193/1785/623 3191/1783/622
f 3196/1784/624 3195/1787/624 3193/1785/623
f 3198/1786/625 3197/1789/625 3195/1787/624
f 3200/1788/626 3199/1791/626 3197/1789/625
f 3202/1790/188 3201/1793/188 3199/1791/626
f 3204/1792/627 3203/1795/629 3201/1793/188
f 3206/1794/628 3205/1797/628 3203/1795/629
f 3208/1796/630 3207/1799/630 3205/1797/628
f 3210/1798/631 3209/1801/631 3207/1799/630
f 3212/1800/632 3211/1803/634 3209/1801/631
f 3214/1802/633 3213/1805/636 3211/1803/634
f 3216/1804/635 3215/1807/638 3213/1805/636
f 3218/1806/637 3217/1809/637 3215/1807/638
f 3220/1808/639 3219/1811/639 3217/1809/637
f 3222/1810/640 3221/1813/640 3219/1811/639
f 3224/1812/641 3223/1815/643 3221/1813/640
f 3226/1814/642 3225/1817/642 3223/1815/643
f 3228/1816/644 3227/1819/644 3225/1817/642
f 3230/1818/645 3229/1821/645 3227/1819/644
f 3232/1820/646 3231/1823/646 3229/1821/645
f 3234/1822/647 3233/1825/647 3231/1823/646
f 3236/1824/648 3235/1827/648 3233/1825/647
f 3238/1826/558 3237/1829/558 3235/1827/648
f 3240/1828/649 3239/1831/649 3237/1829/558
f 3242/1830/650 3241/1833/650 3239/1831/649
f 3244/1832/651 3243/1835/651 3241/1833/650
f 3246/1834/652 3245/1837/652 3243/1835/651
f 3248/1836/653 3247/1839/653 3245/1837/652
f 3250/1838/654 3249/1841/654 3247/1839/653
f 3252/1840/655 3251/1843/655 3249/1841/654
f 3254/1842/656 3253/1845/656 3251/1843/655
f 3256/1844/657 3255/1847/657 3253/1845/656
f 3258/1846/658 3257/1849/658 3255/1847/657
f 3260/1848/659 3259/1851/659 3257/1849/658
f 3262/1850/660 3261/1853/660 3259/1851/659
f 3264/1852/661 3263/1855/661 3261/1853/660
f 3266/1854/662 3265/1857/662 3263/1855/661
f 3268/1856/663 3267/1859/663 3265/1857/662
f 3270/1858/664 3269/1861/664 3267/1859/663
f 3272/1860/665 3271/1863/665 3269/1861/664
f 3274/1862/666 3273/1865/666 3271/1863/665
f 3276/1864/667 3275/1867/667 3273/1865/666
f 3278/1866/668 3277/1869/668 3275/1867/667
f 3280/1868/669 3279/1871/669 3277/1869/668
f 3282/1870/670 3281/1873/670 3279/1871/669
f 3284/1872/671 3283/1875/671 3281/1873/670
f 3286/1874/672 3285/1877/672 3283/1875/671
f 3288/1876/673 3287/1879/673 3285/1877/672
f 3290/1878/674 3289/1881/674 3287/1879/673
f 3292/1880/675 3291/1883/675 3289/1881/674
f 3294/1882/676 3293/1885/676 3291/1883/675
f 3296/1884/677 3295/1887/677 3293/1885/676
f 3298/1886/678 3297/1889/678 3295/1887/677
f 3300/1888/679 3299/1891/679 3297/1889/678
f 3302/1890/680 3301/1893/682 3299/1891/679
f 3304/1892/681 3303/1895/681 3301/1893/682
f 3306/1894/683 3305/1897/685 3303/1895/681
f 3308/1896/684 3307/1899/684 3305/1897/685
f 3310/1898/686 3309/1901/686 3307/1899/684
f 3312/1900/687 3311/1903/687 3309/1901/686
f 3314/1902/688 3313/1905/688 3311/1903/687
f 3316/1904/689 3315/1907/689 3313/1905/688
f 3318/1906/690 3317/1909/690 3315/1907/689
f 3320/1908/691 3319/1911/691 3317/1909/690
f 3322/1910/692 3321/1913/692 3319/1911/691
f 3324/1912/693 3323/1915/693 3321/1913/692
f 3326/1914/694 3325/1917/694 3323/1915/693
f 3328/1916/695 3327/1919/695 3325/1917/694
f 3330/1918/696 3329/1921/696 3327/1919/695
f 3332/1920/697 3331/1923/697 3329/1921/696
f 3334/1922/698 3333/1925/698 3331/1923/697
f 3336/1924/699 3335/1927/701 3333/1925/698
f 3338/1926/700 3337/1929/700 3335/1927/701
f 3340/1928/702 3339/1931/702 3337/1929/700
f 3342/1930/703 3341/1933/703 3339/1931/702
f 3344/1932/704 3343/1935/704 3341/1933/703
f 3346/1934/705 3345/1937/705 3343/1935/704
f 3348/1936/706 3347/1939/706 3345/1937/705
f 3350/1938/707 3349/1941/707 3347/1939/706
f 3352/1940/708 3351/1943/708 3349/1941/707
f 3354/1942/709 3353/1945/709 3351/1943/708
f 3356/1944/710 3355/1947/710 3353/1945/709
f 3358/1946/711 3357/1949/711 3355/1947/710
f 3360/1948/712 3359/1951/712 3357/1949/711
f 3362/1950/713 3361/1953/713 3359/1951/712
f 3364/1952/714 3363/1955/714 3361/1953/713
f 3366/1954/715 3365/1957/715 3363/1955/714
f 3368/1956/716 3367/1959/716 3365/1957/715
f 3370/1958/717 3369/1961/717 3367/1959/716
f 3372/1960/718 3371/1963/718 3369/1961/717
f 3374/1962/719 3373/1965/719 3371/1963/718
f 3376/1964/720 3375/1967/720 3373/1965/719
f 3378/1966/721 3377/1969/721 3375/1967/720
f 3380/1968/722 3379/1971/722 3377/1969/721
f 3382/1970/723 3381/1973/723 3379/1971/722
f 3384/1972/724 3383/1975/724 3381/1973/723
f 3386/1974/725 3385/1977/725 3383/1975/724
f 3388/1976/726 3387/1979/726 3385/1977/725
f 3390/1978/727 3389/1981/727 3387/1979/726
f 3392/1980/728 3391/1983/728 3389/1981/727
f 3394/1982/729 3393/1985/731 3391/1983/728
f 3396/1984/730 3395/1987/730 3393/1985/731
f 3398/1986/732 3397/1989/734 3395/1987/730
f 3400/1988/733 3399/1991/733 3397/1989/734
f 3402/1990/735 3401/1993/737 3399/1991/733
f 3404/1992/736 3403/1995/739 3401/1993/737
f 3406/1994/738 3405/1997/738 3403/1995/739
f 3408/1996/740 3407/1999/742 3405/1997/738
f 3410/1998/741 3409/2001/744 3407/1999/742
f 3412/2000/743 3411/2003/746 3409/2001/744
f 3414/2002/745 3413/2005/748 3411/2003/746
f 3416/2004/747 3415/2007/747 3413/2005/748
f 3418/2006/749 3417/2009/749 3415/2007/747
f 3420/2008/750 3419/2011/752 3417/2009/749
f 3422/2010/751 3421/2013/751 3419/2011/752
f 3424/2012/753 3423/2015/755 3421/2013/751
f 3426/2014/754 3425/2017/757 3423/2015/755
f 3428/2016/756 3427/2019/756 3425/2017/757
f 3430/2018/758 3429/2021/758 3427/2019/756
f 3432/2020/759 3431/2023/761 3429/2021/758
f 3434/2022/760 3433/2025/763 3431/2023/761
f 3436/2024/762 3435/2027/762 3433/2025/763
f 3438/2026/764 3437/2029/764 3435/2027/762
f 3440/2028/765 3439/2031/765 3437/2029/764
f 3442/2030/766 3441/2033/766 3439/2031/765
f 3444/2032/767 3443/2034/767 3441/2033/766
f 3172/888/612 3171/48/612 3443/2034/767
f 3448/2035/768 3447/2037/768 3445/84/769
f 3450/2036/770 3449/2039/770 3447/2037/768
f 3452/2038/771 3451/2041/771 3449/2039/770
f 3454/2040/772 3453/2043/772 3451/2041/771
f 3456/2042/773 3455/2045/773 3453/2043/772
f 3458/2044/774 3457/2047/774 3455/2045/773
f 3460/2046/775 3459/2049/775 3457/2047/774
f 3462/2048/776 3461/2051/776 3459/2049/775
f 3464/2050/777 3463/2053/777 3461/2051/776
f 3466/2052/778 3465/2055/778 3463/2053/777
f 3468/2054/779 3467/2057/779 3465/2055/778
f 3470/2056/780 3469/2059/780 3467/2057/779
f 3472/2058/781 3471/2061/783 3469/2059/780
f 3474/2060/782 3473/2063/782 3471/2061/783
f 3476/2062/784 3475/2065/784 3473/2063/782
f 3478/2064/785 3477/2067/785 3475/2065/784
f 3480/2066/786 3479/2069/786 3477/2067/785
f 3482/2068/787 3481/2071/787 3479/2069/786
f 3484/2070/788 3483/2073/788 3481/2071/787
f 3486/2072/789 3485/2075/791 3483/2073/788
f 3488/2074/790 3487/2077/790 3485/2075/791
f 3490/2076/792 3489/2079/792 3487/2077/790
f 3492/2078/793 3491/2081/793 3489/2079/792
f 3494/2080/794 3493/2083/794 3491/2081/793
f 3496/2082/795 3495/2085/795 3493/2083/794
f 3498/2084/796 3497/2087/796 3495/2085/795
f 3500/2086/797 3499/2089/797 3497/2087/796
f 3502/2088/798 3501/2091/798 3499/2089/797
f 3504/2090/799 3503/2093/799 3501/2091/798
f 3506/2092/800 3505/2095/800 3503/2093/799
f 3508/2094/801 3507/2097/801 3505/2095/800
f 3510/2096/802 3509/2099/802 3507/2097/801
f 3512/2098/803 3511/2101/805 3509/2099/802
f 3514/2100/804 3513/2103/804 3511/2101/805
f 3516/2102/806 3515/2105/806 3513/2103/804
f 3518/2104/807 3517/2106/807 3515/2105/806
f 3446/888/769 3445/48/769 3517/2106/807
f 3522/2107/808 3521/86/808 3519/84/809
f 3524/2108/810 3523/87/810 3521/86/808
f 3526/2109/811 3525/89/811 3523/87/810
f 3528/2110/812 3527/90/812 3525/89/811
f 3530/2111/813 3529/92/813 3527/90/812
f 3532/2112/814 3531/93/814 3529/92/813
f 3534/945/815 3533/95/815 3531/93/814
f 3536/2113/816 3535/96/816 3533/95/815
f 3538/2114/817 3537/97/817 3535/96/816
f 3540/2115/818 3539/99/818 3537/97/817
f 3542/2116/819 3541/98/819 3539/99/818
f 3544/2117/820 3543/94/820 3541/98/819
f 3546/2118/821 3545/91/821 3543/94/820
f 3548/949/822 3547/88/822 3545/91/821
f 3550/2119/823 3549/85/823 3547/88/822
f 3552/2120/824 3551/83/824 3549/85/823
f 3554/2121/825 3553/75/825 3551/83/824
f 3556/2122/826 3555/67/826 3553/75/825
f 3558/2123/827 3557/59/827 3555/67/826
f 3560/2124/828 3559/57/828 3557/59/827
f 3562/953/829 3561/54/829 3559/57/828
f 3564/2125/830 3563/51/830 3561/54/829
f 3566/2126/831 3565/49/831 3563/51/830
f 3568/2127/832 3567/45/832 3565/49/831
f 3570/2128/833 3569/39/833 3567/45/832
f 3572/2129/834 3571/33/834 3569/39/833
f 3574/2130/835 3573/25/835 3571/33/834
f 3576/957/836 3575/15/836 3573/25/835
f 3578/2131/837 3577/13/837 3575/15/836
f 3580/2132/838 3579/11/838 3577/13/837
f 3582/2133/839 3581/9/839 3579/11/838
f 3584/2134/840 3583/7/840 3581/9/839
f 3586/2135/841 3585/5/841 3583/7/840
f 3588/2136/842 3587/1/842 3585/5/841
f 3590/961/843 3589/3/843 3587/1/842
f 3592/2137/844 3591/2/844 3589/3/843
f 3594/2138/845 3593/4/845 3591/2/844
f 3596/2139/846 3595/6/846 3593/4/845
f 3598/2140/847 3597/8/847 3595/6/846
f 3600/2141/848 3599/10/848 3597/8/847
f 3602/2142/348 3601/12/348 3599/10/848
f 3604/965/849 3603/14/849 3601/12/348
f 3606/2143/850 3605/23/850 3603/14/849
f 3608/2144/851 3607/34/851 3605/23/850
f 3610/2145/852 3609/40/852 3607/34/851
f 3612/2146/853 3611/47/853 3609/40/852
f 3614/2147/854 3613/50/856 3611/47/853
f 3616/2148/855 3615/52/855 3613/50/856
f 3618/969/857 3617/53/859 3615/52/855
f 3620/2149/858 3619/55/861 3617/53/859
f 3622/2150/860 3621/56/860 3619/55/861
f 3624/2151/862 3623/58/862 3621/56/860
f 3626/2152/863 3625/60/863 3623/58/862
f 3628/2153/864 3627/64/864 3625/60/863
f 3630/2154/865 3629/68/865 3627/64/864
f 3632/973/866 3631/71/866 3629/68/865
f 3634/2155/867 3633/73/867 3631/71/866
f 3636/2156/868 3635/77/868 3633/73/867
f 3638/2157/869 3637/79/869 3635/77/868
f 3640/2158/870 3639/82/870 3637/79/869
f 3642/2159/871 3641/81/871 3639/82/870
f 3644/2160/872 3643/80/872 3641/81/871
f 3646/977/873 3645/78/875 3643/80/872
f 3648/2161/874 3647/76/874 3645/78/875
f 3650/2162/876 3649/74/876 3647/76/874
f 3652/2163/877 3651/72/877 3649/74/876
f 3654/2164/878 3653/70/880 3651/72/877
f 3656/2165/879 3655/69/879 3653/70/880
f 3658/2166/881 3657/66/881 3655/69/879
f 3660/981/882 3659/65/882 3657/66/881
f 3662/2167/883 3661/61/883 3659/65/882
f 3664/2168/884 3663/63/884 3661/61/883
f 3666/2169/885 3665/62/885 3663/63/884
f 3668/2170/886 3667/44/886 3665/62/885
f 3670/2171/887 3669/42/887 3667/44/886
f 3672/2172/888 3671/38/888 3669/42/887
f 3674/985/889 3673/36/889 3671/38/888
f 3676/2173/890 3675/32/890 3673/36/889
f 3678/2174/891 3677/30/891 3675/32/890
f 3680/2175/892 3679/28/892 3677/30/891
f 3682/2176/893 3681/26/895 3679/28/892
f 3684/2177/894 3683/22/894 3681/26/895
f 3686/2178/896 3685/20/896 3683/22/894
f 3688/989/897 3687/18/897 3685/20/896
f 3690/2179/898 3689/16/898 3687/18/897
f 3692/2180/899 3691/17/899 3689/16/898
f 3694/2181/900 3693/19/900 3691/17/899
f 3696/2182/901 3695/21/901 3693/19/900
f 3698/2183/902 3697/24/902 3695/21/901
f 3700/2184/903 3699/27/903 3697/24/902
f 3702/993/904 3701/29/904 3699/27/903
f 3704/2185/905 3703/31/905 3701/29/904
f 3706/2186/906 3705/35/906 3703/31/905
f 3708/2187/907 3707/37/909 3705/35/906
f 3710/2188/908 3709/41/911 3707/37/909
f 3712/2189/910 3711/43/910 3709/41/911
f 3714/2190/912 3713/46/913 3711/43/910
f 3520/888/809 3519/48/809 3713/46/913
f 3718/2191/914 3717/2192/914 3715/84/915
f 3720/2035/916 3719/2037/916 3717/2192/914
f 3722/2193/917 3721/2194/917 3719/2037/916
f 3724/2036/918 3723/2039/918 3721/2194/917
f 3726/2195/919 3725/2196/919 3723/2039/918
f 3728/2038/920 3727/2041/920 3725/2196/919
f 3730/2197/921 3729/2198/921 3727/2041/920
f 3732/2040/922 3731/2043/922 3729/2198/921
f 3734/2199/923 3733/2200/923 3731/2043/922
f 3736/2042/924 3735/2045/924 3733/2200/923
f 3738/2201/925 3737/2202/925 3735/2045/924
f 3740/2044/926 3739/2047/926 3737/2202/925
f 3742/2203/927 3741/2204/927 3739/2047/926
f 3744/2046/928 3743/2049/928 3741/2204/927
f 3746/2205/929 3745/2206/929 3743/2049/928
f 3748/2048/930 3747/2051/930 3745/2206/929
f 3750/2207/931 3749/2208/931 3747/2051/930
f 3752/2050/932 3751/2053/932 3749/2208/931
f 3754/2209/933 3753/2210/933 3751/2053/932
f 3756/2052/934 3755/2055/934 3753/2210/933
f 3758/2211/935 3757/2212/935 3755/2055/934
f 3760/2054/936 3759/2057/936 3757/2212/935
f 3762/2213/937 3761/2214/937 3759/2057/936
f 3764/2056/938 3763/2059/938 3761/2214/937
f 3766/2215/939 3765/2216/939 3763/2059/938
f 3768/2058/940 3767/2061/940 3765/2216/939
f 3770/2217/941 3769/2218/941 3767/2061/940
f 3772/2060/942 3771/2063/942 3769/2218/941
f 3774/2219/943 3773/2220/943 3771/2063/942
f 3776/2062/944 3775/2065/946 3773/2220/943
f 3778/2221/945 3777/2222/945 3775/2065/946
f 3780/2064/947 3779/2067/947 3777/2222/945
f 3782/2223/948 3781/2224/948 3779/2067/947
f 3784/2066/949 3783/2069/949 3781/2224/948
f 3786/2225/950 3785/2226/950 3783/2069/949
f 3788/2068/951 3787/2071/951 3785/2226/950
f 3790/969/952 3789/53/952 3787/2071/951
f 3792/2070/953 3791/2073/953 3789/53/952
f 3794/2227/954 3793/2228/954 3791/2073/953
f 3796/2072/955 3795/2075/955 3793/2228/954
f 3798/2229/956 3797/2230/956 3795/2075/955
f 3800/2074/957 3799/2077/957 3797/2230/956
f 3802/2231/958 3801/2232/958 3799/2077/957
f 3804/2076/959 3803/2079/959 3801/2232/958
f 3806/2233/960 3805/2234/960 3803/2079/959
f 3808/2078/961 3807/2081/961 3805/2234/960
f 3810/2235/962 3809/2236/962 3807/2081/961
f 3812/2080/963 3811/2083/963 3809/2236/962
f 3814/2237/964 3813/2238/964 3811/2083/963
f 3816/2082/965 3815/2085/967 3813/2238/964
f 3818/2239/966 3817/2240/966 3815/2085/967
f 3820/2084/968 3819/2087/968 3817/2240/966
f 3822/2241/969 3821/2242/969 3819/2087/968
f 3824/2086/970 3823/2089/970 3821/2242/969
f 3826/2243/971 3825/2244/971 3823/2089/970
f 3828/2088/972 3827/2091/972 3825/2244/971
f 3830/2245/973 3829/2246/973 3827/2091/972
f 3832/2090/525 3831/2093/525 3829/2246/973
f 3834/2247/974 3833/2248/974 3831/2093/525
f 3836/2092/975 3835/2095/975 3833/2248/974
f 3838/2249/976 3837/2250/976 3835/2095/975
f 3840/2094/977 3839/2097/977 3837/2250/976
f 3842/2251/978 3841/2252/978 3839/2097/977
f 3844/2096/979 3843/2099/979 3841/2252/978
f 3846/2253/980 3845/2254/980 3843/2099/979
f 3848/2098/981 3847/2101/981 3845/2254/980
f 3850/2255/895 3849/2256/895 3847/2101/981
f 3852/2100/982 3851/2103/982 3849/2256/895
f 3854/2257/983 3853/2258/983 3851/2103/982
f 3856/2102/984 3855/2105/984 3853/2258/983
f 3858/2259/985 3857/2260/985 3855/2105/984
f 3860/2104/479 3859/2106/479 3857/2260/985
f 3862/2261/986 3861/2262/986 3859/2106/479
f 3716/888/915 3715/48/915 3861/2262/986
f 3866/2263/987 3865/2265/990 3863/84/988
f 3868/2264/989 3867/2267/989 3865/2265/990
f 3870/2266/991 3869/2269/993 3867/2267/989
f 3872/2268/992 3871/2270/992 3869/2269/993
f 3874/1678/994 3873/612/994 3871/2270/992
f 3876/2271/995 3875/2273/995 3873/612/994
f 3878/2272/996 3877/2275/998 3875/2273/995
f 3880/2274/997 3879/2277/997 3877/2275/998
f 3882/2276/999 3881/2278/999 3879/2277/997
f 3884/1690/1000 3883/553/1000 3881/2278/999
f 3886/2279/1001 3885/2281/1001 3883/553/1000
f 3888/2280/1002 3887/2283/1002 3885/2281/1001
f 3890/2282/1003 3889/2285/1003 3887/2283/1002
f 3892/2284/1004 3891/2286/1004 3889/2285/1003
f 3894/1702/1005 3893/624/1005 3891/2286/1004
f 3896/2287/1006 3895/2289/1006 3893/624/1005
f 3898/2288/1007 3897/2291/1007 3895/2289/1006
f 3900/2290/1008 3899/2293/1010 3897/2291/1007
f 3902/2292/1009 3901/2294/1009 3899/2293/1010
f 3904/1713/1011 3903/581/1011 3901/2294/1009
f 3906/2295/1012 3905/2297/1012 3903/581/1011
f 3908/2296/1013 3907/2299/1013 3905/2297/1012
f 3910/2298/1014 3909/2301/1014 3907/2299/1013
f 3912/2300/1015 3911/2302/1015 3909/2301/1014
f 3864/888/988 3863/48/988 3911/2302/1015
