# Blender 4.4.1
# www.blender.org
mtllib Titel.mtl
o テキスト
v -15.452925 1.482666 -0.199999
v -15.379756 1.392666 -0.199999
v -15.304560 1.304000 -0.199999
v -15.227405 1.216666 -0.199999
v -15.148360 1.130666 -0.199999
v -15.067497 1.046000 -0.199999
v -14.984884 0.962666 -0.199999
v -14.900590 0.880666 -0.199999
v -14.814685 0.800000 -0.199999
v -14.727238 0.720667 -0.199999
v -14.638319 0.642667 -0.199999
v -14.547997 0.566000 -0.199999
v -15.703998 0.566000 -0.199999
v -15.703998 0.294000 -0.199999
v -14.195997 0.294000 -0.199999
v -14.143833 0.257167 -0.199999
v -14.091350 0.220667 -0.199999
v -14.038560 0.184500 -0.199999
v -13.985479 0.148667 -0.199999
v -13.932120 0.113167 -0.199999
v -13.878498 0.078000 -0.199999
v -13.824625 0.043167 -0.199999
v -13.770516 0.008667 -0.199999
v -13.716186 -0.025500 -0.199999
v -13.661646 -0.059333 -0.199999
v -13.606912 -0.092833 -0.199999
v -13.551997 -0.126000 -0.199999
v -15.211997 -0.126000 -0.199999
v -15.211997 -1.814000 -0.199999
v -14.903997 -1.814000 -0.199999
v -14.903997 -1.698000 -0.199999
v -13.275997 -1.698000 -0.199999
v -13.275997 -1.830000 -0.199999
v -12.975997 -1.830000 -0.199999
v -12.975997 -0.434000 -0.199999
v -12.915835 -0.463671 -0.199999
v -12.855368 -0.492704 -0.199999
v -12.794622 -0.521125 -0.199999
v -12.733627 -0.548963 -0.199999
v -12.672410 -0.576245 -0.199999
v -12.610998 -0.603000 -0.199999
v -12.549419 -0.629255 -0.199999
v -12.487701 -0.655037 -0.199999
v -12.425873 -0.680375 -0.199999
v -12.363960 -0.705296 -0.199999
v -12.301992 -0.729829 -0.199999
v -12.239997 -0.754000 -0.199999
v -12.228963 -0.736819 -0.199999
v -12.216053 -0.717556 -0.199999
v -12.201560 -0.696625 -0.199999
v -12.185776 -0.674444 -0.199999
v -12.168991 -0.651431 -0.199999
v -12.151498 -0.628000 -0.199999
v -12.133588 -0.604570 -0.199999
v -12.115553 -0.581556 -0.199999
v -12.097685 -0.559375 -0.199999
v -12.080276 -0.538445 -0.199999
v -12.063616 -0.519181 -0.199999
v -12.047997 -0.502000 -0.199999
v -12.193562 -0.450588 -0.199999
v -12.338165 -0.396371 -0.199999
v -12.481686 -0.339375 -0.199999
v -12.623998 -0.279630 -0.199999
v -12.764977 -0.217162 -0.199999
v -12.904497 -0.152000 -0.199999
v -13.042435 -0.084171 -0.199999
v -13.178664 -0.013704 -0.199999
v -13.313060 0.059375 -0.199999
v -13.445498 0.135037 -0.199999
v -13.575851 0.213254 -0.199999
v -13.703998 0.294000 -0.199999
v -12.135997 0.294000 -0.199999
v -12.135997 0.566000 -0.199999
v -13.515997 0.566000 -0.199999
v -13.515997 1.082000 -0.199999
v -12.487997 1.082000 -0.199999
v -12.487997 1.346000 -0.199999
v -13.515997 1.346000 -0.199999
v -13.515997 1.850000 -0.199999
v -13.811997 1.850000 -0.199999
v -13.811997 1.346000 -0.199999
v -14.807998 1.346000 -0.199999
v -14.807998 1.182000 -0.199999
v -14.849668 1.224245 -0.199999
v -14.890683 1.266963 -0.199999
v -14.931061 1.310125 -0.199999
v -14.970813 1.353703 -0.199999
v -15.009953 1.397671 -0.199999
v -15.048497 1.442000 -0.199999
v -15.086458 1.486662 -0.199999
v -15.123849 1.531629 -0.199999
v -15.160685 1.576875 -0.199999
v -15.196979 1.622370 -0.199999
v -15.232744 1.668088 -0.199999
v -15.267997 1.714000 -0.199999
v -15.523997 1.574000 -0.199999
v -14.150662 0.606250 -0.199999
v -14.204662 0.647000 -0.199999
v -14.257996 0.688250 -0.199999
v -14.310662 0.730000 -0.199999
v -14.362662 0.772250 -0.199999
v -14.413996 0.815000 -0.199999
v -14.464663 0.858250 -0.199999
v -14.514663 0.902000 -0.199999
v -14.563996 0.946250 -0.199999
v -14.612663 0.991000 -0.199999
v -14.660664 1.036250 -0.199999
v -14.707997 1.082000 -0.199999
v -13.811997 1.082000 -0.199999
v -13.811997 0.566000 -0.199999
v -14.095998 0.566000 -0.199999
v -14.903997 -1.438000 -0.199999
v -14.903997 -1.018000 -0.199999
v -13.275997 -1.018000 -0.199999
v -13.275997 -1.438000 -0.199999
v -14.903997 -0.382000 -0.199999
v -13.275997 -0.382000 -0.199999
v -13.275997 -0.778000 -0.199999
v -14.903997 -0.778000 -0.199999
v -9.223997 1.690000 -0.199999
v -9.423997 1.570000 -0.199999
v -9.393114 1.485030 -0.199999
v -9.360607 1.396574 -0.199999
v -9.326684 1.305312 -0.199999
v -9.291553 1.211926 -0.199999
v -9.255421 1.117095 -0.199999
v -9.218497 1.021500 -0.199999
v -9.180990 0.925822 -0.199999
v -9.143108 0.830741 -0.199999
v -9.105060 0.736937 -0.199999
v -9.067053 0.645092 -0.199999
v -9.029296 0.555886 -0.199999
v -8.991998 0.470000 -0.199999
v -9.065331 0.391905 -0.199999
v -9.129664 0.315574 -0.199999
v -9.185497 0.240937 -0.199999
v -9.233331 0.167926 -0.199999
v -9.273664 0.096470 -0.199999
v -9.306998 0.026500 -0.199999
v -9.333832 -0.042053 -0.199999
v -9.354665 -0.109259 -0.199999
v -9.369998 -0.175188 -0.199999
v -9.380331 -0.239908 -0.199999
v -9.386165 -0.303489 -0.199999
v -9.387998 -0.366000 -0.199999
v -9.386986 -0.418898 -0.199999
v -9.383888 -0.469519 -0.199999
v -9.378624 -0.517750 -0.199999
v -9.371110 -0.563482 -0.199999
v -9.361262 -0.606602 -0.199999
v -9.348998 -0.647000 -0.199999
v -9.334234 -0.684565 -0.199999
v -9.316887 -0.719185 -0.199999
v -9.296873 -0.750750 -0.199999
v -9.274109 -0.779148 -0.199999
v -9.248511 -0.804269 -0.199999
v -9.219997 -0.826000 -0.199999
v -9.205511 -0.835667 -0.199999
v -9.190108 -0.844667 -0.199999
v -9.173872 -0.853000 -0.199999
v -9.156886 -0.860667 -0.199999
v -9.139234 -0.867667 -0.199999
v -9.120997 -0.874000 -0.199999
v -9.102262 -0.879667 -0.199999
v -9.083109 -0.884667 -0.199999
v -9.063622 -0.889000 -0.199999
v -9.043886 -0.892667 -0.199999
v -9.023983 -0.895667 -0.199999
v -9.003997 -0.898000 -0.199999
v -8.981593 -0.899912 -0.199999
v -8.958441 -0.901630 -0.199999
v -8.934622 -0.903125 -0.199999
v -8.910219 -0.904370 -0.199999
v -8.885317 -0.905338 -0.199999
v -8.859998 -0.906000 -0.199999
v -8.834345 -0.906329 -0.199999
v -8.808442 -0.906296 -0.199999
v -8.782372 -0.905875 -0.199999
v -8.756220 -0.905037 -0.199999
v -8.730067 -0.903755 -0.199999
v -8.703998 -0.902000 -0.199999
v -8.703421 -0.882213 -0.199999
v -8.701719 -0.861037 -0.199999
v -8.698935 -0.838750 -0.199999
v -8.695108 -0.815630 -0.199999
v -8.690282 -0.791954 -0.199999
v -8.684497 -0.768000 -0.199999
v -8.677795 -0.744046 -0.199999
v -8.670219 -0.720371 -0.199999
v -8.661810 -0.697250 -0.199999
v -8.652609 -0.674963 -0.199999
v -8.642657 -0.653787 -0.199999
v -8.631997 -0.634000 -0.199999
v -8.656819 -0.635914 -0.199999
v -8.681238 -0.637648 -0.199999
v -8.705185 -0.639188 -0.199999
v -8.728590 -0.640519 -0.199999
v -8.751384 -0.641627 -0.199999
v -8.773498 -0.642500 -0.199999
v -8.794861 -0.643123 -0.199999
v -8.815405 -0.643482 -0.199999
v -8.835060 -0.643563 -0.199999
v -8.853757 -0.643352 -0.199999
v -8.871426 -0.642836 -0.199999
v -8.887998 -0.642000 -0.199999
v -8.901751 -0.640908 -0.199999
v -8.915033 -0.639593 -0.199999
v -8.927872 -0.638000 -0.199999
v -8.940293 -0.636074 -0.199999
v -8.952326 -0.633759 -0.199999
v -8.963997 -0.631000 -0.199999
v -8.975335 -0.627741 -0.199999
v -8.986367 -0.623926 -0.199999
v -8.997122 -0.619500 -0.199999
v -9.007627 -0.614407 -0.199999
v -9.017909 -0.608593 -0.199999
v -9.027997 -0.602000 -0.199999
v -9.044013 -0.589852 -0.199999
v -9.058126 -0.575482 -0.199999
v -9.070435 -0.559000 -0.199999
v -9.081034 -0.540519 -0.199999
v -9.090022 -0.520148 -0.199999
v -9.097497 -0.498000 -0.199999
v -9.103555 -0.474185 -0.199999
v -9.108294 -0.448815 -0.199999
v -9.111810 -0.422000 -0.199999
v -9.114201 -0.393852 -0.199999
v -9.115564 -0.364482 -0.199999
v -9.115997 -0.334000 -0.199999
v -9.114008 -0.280084 -0.199999
v -9.107756 -0.224334 -0.199999
v -9.096809 -0.166750 -0.199999
v -9.080738 -0.107334 -0.199999
v -9.059111 -0.046084 -0.199999
v -9.031497 0.017000 -0.199999
v -8.997467 0.081916 -0.199999
v -8.956590 0.148666 -0.199999
v -8.908435 0.217250 -0.199999
v -8.852571 0.287666 -0.199999
v -8.788569 0.359917 -0.199999
v -8.715998 0.434000 -0.199999
v -8.747980 0.511562 -0.199999
v -8.779850 0.591833 -0.199999
v -8.811498 0.674187 -0.199999
v -8.842813 0.758000 -0.199999
v -8.873683 0.842646 -0.199999
v -8.903997 0.927500 -0.199999
v -8.933645 1.011937 -0.199999
v -8.962516 1.095333 -0.199999
v -8.990498 1.177062 -0.199999
v -9.017479 1.256500 -0.199999
v -9.043349 1.333021 -0.199999
v -9.067997 1.406000 -0.199999
v -8.511997 1.406000 -0.199999
v -8.511997 -1.830000 -0.199999
v -8.243998 -1.830000 -0.199999
v -8.243998 1.678000 -0.199999
v -9.179997 1.678000 -0.199999
v -10.395997 0.634000 -0.199999
v -9.763997 0.634000 -0.199999
v -9.763997 0.854000 -0.199999
v -9.734916 0.834169 -0.199999
v -9.705682 0.814685 -0.199999
v -9.676309 0.795562 -0.199999
v -9.646811 0.776815 -0.199999
v -9.617202 0.758456 -0.199999
v -9.587496 0.740500 -0.199999
v -9.557707 0.722960 -0.199999
v -9.527848 0.705852 -0.199999
v -9.497934 0.689187 -0.199999
v -9.467978 0.672981 -0.199999
v -9.437995 0.657248 -0.199999
v -9.407997 0.642000 -0.199999
v -9.399356 0.660704 -0.199999
v -9.389534 0.680630 -0.199999
v -9.378684 0.701500 -0.199999
v -9.366960 0.723037 -0.199999
v -9.354513 0.744963 -0.199999
v -9.341497 0.767000 -0.199999
v -9.328065 0.788870 -0.199999
v -9.314368 0.810296 -0.199999
v -9.300560 0.831000 -0.199999
v -9.286794 0.850704 -0.199999
v -9.273222 0.869129 -0.199999
v -9.259997 0.886000 -0.199999
v -9.374620 0.942625 -0.199999
v -9.487979 1.006000 -0.199999
v -9.599310 1.075375 -0.199999
v -9.707850 1.150000 -0.199999
v -9.812833 1.229125 -0.199999
v -9.913497 1.312000 -0.199999
v -10.009078 1.397875 -0.199999
v -10.098812 1.486000 -0.199999
v -10.181935 1.575625 -0.199999
v -10.257683 1.666000 -0.199999
v -10.325292 1.756375 -0.199999
v -10.383998 1.846000 -0.199999
v -10.659997 1.846000 -0.199999
v -10.735461 1.749831 -0.199999
v -10.817369 1.655648 -0.199999
v -10.904998 1.563938 -0.199999
v -10.997627 1.475185 -0.199999
v -11.094535 1.389877 -0.199999
v -11.194998 1.308500 -0.199999
v -11.298294 1.231539 -0.199999
v -11.403702 1.159481 -0.199999
v -11.510498 1.092812 -0.199999
v -11.617961 1.032018 -0.199999
v -11.725368 0.977585 -0.199999
v -11.831998 0.930000 -0.199999
v -11.817928 0.912206 -0.199999
v -11.803776 0.892981 -0.199999
v -11.789623 0.872562 -0.199999
v -11.775554 0.851185 -0.199999
v -11.761651 0.829085 -0.199999
v -11.747998 0.806500 -0.199999
v -11.734679 0.783664 -0.199999
v -11.721776 0.760815 -0.199999
v -11.709373 0.738187 -0.199999
v -11.697554 0.716018 -0.199999
v -11.686400 0.694544 -0.199999
v -11.675998 0.674000 -0.199999
v -11.648915 0.687247 -0.199999
v -11.621681 0.700981 -0.199999
v -11.594309 0.715187 -0.199999
v -11.566812 0.729852 -0.199999
v -11.539203 0.744960 -0.199999
v -11.511497 0.760500 -0.199999
v -11.483707 0.776456 -0.199999
v -11.455849 0.792815 -0.199999
v -11.427935 0.809562 -0.199999
v -11.399979 0.826685 -0.199999
v -11.371995 0.844169 -0.199999
v -11.343997 0.862000 -0.199999
v -11.343997 0.634000 -0.199999
v -10.671997 0.634000 -0.199999
v -10.671997 0.286000 -0.199999
v -11.579997 0.286000 -0.199999
v -11.579997 -0.742000 -0.199999
v -10.775997 -0.742000 -0.199999
v -10.836104 -0.859979 -0.199999
v -10.900517 -0.966500 -0.199999
v -10.969373 -1.062438 -0.199999
v -11.042812 -1.148667 -0.199999
v -11.120975 -1.226063 -0.199999
v -11.203998 -1.295500 -0.199999
v -11.292021 -1.357854 -0.199999
v -11.385182 -1.414000 -0.199999
v -11.483623 -1.464813 -0.199999
v -11.587479 -1.511167 -0.199999
v -11.696891 -1.553938 -0.199999
v -11.811997 -1.594000 -0.199999
v -11.793941 -1.610725 -0.199999
v -11.775886 -1.628796 -0.199999
v -11.757997 -1.648063 -0.199999
v -11.740441 -1.668370 -0.199999
v -11.723386 -1.689567 -0.199999
v -11.706997 -1.711500 -0.199999
v -11.691442 -1.734016 -0.199999
v -11.676886 -1.756963 -0.199999
v -11.663497 -1.780188 -0.199999
v -11.651442 -1.803537 -0.199999
v -11.640886 -1.826859 -0.199999
v -11.631997 -1.850000 -0.199999
v -11.514891 -1.802790 -0.199999
v -11.403479 -1.752648 -0.199999
v -11.297622 -1.698813 -0.199999
v -11.197182 -1.640519 -0.199999
v -11.102019 -1.577003 -0.199999
v -11.011996 -1.507500 -0.199999
v -10.926973 -1.431248 -0.199999
v -10.846811 -1.347482 -0.199999
v -10.771372 -1.255438 -0.199999
v -10.700516 -1.154352 -0.199999
v -10.634104 -1.043461 -0.199999
v -10.571998 -0.922000 -0.199999
v -10.532048 -1.012370 -0.199999
v -10.483738 -1.101296 -0.199999
v -10.426373 -1.188500 -0.199999
v -10.359257 -1.273704 -0.199999
v -10.281696 -1.356630 -0.199999
v -10.192997 -1.437000 -0.199999
v -10.092464 -1.514537 -0.199999
v -9.979404 -1.588963 -0.199999
v -9.853122 -1.660000 -0.199999
v -9.712923 -1.727371 -0.199999
v -9.558113 -1.790796 -0.199999
v -9.387998 -1.850000 -0.199999
v -9.379959 -1.832986 -0.199999
v -9.370017 -1.814222 -0.199999
v -9.358436 -1.794125 -0.199999
v -9.345480 -1.773111 -0.199999
v -9.331412 -1.751597 -0.199999
v -9.316498 -1.730000 -0.199999
v -9.301000 -1.708736 -0.199999
v -9.285182 -1.688222 -0.199999
v -9.269309 -1.668875 -0.199999
v -9.253645 -1.651111 -0.199999
v -9.238453 -1.635347 -0.199999
v -9.223997 -1.622000 -0.199999
v -9.397740 -1.563282 -0.199999
v -9.553609 -1.501259 -0.199999
v -9.692560 -1.436125 -0.199999
v -9.815554 -1.368074 -0.199999
v -9.923547 -1.297301 -0.199999
v -10.017498 -1.224000 -0.199999
v -10.098366 -1.148366 -0.199999
v -10.167109 -1.070593 -0.199999
v -10.224685 -0.990875 -0.199999
v -10.272053 -0.909408 -0.199999
v -10.310171 -0.826384 -0.199999
v -10.339997 -0.742000 -0.199999
v -9.523997 -0.742000 -0.199999
v -9.523997 0.286000 -0.199999
v -10.395997 0.286000 -0.199999
v -11.303997 0.890000 -0.199999
v -11.229377 0.941048 -0.199999
v -11.155701 0.994055 -0.199999
v -11.083247 1.048812 -0.199999
v -11.012294 1.105111 -0.199999
v -10.943118 1.162743 -0.199999
v -10.875998 1.221500 -0.199999
v -10.811211 1.281173 -0.199999
v -10.749035 1.341555 -0.199999
v -10.689748 1.402437 -0.199999
v -10.633628 1.463611 -0.199999
v -10.580952 1.524868 -0.199999
v -10.531998 1.586000 -0.199999
v -10.489953 1.527618 -0.199999
v -10.443962 1.468611 -0.199999
v -10.394249 1.409187 -0.199999
v -10.341036 1.349555 -0.199999
v -10.284545 1.289923 -0.199999
v -10.224998 1.230500 -0.199999
v -10.162619 1.171493 -0.199999
v -10.097628 1.113111 -0.199999
v -10.030248 1.055562 -0.199999
v -9.960701 0.999055 -0.199999
v -9.889210 0.943798 -0.199999
v -9.815997 0.890000 -0.199999
v -10.387998 -0.494000 -0.199999
v -10.388995 -0.478000 -0.199999
v -10.389979 -0.462000 -0.199999
v -10.390935 -0.446000 -0.199999
v -10.391850 -0.430000 -0.199999
v -10.392708 -0.414000 -0.199999
v -10.393497 -0.398000 -0.199999
v -10.394203 -0.382000 -0.199999
v -10.394812 -0.366000 -0.199999
v -10.395309 -0.350000 -0.199999
v -10.395682 -0.334000 -0.199999
v -10.395916 -0.318000 -0.199999
v -10.395997 -0.302000 -0.199999
v -10.395997 0.042000 -0.199999
v -9.791997 0.042000 -0.199999
v -9.791997 -0.494000 -0.199999
v -10.663998 -0.494000 -0.199999
v -11.303997 -0.494000 -0.199999
v -11.303997 0.042000 -0.199999
v -10.671997 0.042000 -0.199999
v -10.671997 -0.310000 -0.199999
v -6.863998 -0.898000 -0.199999
v -6.863998 -0.606000 -0.199999
v -4.971998 -0.606000 -0.200000
v -4.971998 -0.898000 -0.200000
v -6.863998 -0.098000 -0.199999
v -4.971998 -0.098000 -0.200000
v -4.971998 -0.386000 -0.200000
v -6.863998 -0.386000 -0.199999
v -6.863998 -1.414000 -0.199999
v -6.863998 -1.114000 -0.199999
v -4.971998 -1.114000 -0.200000
v -4.971998 -1.414000 -0.199999
v -7.163998 -1.806000 -0.199999
v -6.863998 -1.806000 -0.199999
v -6.863998 -1.646000 -0.199999
v -4.971998 -1.646000 -0.199999
v -4.971998 -1.818000 -0.199999
v -4.683998 -1.818000 -0.199999
v -4.683998 0.130000 -0.200000
v -7.163998 0.130000 -0.199999
v -7.427998 0.314000 -0.199999
v -7.127998 0.314000 -0.199999
v -7.127998 1.434000 -0.199999
v -4.687998 1.434000 -0.200000
v -4.687998 0.306000 -0.200000
v -4.395998 0.306000 -0.200000
v -4.395998 1.662000 -0.200000
v -7.427998 1.662000 -0.199999
v -6.895998 0.946000 -0.199999
v -4.939998 0.946000 -0.200000
v -4.939998 1.166000 -0.200000
v -6.895998 1.166000 -0.199999
v -6.895998 0.438000 -0.199999
v -4.943998 0.438000 -0.200000
v -4.943998 0.658000 -0.200000
v -6.895998 0.658000 -0.199999
v -0.588667 -0.358199 -0.200000
v -0.602017 -0.466926 -0.200000
v -0.623061 -0.564375 -0.200000
v -0.650813 -0.650741 -0.200000
v -0.684288 -0.726218 -0.200000
v -0.722498 -0.791000 -0.200000
v -0.764459 -0.845283 -0.200000
v -0.809183 -0.889259 -0.200000
v -0.855686 -0.923125 -0.200000
v -0.902980 -0.947074 -0.200000
v -0.950079 -0.961301 -0.200000
v -0.995998 -0.966000 -0.200000
v -1.043480 -0.960336 -0.200000
v -1.091850 -0.943019 -0.200000
v -1.140998 -0.913563 -0.200000
v -1.190813 -0.871482 -0.200000
v -1.241183 -0.816290 -0.200000
v -1.291998 -0.747500 -0.200000
v -1.343146 -0.664627 -0.200000
v -1.394517 -0.567185 -0.200000
v -1.445998 -0.454688 -0.200000
v -1.497480 -0.326648 -0.200000
v -1.548850 -0.182581 -0.200000
v -1.599998 -0.022000 -0.200000
v -1.624572 0.061965 -0.200000
v -1.648257 0.147722 -0.200000
v -1.670998 0.235062 -0.200000
v -1.692739 0.323778 -0.200000
v -1.713424 0.413660 -0.200000
v -1.732998 0.504500 -0.200000
v -1.751406 0.596090 -0.200000
v -1.768591 0.688222 -0.200000
v -1.784498 0.780687 -0.200000
v -1.799072 0.873278 -0.200000
v -1.812257 0.965784 -0.200000
v -1.823998 1.058000 -0.200000
v -1.638267 1.022722 -0.200000
v -1.465479 0.966444 -0.200000
v -1.306248 0.891500 -0.200000
v -1.161183 0.800222 -0.200000
v -1.030896 0.694944 -0.200000
v -0.915998 0.578000 -0.200000
v -0.817100 0.451722 -0.200000
v -0.734813 0.318444 -0.200000
v -0.669748 0.180500 -0.200000
v -0.622517 0.040222 -0.200000
v -0.593730 -0.100056 -0.200000
v -0.583998 -0.238000 -0.200000
v -1.853507 -0.287574 -0.200000
v -1.788072 -0.468259 -0.200000
v -1.719748 -0.632000 -0.200000
v -1.648591 -0.778741 -0.200000
v -1.574656 -0.908426 -0.200000
v -1.497998 -1.021000 -0.200000
v -1.418674 -1.116408 -0.200000
v -1.336739 -1.194593 -0.200000
v -1.252248 -1.255500 -0.200000
v -1.165257 -1.299074 -0.200000
v -1.075822 -1.325259 -0.200000
v -0.983998 -1.334000 -0.200000
v -0.895204 -1.325590 -0.200000
v -0.807646 -1.300722 -0.200000
v -0.722561 -1.259938 -0.200000
v -0.641183 -1.203778 -0.200000
v -0.564750 -1.132785 -0.200000
v -0.494498 -1.047500 -0.200000
v -0.431662 -0.948465 -0.200000
v -0.377480 -0.836222 -0.200000
v -0.333186 -0.711313 -0.200000
v -0.300017 -0.574278 -0.200000
v -0.279209 -0.425660 -0.200000
v -0.271998 -0.266000 -0.200000
v -0.287753 -0.051628 -0.200000
v -0.333702 0.155981 -0.200000
v -0.407873 0.354562 -0.200000
v -0.508295 0.541851 -0.200000
v -0.632994 0.715585 -0.200000
v -0.779998 0.873500 -0.200000
v -0.947336 1.013331 -0.200000
v -1.133035 1.132815 -0.200000
v -1.335123 1.229687 -0.200000
v -1.551628 1.301685 -0.200000
v -1.780577 1.346544 -0.200000
v -2.019998 1.362000 -0.200000
v -2.246766 1.348544 -0.200000
v -2.458479 1.309352 -0.200000
v -2.654248 1.246188 -0.200000
v -2.833183 1.160815 -0.200000
v -2.994396 1.054998 -0.200000
v -3.136998 0.930500 -0.200000
v -3.260100 0.789086 -0.200000
v -3.362813 0.632518 -0.200000
v -3.444248 0.462562 -0.200000
v -3.503517 0.280981 -0.200000
v -3.539730 0.089539 -0.200000
v -3.551998 -0.110000 -0.200000
v -3.540588 -0.314076 -0.200000
v -3.506720 -0.505945 -0.200000
v -3.450936 -0.685063 -0.200000
v -3.373776 -0.850889 -0.200000
v -3.275783 -1.002882 -0.200000
v -3.157498 -1.140500 -0.200000
v -3.019463 -1.263201 -0.200000
v -2.862220 -1.370445 -0.200000
v -2.686311 -1.461688 -0.200000
v -2.492276 -1.536389 -0.200000
v -2.280658 -1.594007 -0.200000
v -2.051998 -1.634000 -0.200000
v -1.863998 -1.338000 -0.200000
v -1.895898 -1.334838 -0.200000
v -1.927535 -1.331370 -0.200000
v -1.958810 -1.327625 -0.200000
v -1.989628 -1.323630 -0.200000
v -2.019889 -1.319412 -0.200000
v -2.049498 -1.315000 -0.200000
v -2.078357 -1.310421 -0.200000
v -2.106368 -1.305704 -0.200000
v -2.133435 -1.300875 -0.200000
v -2.159461 -1.295963 -0.200000
v -2.184348 -1.290995 -0.200000
v -2.207998 -1.286000 -0.200000
v -2.335545 -1.251472 -0.200000
v -2.461035 -1.205778 -0.200000
v -2.582748 -1.148750 -0.200000
v -2.698961 -1.080222 -0.200000
v -2.807952 -1.000028 -0.200000
v -2.907998 -0.908000 -0.200000
v -2.997378 -0.803972 -0.200000
v -3.074369 -0.687778 -0.200000
v -3.137248 -0.559250 -0.200000
v -3.184294 -0.418222 -0.200000
v -3.213785 -0.264528 -0.200000
v -3.223998 -0.098000 -0.200000
v -3.215971 0.050639 -0.200000
v -3.192109 0.193778 -0.200000
v -3.152748 0.330250 -0.200000
v -3.098221 0.458889 -0.200000
v -3.028859 0.578528 -0.200000
v -2.944998 0.688000 -0.200000
v -2.846971 0.786139 -0.200000
v -2.735109 0.871778 -0.200000
v -2.609748 0.943750 -0.200000
v -2.471220 1.000889 -0.200000
v -2.319859 1.042028 -0.200000
v -2.155998 1.066000 -0.200000
v -2.142491 0.971372 -0.200000
v -2.127942 0.875648 -0.200000
v -2.112310 0.779062 -0.200000
v -2.095553 0.681852 -0.200000
v -2.077630 0.584252 -0.200000
v -2.058498 0.486500 -0.200000
v -2.038116 0.388831 -0.200000
v -2.016442 0.291481 -0.200000
v -1.993436 0.194687 -0.200000
v -1.969054 0.098685 -0.200000
v -1.943255 0.003710 -0.200000
v -1.915998 -0.090000 -0.200000
v 1.917011 1.799844 -0.200000
v 1.918076 1.759425 -0.200000
v 1.919252 1.716812 -0.200000
v 1.920594 1.672074 -0.200000
v 1.922159 1.625280 -0.200000
v 1.924002 1.576500 -0.200000
v 1.926178 1.525803 -0.200000
v 1.928742 1.473259 -0.200000
v 1.931752 1.418937 -0.200000
v 1.935261 1.362907 -0.200000
v 1.939326 1.305238 -0.200000
v 1.944002 1.246000 -0.200000
v 1.924518 1.102377 -0.200000
v 1.893798 0.916685 -0.200000
v 1.848439 0.696687 -0.200000
v 1.785039 0.450148 -0.200000
v 1.700194 0.184831 -0.200000
v 1.590502 -0.091500 -0.200000
v 1.452560 -0.371081 -0.200000
v 1.282965 -0.646148 -0.200000
v 1.078314 -0.908938 -0.200000
v 0.835205 -1.151685 -0.200000
v 0.550236 -1.366627 -0.200000
v 0.220002 -1.546000 -0.200000
v 0.241060 -1.562799 -0.200000
v 0.262131 -1.581056 -0.200000
v 0.283064 -1.600563 -0.200000
v 0.303705 -1.621111 -0.200000
v 0.323902 -1.642493 -0.200000
v 0.343502 -1.664500 -0.200000
v 0.362351 -1.686924 -0.200000
v 0.380298 -1.709556 -0.200000
v 0.397189 -1.732188 -0.200000
v 0.412872 -1.754611 -0.200000
v 0.427194 -1.776618 -0.200000
v 0.440002 -1.798000 -0.200000
v 0.679280 -1.669688 -0.200000
v 0.895891 -1.522500 -0.200000
v 1.091002 -1.359063 -0.200000
v 1.265779 -1.182000 -0.200000
v 1.421391 -0.993938 -0.200000
v 1.559002 -0.797500 -0.200000
v 1.679779 -0.595313 -0.200000
v 1.784891 -0.390000 -0.200000
v 1.875502 -0.184188 -0.200000
v 1.952779 0.019500 -0.200000
v 2.017890 0.218437 -0.200000
v 2.072001 0.410000 -0.200000
v 2.124104 0.207352 -0.200000
v 2.187150 0.002481 -0.200000
v 2.262252 -0.203000 -0.200000
v 2.350520 -0.407482 -0.200000
v 2.453066 -0.609352 -0.200000
v 2.571002 -0.807000 -0.200000
v 2.705437 -0.998815 -0.200000
v 2.857483 -1.183185 -0.200000
v 3.028252 -1.358500 -0.200000
v 3.218853 -1.523148 -0.200000
v 3.430400 -1.675519 -0.200000
v 3.664002 -1.814000 -0.200000
v 3.678810 -1.794614 -0.200000
v 3.695132 -1.774574 -0.200000
v 3.712814 -1.754063 -0.200000
v 3.731705 -1.733260 -0.200000
v 3.751652 -1.712345 -0.200000
v 3.772502 -1.691500 -0.200000
v 3.794101 -1.670905 -0.200000
v 3.816298 -1.650741 -0.200000
v 3.838939 -1.631188 -0.200000
v 3.861872 -1.612426 -0.200000
v 3.884944 -1.594637 -0.200000
v 3.908002 -1.578000 -0.200000
v 3.525252 -1.345253 -0.200000
v 3.207002 -1.074685 -0.200000
v 2.947252 -0.774813 -0.200000
v 2.740002 -0.454148 -0.200000
v 2.579252 -0.121206 -0.200000
v 2.459002 0.215500 -0.200000
v 2.373252 0.547456 -0.200000
v 2.316002 0.866148 -0.200000
v 2.281252 1.163062 -0.200000
v 2.263002 1.429685 -0.200000
v 2.255252 1.657502 -0.200000
v 2.252002 1.838000 -0.200000
v 1.916002 1.838000 -0.200000
v 4.240001 -0.114000 -0.200000
v 7.904001 -0.114000 -0.200001
v 7.904001 0.214000 -0.200001
v 4.240001 0.214000 -0.200000
v 9.228001 1.130000 -0.200001
v 9.346168 1.138053 -0.200001
v 9.477001 1.148092 -0.200001
v 9.618001 1.159937 -0.200001
v 9.766667 1.173407 -0.200001
v 9.920501 1.188321 -0.200001
v 10.077001 1.204500 -0.200001
v 10.233667 1.221761 -0.200001
v 10.388000 1.239926 -0.200001
v 10.537500 1.258812 -0.200001
v 10.679667 1.278240 -0.200001
v 10.812001 1.298030 -0.200001
v 10.932001 1.318000 -0.200001
v 10.880001 1.622000 -0.200001
v 10.761608 1.597449 -0.200001
v 10.628520 1.573926 -0.200001
v 10.483876 1.551625 -0.200001
v 10.330816 1.530741 -0.200001
v 10.172479 1.511467 -0.200001
v 10.012002 1.494000 -0.200001
v 9.852525 1.478532 -0.200001
v 9.697186 1.465259 -0.200001
v 9.549127 1.454375 -0.200001
v 9.411483 1.446074 -0.200001
v 9.287395 1.440551 -0.200001
v 9.180001 1.438000 -0.200001
v 9.998451 0.395363 -0.200001
v 10.109611 0.387907 -0.200001
v 10.217187 0.376312 -0.200001
v 10.320889 0.361259 -0.200001
v 10.420424 0.343428 -0.200001
v 10.515500 0.323500 -0.200001
v 10.605826 0.302155 -0.200001
v 10.691112 0.280074 -0.200001
v 10.771063 0.257937 -0.200001
v 10.845389 0.236426 -0.200001
v 10.913799 0.216220 -0.200001
v 10.976001 0.198000 -0.200001
v 11.006825 0.187921 -0.200001
v 11.037277 0.177704 -0.200001
v 11.067312 0.167375 -0.200001
v 11.096889 0.156963 -0.200001
v 11.125965 0.146495 -0.200001
v 11.154500 0.136000 -0.200001
v 11.182451 0.125504 -0.200001
v 11.209778 0.115037 -0.200001
v 11.236438 0.104625 -0.200001
v 11.262389 0.094296 -0.200001
v 11.287591 0.084079 -0.200001
v 11.312001 0.074000 -0.200001
v 11.416001 0.446000 -0.200001
v 11.387524 0.448326 -0.200001
v 11.358186 0.451278 -0.200001
v 11.328126 0.454812 -0.200001
v 11.297482 0.458889 -0.200001
v 11.266395 0.463465 -0.200001
v 11.235002 0.468500 -0.200001
v 11.203442 0.473951 -0.200001
v 11.171854 0.479778 -0.200001
v 11.140377 0.485937 -0.200001
v 11.109150 0.492389 -0.200001
v 11.078312 0.499090 -0.200001
v 11.048001 0.506000 -0.200001
v 10.974434 0.523222 -0.200001
v 10.894131 0.542444 -0.200001
v 10.807689 0.563000 -0.200001
v 10.715705 0.584222 -0.200001
v 10.618776 0.605444 -0.200001
v 10.517501 0.626000 -0.200001
v 10.412476 0.645222 -0.200001
v 10.304297 0.662444 -0.200001
v 10.193563 0.677000 -0.200001
v 10.080872 0.688222 -0.200001
v 9.966818 0.695444 -0.200001
v 9.852000 0.698000 -0.200001
v 9.713162 0.691451 -0.200001
v 9.581297 0.671944 -0.200001
v 9.457376 0.639687 -0.200001
v 9.342371 0.594889 -0.200001
v 9.237255 0.537757 -0.200001
v 9.143001 0.468500 -0.200001
v 9.060579 0.387326 -0.200001
v 8.990964 0.294444 -0.200001
v 8.935126 0.190062 -0.200001
v 8.894038 0.074389 -0.200001
v 8.868672 -0.052368 -0.200001
v 8.860001 -0.190000 -0.200001
v 8.875948 -0.399111 -0.200001
v 8.922575 -0.592556 -0.200001
v 8.998063 -0.770500 -0.200001
v 9.100594 -0.933111 -0.200001
v 9.228346 -1.080556 -0.200001
v 9.379501 -1.213000 -0.200001
v 9.552239 -1.330611 -0.200001
v 9.744741 -1.433556 -0.200001
v 9.955188 -1.522000 -0.200001
v 10.181760 -1.596111 -0.200001
v 10.422637 -1.656056 -0.200001
v 10.676001 -1.702000 -0.200001
v 10.856001 -1.398000 -0.200001
v 10.619231 -1.362461 -0.200001
v 10.395835 -1.315685 -0.200001
v 10.187189 -1.257438 -0.200001
v 9.994668 -1.187482 -0.200001
v 9.819647 -1.105581 -0.200001
v 9.663501 -1.011500 -0.200001
v 9.527605 -0.905002 -0.200001
v 9.413334 -0.785852 -0.200001
v 9.322063 -0.653813 -0.200001
v 9.255168 -0.508648 -0.200001
v 9.214022 -0.350123 -0.200001
v 9.200001 -0.178000 -0.200001
v 9.205591 -0.096083 -0.200001
v 9.222056 -0.018667 -0.200001
v 9.248939 0.053750 -0.200001
v 9.285779 0.120667 -0.200001
v 9.332119 0.181583 -0.200001
v 9.387501 0.236000 -0.200001
v 9.451466 0.283417 -0.200001
v 9.523556 0.323333 -0.200001
v 9.603312 0.355250 -0.200001
v 9.690278 0.378667 -0.200001
v 9.783994 0.393083 -0.200001
v 9.884001 0.398000 -0.200001
v 14.748001 0.670000 -0.200001
v 14.821450 0.676574 -0.200001
v 14.895594 0.684259 -0.200001
v 14.970126 0.693000 -0.200001
v 15.044742 0.702740 -0.200001
v 15.119135 0.713426 -0.200001
v 15.193001 0.725000 -0.200001
v 15.266033 0.737407 -0.200001
v 15.337927 0.750592 -0.200001
v 15.408376 0.764500 -0.200001
v 15.477075 0.779074 -0.200001
v 15.543718 0.794259 -0.200001
v 15.608001 0.810000 -0.200001
v 15.592001 1.102000 -0.200001
v 15.527478 1.082664 -0.200001
v 15.460166 1.064648 -0.200001
v 15.390437 1.047937 -0.200001
v 15.318666 1.032518 -0.200001
v 15.245229 1.018377 -0.200001
v 15.170500 1.005500 -0.200001
v 15.094854 0.993873 -0.200001
v 15.018667 0.983481 -0.200001
v 14.942313 0.974312 -0.200001
v 14.866167 0.966352 -0.200001
v 14.790605 0.959586 -0.200001
v 14.716001 0.954000 -0.200001
v 14.672001 1.374000 -0.200001
v 14.669249 1.406706 -0.200001
v 14.666983 1.436981 -0.200001
v 14.665189 1.465062 -0.200001
v 14.663853 1.491185 -0.200001
v 14.662962 1.515585 -0.200001
v 14.662501 1.538500 -0.200001
v 14.662457 1.560164 -0.200001
v 14.662816 1.580815 -0.200001
v 14.663564 1.600687 -0.200001
v 14.664686 1.620018 -0.200001
v 14.666170 1.639044 -0.200001
v 14.668001 1.658000 -0.200001
v 14.308001 1.634000 -0.200001
v 14.314676 1.607483 -0.200001
v 14.320741 1.581870 -0.200001
v 14.326250 1.557062 -0.200001
v 14.331260 1.532963 -0.200001
v 14.335825 1.509474 -0.200001
v 14.340001 1.486500 -0.200001
v 14.343843 1.463942 -0.200001
v 14.347408 1.441703 -0.200001
v 14.350751 1.419687 -0.200001
v 14.353927 1.397796 -0.200001
v 14.356992 1.375933 -0.200001
v 14.360001 1.354000 -0.200001
v 14.416001 0.942000 -0.200001
v 14.339754 0.942336 -0.200001
v 14.265020 0.943352 -0.200001
v 14.191814 0.945062 -0.200001
v 14.120150 0.947481 -0.200001
v 14.050041 0.950623 -0.200001
v 13.981502 0.954500 -0.200001
v 13.914545 0.959127 -0.200001
v 13.849186 0.964518 -0.200001
v 13.785439 0.970687 -0.200001
v 13.723316 0.977648 -0.200001
v 13.662832 0.985414 -0.200001
v 13.604001 0.994000 -0.200001
v 13.612000 0.694000 -0.200001
v 13.675568 0.688250 -0.200001
v 13.738538 0.683000 -0.200001
v 13.801313 0.678250 -0.200001
v 13.864297 0.674000 -0.200001
v 13.927892 0.670250 -0.200001
v 13.992500 0.667000 -0.200001
v 14.058526 0.664250 -0.200001
v 14.126371 0.662000 -0.200001
v 14.196439 0.660250 -0.200001
v 14.269131 0.659000 -0.200001
v 14.344851 0.658250 -0.200001
v 14.424001 0.658000 -0.200001
v 14.452001 0.658000 -0.200001
v 14.540001 -0.066000 -0.200001
v 14.464001 -0.066000 -0.200001
v 14.395840 -0.065741 -0.200001
v 14.327372 -0.064926 -0.200001
v 14.258626 -0.063500 -0.200001
v 14.189631 -0.061408 -0.200001
v 14.120413 -0.058593 -0.200001
v 14.051001 -0.055000 -0.200001
v 13.981421 -0.050574 -0.200001
v 13.911704 -0.045259 -0.200001
v 13.841875 -0.039000 -0.200001
v 13.771963 -0.031741 -0.200001
v 13.701996 -0.023426 -0.200001
v 13.632001 -0.014000 -0.200001
v 13.640000 -0.318000 -0.200001
v 13.705691 -0.324669 -0.200001
v 13.770853 -0.330685 -0.200001
v 13.835627 -0.336063 -0.200001
v 13.900149 -0.340815 -0.200001
v 13.964561 -0.344956 -0.200001
v 14.029001 -0.348500 -0.200001
v 14.093608 -0.351461 -0.200001
v 14.158520 -0.353852 -0.200001
v 14.223876 -0.355688 -0.200001
v 14.289816 -0.356982 -0.200001
v 14.356478 -0.357748 -0.200001
v 14.424001 -0.358000 -0.200001
v 14.568001 -0.358000 -0.200001
v 14.571836 -0.397570 -0.200001
v 14.575336 -0.436222 -0.200001
v 14.578502 -0.473875 -0.200001
v 14.581335 -0.510445 -0.200001
v 14.583835 -0.545847 -0.200001
v 14.586001 -0.580000 -0.200001
v 14.587834 -0.612820 -0.200001
v 14.589334 -0.644222 -0.200001
v 14.590501 -0.674125 -0.200001
v 14.591334 -0.702445 -0.200001
v 14.591834 -0.729097 -0.200001
v 14.592001 -0.754000 -0.200001
v 14.587487 -0.847864 -0.200001
v 14.573890 -0.935241 -0.200001
v 14.551126 -1.015813 -0.200001
v 14.519112 -1.089259 -0.200001
v 14.477764 -1.155262 -0.200001
v 14.427000 -1.213500 -0.200001
v 14.366736 -1.263655 -0.200001
v 14.296889 -1.305408 -0.200001
v 14.217376 -1.338438 -0.200001
v 14.128112 -1.362426 -0.200001
v 14.029015 -1.377053 -0.200001
v 13.920001 -1.382000 -0.200001
v 13.772681 -1.376489 -0.200001
v 13.635112 -1.360241 -0.200001
v 13.507875 -1.333688 -0.200001
v 13.391556 -1.297259 -0.200001
v 13.286736 -1.251387 -0.200001
v 13.194000 -1.196500 -0.200001
v 13.113931 -1.133030 -0.200001
v 13.047112 -1.061408 -0.200001
v 12.994125 -0.982063 -0.200001
v 12.955556 -0.895426 -0.200001
v 12.931987 -0.801928 -0.200001
v 12.924001 -0.702000 -0.200001
v 12.927002 -0.634382 -0.200001
v 12.936018 -0.565722 -0.200001
v 12.951062 -0.496313 -0.200001
v 12.972148 -0.426445 -0.200001
v 12.999290 -0.356410 -0.200001
v 13.032500 -0.286500 -0.200001
v 13.071795 -0.217007 -0.200001
v 13.117186 -0.148222 -0.200001
v 13.168688 -0.080438 -0.200001
v 13.226315 -0.013945 -0.200001
v 13.290082 0.050965 -0.200001
v 13.360001 0.114000 -0.200001
v 13.008000 0.186000 -0.200001
v 12.941993 0.110528 -0.200001
v 12.881945 0.035889 -0.200001
v 12.827813 -0.038250 -0.200001
v 12.779556 -0.112222 -0.200001
v 12.737133 -0.186361 -0.200001
v 12.700501 -0.261000 -0.200001
v 12.669620 -0.336472 -0.200001
v 12.644445 -0.413111 -0.200001
v 12.624938 -0.491250 -0.200001
v 12.611056 -0.571222 -0.200001
v 12.602757 -0.653361 -0.200001
v 12.600000 -0.738000 -0.200001
v 12.610847 -0.882012 -0.200001
v 12.642778 -1.015759 -0.200001
v 12.694876 -1.138813 -0.200001
v 12.766223 -1.250741 -0.200001
v 12.855904 -1.351114 -0.200001
v 12.963001 -1.439500 -0.200001
v 13.086598 -1.515470 -0.200001
v 13.225779 -1.578593 -0.200001
v 13.379626 -1.628438 -0.200001
v 13.547223 -1.664574 -0.200001
v 13.727654 -1.686572 -0.200001
v 13.920001 -1.694000 -0.200001
v 14.053561 -1.688977 -0.200001
v 14.181482 -1.673482 -0.200001
v 14.302626 -1.646875 -0.200001
v 14.415853 -1.608519 -0.200001
v 14.520023 -1.557773 -0.200001
v 14.614000 -1.494000 -0.200001
v 14.696644 -1.416560 -0.200001
v 14.766815 -1.324815 -0.200001
v 14.823376 -1.218125 -0.200001
v 14.865186 -1.095852 -0.200001
v 14.891107 -0.957357 -0.200001
v 14.900001 -0.802000 -0.200001
v 14.899755 -0.773012 -0.200001
v 14.899021 -0.742093 -0.200001
v 14.897815 -0.709313 -0.200001
v 14.896151 -0.674741 -0.200001
v 14.894042 -0.638447 -0.200001
v 14.891502 -0.600500 -0.200001
v 14.888546 -0.560970 -0.200001
v 14.885187 -0.519926 -0.200001
v 14.881439 -0.477438 -0.200001
v 14.877316 -0.433574 -0.200001
v 14.872832 -0.388405 -0.200001
v 14.868001 -0.342000 -0.200001
v 14.942810 -0.335577 -0.200001
v 15.017148 -0.328278 -0.200001
v 15.090875 -0.320063 -0.200001
v 15.163852 -0.310889 -0.200001
v 15.235940 -0.300715 -0.200001
v 15.307000 -0.289500 -0.200001
v 15.376894 -0.277202 -0.200001
v 15.445482 -0.263778 -0.200001
v 15.512626 -0.249188 -0.200001
v 15.578186 -0.233389 -0.200001
v 15.642024 -0.216340 -0.200001
v 15.704000 -0.198000 -0.200001
v 15.688001 0.110000 -0.200001
v 15.621202 0.087905 -0.200001
v 15.552945 0.067574 -0.200001
v 15.483438 0.048937 -0.200001
v 15.412889 0.031926 -0.200001
v 15.341508 0.016470 -0.200001
v 15.269501 0.002500 -0.200001
v 15.197077 -0.010053 -0.200001
v 15.124445 -0.021259 -0.200001
v 15.051813 -0.031188 -0.200001
v 14.979389 -0.039908 -0.200001
v 14.907382 -0.047489 -0.200001
v 14.836000 -0.054000 -0.200001
v -15.452925 1.482666 0.200001
v -15.379756 1.392666 0.200001
v -15.304560 1.304000 0.200001
v -15.227405 1.216666 0.200001
v -15.148360 1.130666 0.200001
v -15.067497 1.046000 0.200001
v -14.984884 0.962666 0.200001
v -14.900590 0.880666 0.200001
v -14.814685 0.800000 0.200001
v -14.727238 0.720667 0.200001
v -14.638319 0.642667 0.200001
v -14.547997 0.566000 0.200001
v -15.703998 0.566000 0.200001
v -15.703998 0.294000 0.200001
v -14.195997 0.294000 0.200001
v -14.143833 0.257167 0.200001
v -14.091350 0.220667 0.200001
v -14.038560 0.184500 0.200001
v -13.985479 0.148667 0.200001
v -13.932120 0.113167 0.200001
v -13.878498 0.078000 0.200001
v -13.824625 0.043167 0.200001
v -13.770516 0.008667 0.200001
v -13.716186 -0.025500 0.200001
v -13.661646 -0.059333 0.200001
v -13.606912 -0.092833 0.200001
v -13.551997 -0.126000 0.200001
v -15.211997 -0.126000 0.200001
v -15.211997 -1.814000 0.200001
v -14.903997 -1.814000 0.200001
v -14.903997 -1.698000 0.200001
v -13.275997 -1.698000 0.200001
v -13.275997 -1.830000 0.200001
v -12.975997 -1.830000 0.200001
v -12.975997 -0.434000 0.200001
v -12.915835 -0.463671 0.200001
v -12.855368 -0.492704 0.200001
v -12.794622 -0.521125 0.200001
v -12.733627 -0.548963 0.200001
v -12.672410 -0.576245 0.200001
v -12.610998 -0.603000 0.200001
v -12.549419 -0.629255 0.200001
v -12.487701 -0.655037 0.200001
v -12.425873 -0.680375 0.200001
v -12.363960 -0.705296 0.200001
v -12.301992 -0.729829 0.200001
v -12.239997 -0.754000 0.200001
v -12.228963 -0.736819 0.200001
v -12.216053 -0.717556 0.200001
v -12.201560 -0.696625 0.200001
v -12.185776 -0.674444 0.200001
v -12.168991 -0.651431 0.200001
v -12.151498 -0.628000 0.200001
v -12.133588 -0.604570 0.200001
v -12.115553 -0.581556 0.200001
v -12.097685 -0.559375 0.200001
v -12.080276 -0.538445 0.200001
v -12.063616 -0.519181 0.200001
v -12.047997 -0.502000 0.200001
v -12.193562 -0.450588 0.200001
v -12.338165 -0.396371 0.200001
v -12.481686 -0.339375 0.200001
v -12.623998 -0.279630 0.200001
v -12.764977 -0.217162 0.200001
v -12.904497 -0.152000 0.200001
v -13.042435 -0.084171 0.200001
v -13.178664 -0.013704 0.200001
v -13.313060 0.059375 0.200001
v -13.445498 0.135037 0.200001
v -13.575851 0.213255 0.200001
v -13.703998 0.294000 0.200001
v -12.135997 0.294000 0.200001
v -12.135997 0.566000 0.200001
v -13.515997 0.566000 0.200001
v -13.515997 1.082000 0.200001
v -12.487997 1.082000 0.200001
v -12.487997 1.346000 0.200001
v -13.515997 1.346000 0.200001
v -13.515997 1.850000 0.200001
v -13.811997 1.850000 0.200001
v -13.811997 1.346000 0.200001
v -14.807998 1.346000 0.200001
v -14.807998 1.182000 0.200001
v -14.849668 1.224245 0.200001
v -14.890683 1.266963 0.200001
v -14.931061 1.310125 0.200001
v -14.970813 1.353703 0.200001
v -15.009953 1.397671 0.200001
v -15.048497 1.442000 0.200001
v -15.086458 1.486662 0.200001
v -15.123849 1.531629 0.200001
v -15.160685 1.576875 0.200001
v -15.196979 1.622370 0.200001
v -15.232744 1.668088 0.200001
v -15.267997 1.714000 0.200001
v -15.523997 1.574000 0.200001
v -14.150662 0.606250 0.200001
v -14.204662 0.647000 0.200001
v -14.257996 0.688250 0.200001
v -14.310662 0.730000 0.200001
v -14.362662 0.772250 0.200001
v -14.413996 0.815000 0.200001
v -14.464663 0.858250 0.200001
v -14.514663 0.902000 0.200001
v -14.563996 0.946250 0.200001
v -14.612663 0.991000 0.200001
v -14.660664 1.036250 0.200001
v -14.707997 1.082000 0.200001
v -13.811997 1.082000 0.200001
v -13.811997 0.566000 0.200001
v -14.095998 0.566000 0.200001
v -14.903997 -1.438000 0.200001
v -14.903997 -1.018000 0.200001
v -13.275997 -1.018000 0.200001
v -13.275997 -1.438000 0.200001
v -14.903997 -0.382000 0.200001
v -13.275997 -0.382000 0.200001
v -13.275997 -0.778000 0.200001
v -14.903997 -0.778000 0.200001
v -9.223997 1.690000 0.200001
v -9.423997 1.570000 0.200001
v -9.393114 1.485030 0.200001
v -9.360607 1.396574 0.200001
v -9.326684 1.305312 0.200001
v -9.291553 1.211926 0.200001
v -9.255421 1.117095 0.200001
v -9.218497 1.021500 0.200001
v -9.180990 0.925822 0.200001
v -9.143108 0.830741 0.200001
v -9.105060 0.736937 0.200001
v -9.067053 0.645092 0.200001
v -9.029296 0.555886 0.200001
v -8.991998 0.470000 0.200001
v -9.065331 0.391905 0.200001
v -9.129664 0.315574 0.200001
v -9.185497 0.240937 0.200001
v -9.233331 0.167926 0.200001
v -9.273664 0.096470 0.200001
v -9.306998 0.026500 0.200001
v -9.333832 -0.042053 0.200001
v -9.354665 -0.109259 0.200001
v -9.369998 -0.175188 0.200001
v -9.380331 -0.239908 0.200001
v -9.386165 -0.303489 0.200001
v -9.387998 -0.366000 0.200001
v -9.386986 -0.418898 0.200001
v -9.383888 -0.469519 0.200001
v -9.378624 -0.517750 0.200001
v -9.371110 -0.563482 0.200001
v -9.361262 -0.606602 0.200001
v -9.348998 -0.647000 0.200001
v -9.334234 -0.684565 0.200001
v -9.316887 -0.719185 0.200001
v -9.296873 -0.750750 0.200001
v -9.274109 -0.779148 0.200001
v -9.248511 -0.804269 0.200001
v -9.219997 -0.826000 0.200001
v -9.205511 -0.835667 0.200001
v -9.190108 -0.844667 0.200001
v -9.173872 -0.853000 0.200001
v -9.156886 -0.860667 0.200001
v -9.139234 -0.867667 0.200001
v -9.120997 -0.874000 0.200001
v -9.102262 -0.879667 0.200001
v -9.083109 -0.884667 0.200001
v -9.063622 -0.889000 0.200001
v -9.043886 -0.892667 0.200001
v -9.023983 -0.895667 0.200001
v -9.003997 -0.898000 0.200001
v -8.981593 -0.899912 0.200001
v -8.958441 -0.901630 0.200001
v -8.934622 -0.903125 0.200001
v -8.910219 -0.904370 0.200001
v -8.885317 -0.905338 0.200001
v -8.859998 -0.906000 0.200001
v -8.834345 -0.906329 0.200001
v -8.808442 -0.906296 0.200001
v -8.782372 -0.905875 0.200001
v -8.756220 -0.905037 0.200001
v -8.730067 -0.903755 0.200001
v -8.703998 -0.902000 0.200001
v -8.703421 -0.882213 0.200001
v -8.701719 -0.861037 0.200001
v -8.698935 -0.838750 0.200001
v -8.695108 -0.815630 0.200001
v -8.690282 -0.791954 0.200001
v -8.684497 -0.768000 0.200001
v -8.677795 -0.744046 0.200001
v -8.670219 -0.720371 0.200001
v -8.661810 -0.697250 0.200001
v -8.652609 -0.674963 0.200001
v -8.642657 -0.653787 0.200001
v -8.631997 -0.634000 0.200001
v -8.656819 -0.635914 0.200001
v -8.681238 -0.637648 0.200001
v -8.705185 -0.639188 0.200001
v -8.728590 -0.640519 0.200001
v -8.751384 -0.641627 0.200001
v -8.773498 -0.642500 0.200001
v -8.794861 -0.643123 0.200001
v -8.815405 -0.643482 0.200001
v -8.835060 -0.643563 0.200001
v -8.853757 -0.643352 0.200001
v -8.871426 -0.642836 0.200001
v -8.887998 -0.642000 0.200001
v -8.901751 -0.640908 0.200001
v -8.915033 -0.639593 0.200001
v -8.927872 -0.638000 0.200001
v -8.940293 -0.636074 0.200001
v -8.952326 -0.633759 0.200001
v -8.963997 -0.631000 0.200001
v -8.975335 -0.627741 0.200001
v -8.986367 -0.623926 0.200001
v -8.997122 -0.619500 0.200001
v -9.007627 -0.614407 0.200001
v -9.017909 -0.608593 0.200001
v -9.027997 -0.602000 0.200001
v -9.044013 -0.589852 0.200001
v -9.058126 -0.575482 0.200001
v -9.070435 -0.559000 0.200001
v -9.081034 -0.540519 0.200001
v -9.090022 -0.520148 0.200001
v -9.097497 -0.498000 0.200001
v -9.103555 -0.474185 0.200001
v -9.108294 -0.448815 0.200001
v -9.111810 -0.422000 0.200001
v -9.114201 -0.393852 0.200001
v -9.115564 -0.364482 0.200001
v -9.115997 -0.334000 0.200001
v -9.114008 -0.280084 0.200001
v -9.107756 -0.224334 0.200001
v -9.096809 -0.166750 0.200001
v -9.080738 -0.107334 0.200001
v -9.059111 -0.046084 0.200001
v -9.031497 0.017000 0.200001
v -8.997467 0.081916 0.200001
v -8.956590 0.148666 0.200001
v -8.908435 0.217250 0.200001
v -8.852571 0.287666 0.200001
v -8.788569 0.359917 0.200001
v -8.715998 0.434000 0.200001
v -8.747980 0.511562 0.200001
v -8.779850 0.591833 0.200001
v -8.811498 0.674187 0.200001
v -8.842813 0.758000 0.200001
v -8.873683 0.842646 0.200001
v -8.903997 0.927500 0.200001
v -8.933645 1.011937 0.200001
v -8.962516 1.095333 0.200001
v -8.990498 1.177062 0.200001
v -9.017479 1.256500 0.200001
v -9.043349 1.333021 0.200001
v -9.067997 1.406000 0.200001
v -8.511997 1.406000 0.200001
v -8.511997 -1.830000 0.200001
v -8.243998 -1.830000 0.200001
v -8.243998 1.678000 0.200001
v -9.179997 1.678000 0.200001
v -10.395997 0.634000 0.200001
v -9.763997 0.634000 0.200001
v -9.763997 0.854000 0.200001
v -9.734916 0.834169 0.200001
v -9.705682 0.814685 0.200001
v -9.676309 0.795562 0.200001
v -9.646811 0.776815 0.200001
v -9.617202 0.758456 0.200001
v -9.587496 0.740500 0.200001
v -9.557707 0.722960 0.200001
v -9.527848 0.705852 0.200001
v -9.497934 0.689187 0.200001
v -9.467978 0.672981 0.200001
v -9.437995 0.657248 0.200001
v -9.407997 0.642000 0.200001
v -9.399356 0.660704 0.200001
v -9.389534 0.680630 0.200001
v -9.378684 0.701500 0.200001
v -9.366960 0.723037 0.200001
v -9.354513 0.744963 0.200001
v -9.341497 0.767000 0.200001
v -9.328065 0.788870 0.200001
v -9.314368 0.810296 0.200001
v -9.300560 0.831000 0.200001
v -9.286794 0.850704 0.200001
v -9.273222 0.869129 0.200001
v -9.259997 0.886000 0.200001
v -9.374620 0.942625 0.200001
v -9.487979 1.006000 0.200001
v -9.599310 1.075375 0.200001
v -9.707850 1.150000 0.200001
v -9.812833 1.229125 0.200001
v -9.913497 1.312000 0.200001
v -10.009078 1.397875 0.200001
v -10.098812 1.486000 0.200001
v -10.181935 1.575625 0.200001
v -10.257683 1.666000 0.200001
v -10.325292 1.756375 0.200001
v -10.383998 1.846000 0.200001
v -10.659997 1.846000 0.200001
v -10.735461 1.749831 0.200001
v -10.817369 1.655648 0.200001
v -10.904998 1.563938 0.200001
v -10.997627 1.475185 0.200001
v -11.094535 1.389877 0.200001
v -11.194998 1.308500 0.200001
v -11.298294 1.231539 0.200001
v -11.403702 1.159481 0.200001
v -11.510498 1.092812 0.200001
v -11.617961 1.032018 0.200001
v -11.725368 0.977585 0.200001
v -11.831998 0.930000 0.200001
v -11.817928 0.912206 0.200001
v -11.803776 0.892981 0.200001
v -11.789623 0.872562 0.200001
v -11.775554 0.851185 0.200001
v -11.761651 0.829085 0.200001
v -11.747998 0.806500 0.200001
v -11.734679 0.783664 0.200001
v -11.721776 0.760815 0.200001
v -11.709373 0.738187 0.200001
v -11.697554 0.716018 0.200001
v -11.686400 0.694544 0.200001
v -11.675998 0.674000 0.200001
v -11.648915 0.687247 0.200001
v -11.621681 0.700981 0.200001
v -11.594309 0.715187 0.200001
v -11.566812 0.729852 0.200001
v -11.539203 0.744960 0.200001
v -11.511497 0.760500 0.200001
v -11.483707 0.776456 0.200001
v -11.455849 0.792815 0.200001
v -11.427935 0.809562 0.200001
v -11.399979 0.826685 0.200001
v -11.371995 0.844169 0.200001
v -11.343997 0.862000 0.200001
v -11.343997 0.634000 0.200001
v -10.671997 0.634000 0.200001
v -10.671997 0.286000 0.200001
v -11.579997 0.286000 0.200001
v -11.579997 -0.742000 0.200001
v -10.775997 -0.742000 0.200001
v -10.836104 -0.859979 0.200001
v -10.900517 -0.966500 0.200001
v -10.969373 -1.062438 0.200001
v -11.042812 -1.148667 0.200001
v -11.120975 -1.226063 0.200001
v -11.203998 -1.295500 0.200001
v -11.292021 -1.357854 0.200001
v -11.385182 -1.414000 0.200001
v -11.483623 -1.464813 0.200001
v -11.587479 -1.511167 0.200001
v -11.696891 -1.553938 0.200001
v -11.811997 -1.594000 0.200001
v -11.793941 -1.610725 0.200001
v -11.775886 -1.628796 0.200001
v -11.757997 -1.648063 0.200001
v -11.740441 -1.668370 0.200001
v -11.723386 -1.689567 0.200001
v -11.706997 -1.711500 0.200001
v -11.691442 -1.734016 0.200001
v -11.676886 -1.756963 0.200001
v -11.663497 -1.780188 0.200001
v -11.651442 -1.803537 0.200001
v -11.640886 -1.826859 0.200001
v -11.631997 -1.850000 0.200001
v -11.514891 -1.802790 0.200001
v -11.403479 -1.752648 0.200001
v -11.297622 -1.698813 0.200001
v -11.197182 -1.640519 0.200001
v -11.102019 -1.577003 0.200001
v -11.011996 -1.507500 0.200001
v -10.926973 -1.431248 0.200001
v -10.846811 -1.347482 0.200001
v -10.771372 -1.255438 0.200001
v -10.700516 -1.154352 0.200001
v -10.634104 -1.043461 0.200001
v -10.571998 -0.922000 0.200001
v -10.532048 -1.012370 0.200001
v -10.483738 -1.101296 0.200001
v -10.426373 -1.188500 0.200001
v -10.359257 -1.273704 0.200001
v -10.281696 -1.356630 0.200001
v -10.192997 -1.437000 0.200001
v -10.092464 -1.514537 0.200001
v -9.979404 -1.588963 0.200001
v -9.853122 -1.660000 0.200001
v -9.712923 -1.727371 0.200001
v -9.558113 -1.790796 0.200001
v -9.387998 -1.850000 0.200001
v -9.379959 -1.832986 0.200001
v -9.370017 -1.814222 0.200001
v -9.358436 -1.794125 0.200001
v -9.345480 -1.773111 0.200001
v -9.331412 -1.751597 0.200001
v -9.316498 -1.730000 0.200001
v -9.301000 -1.708736 0.200001
v -9.285182 -1.688222 0.200001
v -9.269309 -1.668875 0.200001
v -9.253645 -1.651111 0.200001
v -9.238453 -1.635347 0.200001
v -9.223997 -1.622000 0.200001
v -9.397740 -1.563282 0.200001
v -9.553609 -1.501259 0.200001
v -9.692560 -1.436125 0.200001
v -9.815554 -1.368074 0.200001
v -9.923547 -1.297301 0.200001
v -10.017498 -1.224000 0.200001
v -10.098366 -1.148366 0.200001
v -10.167109 -1.070593 0.200001
v -10.224685 -0.990875 0.200001
v -10.272053 -0.909408 0.200001
v -10.310171 -0.826384 0.200001
v -10.339997 -0.742000 0.200001
v -9.523997 -0.742000 0.200001
v -9.523997 0.286000 0.200001
v -10.395997 0.286000 0.200001
v -11.303997 0.890000 0.200001
v -11.229377 0.941048 0.200001
v -11.155701 0.994055 0.200001
v -11.083247 1.048812 0.200001
v -11.012294 1.105111 0.200001
v -10.943118 1.162743 0.200001
v -10.875998 1.221500 0.200001
v -10.811211 1.281173 0.200001
v -10.749035 1.341555 0.200001
v -10.689748 1.402437 0.200001
v -10.633628 1.463611 0.200001
v -10.580952 1.524868 0.200001
v -10.531998 1.586000 0.200001
v -10.489953 1.527618 0.200001
v -10.443962 1.468611 0.200001
v -10.394249 1.409187 0.200001
v -10.341036 1.349555 0.200001
v -10.284545 1.289923 0.200001
v -10.224998 1.230500 0.200001
v -10.162619 1.171493 0.200001
v -10.097628 1.113111 0.200001
v -10.030248 1.055562 0.200001
v -9.960701 0.999055 0.200001
v -9.889210 0.943798 0.200001
v -9.815997 0.890000 0.200001
v -10.387998 -0.494000 0.200001
v -10.388995 -0.478000 0.200001
v -10.389979 -0.462000 0.200001
v -10.390935 -0.446000 0.200001
v -10.391850 -0.430000 0.200001
v -10.392708 -0.414000 0.200001
v -10.393497 -0.398000 0.200001
v -10.394203 -0.382000 0.200001
v -10.394812 -0.366000 0.200001
v -10.395309 -0.350000 0.200001
v -10.395682 -0.334000 0.200001
v -10.395916 -0.318000 0.200001
v -10.395997 -0.302000 0.200001
v -10.395997 0.042000 0.200001
v -9.791997 0.042000 0.200001
v -9.791997 -0.494000 0.200001
v -10.663998 -0.494000 0.200001
v -11.303997 -0.494000 0.200001
v -11.303997 0.042000 0.200001
v -10.671997 0.042000 0.200001
v -10.671997 -0.310000 0.200001
v -6.863998 -0.898000 0.200001
v -6.863998 -0.606000 0.200001
v -4.971998 -0.606000 0.200000
v -4.971998 -0.898000 0.200000
v -6.863998 -0.098000 0.200001
v -4.971998 -0.098000 0.200000
v -4.971998 -0.386000 0.200000
v -6.863998 -0.386000 0.200001
v -6.863998 -1.414000 0.200001
v -6.863998 -1.114000 0.200001
v -4.971998 -1.114000 0.200000
v -4.971998 -1.414000 0.200000
v -7.163998 -1.806000 0.200001
v -6.863998 -1.806000 0.200001
v -6.863998 -1.646000 0.200001
v -4.971998 -1.646000 0.200000
v -4.971998 -1.818000 0.200001
v -4.683998 -1.818000 0.200000
v -4.683998 0.130000 0.200000
v -7.163998 0.130000 0.200001
v -7.427998 0.314000 0.200001
v -7.127998 0.314000 0.200001
v -7.127998 1.434000 0.200001
v -4.687998 1.434000 0.200000
v -4.687998 0.306000 0.200000
v -4.395998 0.306000 0.200000
v -4.395998 1.662000 0.200000
v -7.427998 1.662000 0.200001
v -6.895998 0.946000 0.200001
v -4.939998 0.946000 0.200000
v -4.939998 1.166000 0.200000
v -6.895998 1.166000 0.200001
v -6.895998 0.438000 0.200001
v -4.943998 0.438000 0.200000
v -4.943998 0.658000 0.200000
v -6.895998 0.658000 0.200001
v -0.588667 -0.358199 0.200000
v -0.602017 -0.466926 0.200000
v -0.623061 -0.564375 0.200000
v -0.650813 -0.650741 0.200000
v -0.684288 -0.726218 0.200000
v -0.722498 -0.791000 0.200000
v -0.764459 -0.845283 0.200000
v -0.809183 -0.889259 0.200000
v -0.855686 -0.923125 0.200000
v -0.902980 -0.947074 0.200000
v -0.950079 -0.961301 0.200000
v -0.995998 -0.966000 0.200000
v -1.043480 -0.960336 0.200000
v -1.091850 -0.943019 0.200000
v -1.140998 -0.913563 0.200000
v -1.190813 -0.871482 0.200000
v -1.241183 -0.816290 0.200000
v -1.291998 -0.747500 0.200000
v -1.343146 -0.664627 0.200000
v -1.394517 -0.567185 0.200000
v -1.445998 -0.454688 0.200000
v -1.497480 -0.326648 0.200000
v -1.548850 -0.182581 0.200000
v -1.599998 -0.022000 0.200000
v -1.624572 0.061965 0.200000
v -1.648257 0.147722 0.200000
v -1.670998 0.235062 0.200000
v -1.692739 0.323778 0.200000
v -1.713424 0.413660 0.200000
v -1.732998 0.504500 0.200000
v -1.751406 0.596090 0.200000
v -1.768591 0.688222 0.200000
v -1.784498 0.780687 0.200000
v -1.799072 0.873278 0.200000
v -1.812257 0.965784 0.200000
v -1.823998 1.058000 0.200000
v -1.638267 1.022722 0.200000
v -1.465479 0.966444 0.200000
v -1.306248 0.891500 0.200000
v -1.161183 0.800222 0.200000
v -1.030896 0.694944 0.200000
v -0.915998 0.578000 0.200000
v -0.817100 0.451722 0.200000
v -0.734813 0.318444 0.200000
v -0.669748 0.180500 0.200000
v -0.622517 0.040222 0.200000
v -0.593730 -0.100056 0.200000
v -0.583998 -0.238000 0.200000
v -1.853507 -0.287574 0.200000
v -1.788072 -0.468259 0.200000
v -1.719748 -0.632000 0.200000
v -1.648591 -0.778741 0.200000
v -1.574656 -0.908426 0.200000
v -1.497998 -1.021000 0.200000
v -1.418674 -1.116408 0.200000
v -1.336739 -1.194593 0.200000
v -1.252248 -1.255500 0.200000
v -1.165257 -1.299074 0.200000
v -1.075822 -1.325259 0.200000
v -0.983998 -1.334000 0.200000
v -0.895204 -1.325590 0.200000
v -0.807646 -1.300722 0.200000
v -0.722561 -1.259938 0.200000
v -0.641183 -1.203778 0.200000
v -0.564750 -1.132785 0.200000
v -0.494498 -1.047500 0.200000
v -0.431662 -0.948465 0.200000
v -0.377480 -0.836222 0.200000
v -0.333186 -0.711313 0.200000
v -0.300017 -0.574278 0.200000
v -0.279209 -0.425660 0.200000
v -0.271998 -0.266000 0.200000
v -0.287753 -0.051628 0.200000
v -0.333702 0.155981 0.200000
v -0.407873 0.354562 0.200000
v -0.508295 0.541851 0.200000
v -0.632994 0.715585 0.200000
v -0.779998 0.873500 0.200000
v -0.947336 1.013331 0.200000
v -1.133035 1.132815 0.200000
v -1.335123 1.229687 0.200000
v -1.551628 1.301685 0.200000
v -1.780577 1.346544 0.200000
v -2.019998 1.362000 0.200000
v -2.246766 1.348544 0.200000
v -2.458479 1.309352 0.200000
v -2.654248 1.246188 0.200000
v -2.833183 1.160815 0.200000
v -2.994396 1.054998 0.200000
v -3.136998 0.930500 0.200000
v -3.260100 0.789086 0.200000
v -3.362813 0.632518 0.200000
v -3.444248 0.462562 0.200000
v -3.503517 0.280981 0.200000
v -3.539730 0.089539 0.200000
v -3.551998 -0.110000 0.200000
v -3.540588 -0.314076 0.200000
v -3.506720 -0.505945 0.200000
v -3.450936 -0.685063 0.200000
v -3.373776 -0.850889 0.200000
v -3.275783 -1.002882 0.200000
v -3.157498 -1.140500 0.200000
v -3.019463 -1.263201 0.200000
v -2.862220 -1.370445 0.200000
v -2.686311 -1.461688 0.200000
v -2.492276 -1.536389 0.200000
v -2.280658 -1.594007 0.200000
v -2.051998 -1.634000 0.200000
v -1.863998 -1.338000 0.200000
v -1.895898 -1.334838 0.200000
v -1.927535 -1.331370 0.200000
v -1.958810 -1.327625 0.200000
v -1.989628 -1.323630 0.200000
v -2.019889 -1.319412 0.200000
v -2.049498 -1.315000 0.200000
v -2.078357 -1.310421 0.200000
v -2.106368 -1.305704 0.200000
v -2.133435 -1.300875 0.200000
v -2.159461 -1.295963 0.200000
v -2.184348 -1.290995 0.200000
v -2.207998 -1.286000 0.200000
v -2.335545 -1.251472 0.200000
v -2.461035 -1.205778 0.200000
v -2.582748 -1.148750 0.200000
v -2.698961 -1.080222 0.200000
v -2.807952 -1.000028 0.200000
v -2.907998 -0.908000 0.200000
v -2.997378 -0.803972 0.200000
v -3.074369 -0.687778 0.200000
v -3.137248 -0.559250 0.200000
v -3.184294 -0.418222 0.200000
v -3.213785 -0.264528 0.200000
v -3.223998 -0.098000 0.200000
v -3.215971 0.050639 0.200000
v -3.192109 0.193778 0.200000
v -3.152748 0.330250 0.200000
v -3.098221 0.458889 0.200000
v -3.028859 0.578528 0.200000
v -2.944998 0.688000 0.200000
v -2.846971 0.786139 0.200000
v -2.735109 0.871778 0.200000
v -2.609748 0.943750 0.200000
v -2.471220 1.000889 0.200000
v -2.319859 1.042028 0.200000
v -2.155998 1.066000 0.200000
v -2.142491 0.971372 0.200000
v -2.127942 0.875648 0.200000
v -2.112310 0.779062 0.200000
v -2.095553 0.681852 0.200000
v -2.077630 0.584252 0.200000
v -2.058498 0.486500 0.200000
v -2.038116 0.388831 0.200000
v -2.016442 0.291481 0.200000
v -1.993436 0.194687 0.200000
v -1.969054 0.098685 0.200000
v -1.943255 0.003710 0.200000
v -1.915998 -0.090000 0.200000
v 1.917011 1.799844 0.200000
v 1.918076 1.759425 0.200000
v 1.919252 1.716812 0.200000
v 1.920594 1.672074 0.200000
v 1.922159 1.625280 0.200000
v 1.924002 1.576500 0.200000
v 1.926178 1.525803 0.200000
v 1.928742 1.473259 0.200000
v 1.931752 1.418937 0.200000
v 1.935261 1.362907 0.200000
v 1.939326 1.305238 0.200000
v 1.944002 1.246000 0.200000
v 1.924518 1.102377 0.200000
v 1.893798 0.916685 0.200000
v 1.848439 0.696687 0.200000
v 1.785039 0.450148 0.200000
v 1.700194 0.184831 0.200000
v 1.590502 -0.091500 0.200000
v 1.452560 -0.371081 0.200000
v 1.282965 -0.646148 0.200000
v 1.078314 -0.908938 0.200000
v 0.835205 -1.151685 0.200000
v 0.550236 -1.366627 0.200000
v 0.220002 -1.546000 0.200000
v 0.241060 -1.562799 0.200000
v 0.262131 -1.581056 0.200000
v 0.283064 -1.600563 0.200000
v 0.303705 -1.621111 0.200000
v 0.323902 -1.642493 0.200000
v 0.343502 -1.664500 0.200000
v 0.362351 -1.686924 0.200000
v 0.380298 -1.709556 0.200000
v 0.397189 -1.732188 0.200000
v 0.412872 -1.754611 0.200000
v 0.427194 -1.776618 0.200000
v 0.440002 -1.798000 0.200000
v 0.679280 -1.669688 0.200000
v 0.895891 -1.522500 0.200000
v 1.091002 -1.359063 0.200000
v 1.265779 -1.182000 0.200000
v 1.421391 -0.993938 0.200000
v 1.559002 -0.797500 0.200000
v 1.679779 -0.595313 0.200000
v 1.784891 -0.390000 0.200000
v 1.875502 -0.184188 0.200000
v 1.952779 0.019500 0.200000
v 2.017890 0.218437 0.200000
v 2.072001 0.410000 0.200000
v 2.124104 0.207352 0.200000
v 2.187150 0.002481 0.200000
v 2.262252 -0.203000 0.200000
v 2.350520 -0.407482 0.200000
v 2.453066 -0.609352 0.200000
v 2.571002 -0.807000 0.200000
v 2.705437 -0.998815 0.200000
v 2.857483 -1.183185 0.200000
v 3.028252 -1.358500 0.200000
v 3.218853 -1.523148 0.200000
v 3.430400 -1.675519 0.200000
v 3.664002 -1.814000 0.200000
v 3.678810 -1.794614 0.200000
v 3.695132 -1.774574 0.200000
v 3.712814 -1.754063 0.200000
v 3.731705 -1.733260 0.200000
v 3.751652 -1.712345 0.200000
v 3.772502 -1.691500 0.200000
v 3.794101 -1.670905 0.200000
v 3.816298 -1.650741 0.200000
v 3.838939 -1.631188 0.200000
v 3.861872 -1.612426 0.200000
v 3.884944 -1.594637 0.200000
v 3.908002 -1.578000 0.200000
v 3.525252 -1.345253 0.200000
v 3.207002 -1.074685 0.200000
v 2.947252 -0.774813 0.200000
v 2.740002 -0.454148 0.200000
v 2.579252 -0.121206 0.200000
v 2.459002 0.215500 0.200000
v 2.373252 0.547456 0.200000
v 2.316002 0.866148 0.200000
v 2.281252 1.163062 0.200000
v 2.263002 1.429685 0.200000
v 2.255252 1.657502 0.200000
v 2.252002 1.838000 0.200000
v 1.916002 1.838000 0.200000
v 4.240001 -0.114000 0.200000
v 7.904001 -0.114000 0.199999
v 7.904001 0.214000 0.199999
v 4.240001 0.214000 0.200000
v 9.228001 1.130000 0.199999
v 9.346168 1.138053 0.199999
v 9.477001 1.148092 0.199999
v 9.618001 1.159937 0.199999
v 9.766667 1.173407 0.199999
v 9.920501 1.188321 0.199999
v 10.077001 1.204500 0.199999
v 10.233667 1.221761 0.199999
v 10.388000 1.239926 0.199999
v 10.537500 1.258812 0.199999
v 10.679667 1.278240 0.199999
v 10.812001 1.298030 0.199999
v 10.932001 1.318000 0.199999
v 10.880001 1.622000 0.199999
v 10.761608 1.597449 0.199999
v 10.628520 1.573926 0.199999
v 10.483876 1.551625 0.199999
v 10.330816 1.530741 0.199999
v 10.172479 1.511467 0.199999
v 10.012002 1.494000 0.199999
v 9.852525 1.478532 0.199999
v 9.697186 1.465259 0.199999
v 9.549127 1.454375 0.199999
v 9.411483 1.446074 0.199999
v 9.287395 1.440551 0.199999
v 9.180001 1.438000 0.199999
v 9.998451 0.395363 0.199999
v 10.109611 0.387907 0.199999
v 10.217187 0.376312 0.199999
v 10.320889 0.361259 0.199999
v 10.420424 0.343428 0.199999
v 10.515500 0.323500 0.199999
v 10.605826 0.302155 0.199999
v 10.691112 0.280074 0.199999
v 10.771063 0.257937 0.199999
v 10.845389 0.236426 0.199999
v 10.913799 0.216220 0.199999
v 10.976001 0.198000 0.199999
v 11.006825 0.187921 0.199999
v 11.037277 0.177704 0.199999
v 11.067312 0.167375 0.199999
v 11.096889 0.156963 0.199999
v 11.125965 0.146495 0.199999
v 11.154500 0.136000 0.199999
v 11.182451 0.125504 0.199999
v 11.209778 0.115037 0.199999
v 11.236438 0.104625 0.199999
v 11.262389 0.094296 0.199999
v 11.287591 0.084079 0.199999
v 11.312001 0.074000 0.199999
v 11.416001 0.446000 0.199999
v 11.387524 0.448326 0.199999
v 11.358186 0.451278 0.199999
v 11.328126 0.454812 0.199999
v 11.297482 0.458889 0.199999
v 11.266395 0.463465 0.199999
v 11.235002 0.468500 0.199999
v 11.203442 0.473951 0.199999
v 11.171854 0.479778 0.199999
v 11.140377 0.485937 0.199999
v 11.109150 0.492389 0.199999
v 11.078312 0.499090 0.199999
v 11.048001 0.506000 0.199999
v 10.974434 0.523222 0.199999
v 10.894131 0.542444 0.199999
v 10.807689 0.563000 0.199999
v 10.715705 0.584222 0.199999
v 10.618776 0.605444 0.199999
v 10.517501 0.626000 0.199999
v 10.412476 0.645222 0.199999
v 10.304297 0.662444 0.199999
v 10.193563 0.677000 0.199999
v 10.080872 0.688222 0.199999
v 9.966818 0.695444 0.199999
v 9.852000 0.698000 0.199999
v 9.713162 0.691451 0.199999
v 9.581297 0.671944 0.199999
v 9.457376 0.639687 0.199999
v 9.342371 0.594889 0.199999
v 9.237255 0.537757 0.199999
v 9.143001 0.468500 0.199999
v 9.060579 0.387326 0.199999
v 8.990964 0.294444 0.199999
v 8.935126 0.190062 0.199999
v 8.894038 0.074389 0.199999
v 8.868672 -0.052368 0.199999
v 8.860001 -0.190000 0.199999
v 8.875948 -0.399111 0.199999
v 8.922575 -0.592556 0.199999
v 8.998063 -0.770500 0.199999
v 9.100594 -0.933111 0.199999
v 9.228346 -1.080556 0.199999
v 9.379501 -1.213000 0.199999
v 9.552239 -1.330611 0.199999
v 9.744741 -1.433556 0.199999
v 9.955188 -1.522000 0.199999
v 10.181760 -1.596111 0.199999
v 10.422637 -1.656056 0.199999
v 10.676001 -1.702000 0.199999
v 10.856001 -1.398000 0.199999
v 10.619231 -1.362461 0.199999
v 10.395835 -1.315685 0.199999
v 10.187189 -1.257438 0.199999
v 9.994668 -1.187482 0.199999
v 9.819647 -1.105581 0.199999
v 9.663501 -1.011500 0.199999
v 9.527605 -0.905002 0.199999
v 9.413334 -0.785852 0.199999
v 9.322063 -0.653813 0.199999
v 9.255168 -0.508648 0.199999
v 9.214022 -0.350123 0.199999
v 9.200001 -0.178000 0.199999
v 9.205591 -0.096083 0.199999
v 9.222056 -0.018667 0.199999
v 9.248939 0.053750 0.199999
v 9.285779 0.120667 0.199999
v 9.332119 0.181583 0.199999
v 9.387501 0.236000 0.199999
v 9.451466 0.283417 0.199999
v 9.523556 0.323333 0.199999
v 9.603312 0.355250 0.199999
v 9.690278 0.378667 0.199999
v 9.783994 0.393083 0.199999
v 9.884001 0.398000 0.199999
v 14.748001 0.670000 0.199999
v 14.821450 0.676574 0.199999
v 14.895594 0.684259 0.199999
v 14.970126 0.693000 0.199999
v 15.044742 0.702740 0.199999
v 15.119135 0.713426 0.199999
v 15.193001 0.725000 0.199999
v 15.266033 0.737407 0.199999
v 15.337927 0.750592 0.199999
v 15.408376 0.764500 0.199999
v 15.477075 0.779074 0.199999
v 15.543718 0.794259 0.199999
v 15.608001 0.810000 0.199999
v 15.592001 1.102000 0.199999
v 15.527478 1.082664 0.199999
v 15.460166 1.064648 0.199999
v 15.390437 1.047937 0.199999
v 15.318666 1.032518 0.199999
v 15.245229 1.018377 0.199999
v 15.170500 1.005500 0.199999
v 15.094854 0.993873 0.199999
v 15.018667 0.983481 0.199999
v 14.942313 0.974312 0.199999
v 14.866167 0.966352 0.199999
v 14.790605 0.959586 0.199999
v 14.716001 0.954000 0.199999
v 14.672001 1.374000 0.199999
v 14.669249 1.406706 0.199999
v 14.666983 1.436981 0.199999
v 14.665189 1.465062 0.199999
v 14.663853 1.491185 0.199999
v 14.662962 1.515585 0.199999
v 14.662501 1.538500 0.199999
v 14.662457 1.560164 0.199999
v 14.662816 1.580815 0.199999
v 14.663564 1.600687 0.199999
v 14.664686 1.620018 0.199999
v 14.666170 1.639044 0.199999
v 14.668001 1.658000 0.199999
v 14.308001 1.634000 0.199999
v 14.314676 1.607483 0.199999
v 14.320741 1.581870 0.199999
v 14.326250 1.557062 0.199999
v 14.331260 1.532963 0.199999
v 14.335825 1.509474 0.199999
v 14.340001 1.486500 0.199999
v 14.343843 1.463942 0.199999
v 14.347408 1.441703 0.199999
v 14.350751 1.419687 0.199999
v 14.353927 1.397796 0.199999
v 14.356992 1.375933 0.199999
v 14.360001 1.354000 0.199999
v 14.416001 0.942000 0.199999
v 14.339754 0.942336 0.199999
v 14.265020 0.943352 0.199999
v 14.191814 0.945062 0.199999
v 14.120150 0.947481 0.199999
v 14.050041 0.950623 0.199999
v 13.981502 0.954500 0.199999
v 13.914545 0.959127 0.199999
v 13.849186 0.964518 0.199999
v 13.785439 0.970687 0.199999
v 13.723316 0.977648 0.199999
v 13.662832 0.985414 0.199999
v 13.604001 0.994000 0.199999
v 13.612000 0.694000 0.199999
v 13.675568 0.688250 0.199999
v 13.738538 0.683000 0.199999
v 13.801313 0.678250 0.199999
v 13.864297 0.674000 0.199999
v 13.927892 0.670250 0.199999
v 13.992500 0.667000 0.199999
v 14.058526 0.664250 0.199999
v 14.126371 0.662000 0.199999
v 14.196439 0.660250 0.199999
v 14.269131 0.659000 0.199999
v 14.344851 0.658250 0.199999
v 14.424001 0.658000 0.199999
v 14.452001 0.658000 0.199999
v 14.540001 -0.066000 0.199999
v 14.464001 -0.066000 0.199999
v 14.395840 -0.065741 0.199999
v 14.327372 -0.064926 0.199999
v 14.258626 -0.063500 0.199999
v 14.189631 -0.061408 0.199999
v 14.120413 -0.058593 0.199999
v 14.051001 -0.055000 0.199999
v 13.981421 -0.050574 0.199999
v 13.911704 -0.045259 0.199999
v 13.841875 -0.039000 0.199999
v 13.771963 -0.031741 0.199999
v 13.701996 -0.023426 0.199999
v 13.632001 -0.014000 0.199999
v 13.640000 -0.318000 0.199999
v 13.705691 -0.324669 0.199999
v 13.770853 -0.330685 0.199999
v 13.835627 -0.336063 0.199999
v 13.900149 -0.340815 0.199999
v 13.964561 -0.344956 0.199999
v 14.029001 -0.348500 0.199999
v 14.093608 -0.351461 0.199999
v 14.158520 -0.353852 0.199999
v 14.223876 -0.355688 0.199999
v 14.289816 -0.356982 0.199999
v 14.356478 -0.357748 0.199999
v 14.424001 -0.358000 0.199999
v 14.568001 -0.358000 0.199999
v 14.571836 -0.397570 0.199999
v 14.575336 -0.436222 0.199999
v 14.578502 -0.473875 0.199999
v 14.581335 -0.510445 0.199999
v 14.583835 -0.545847 0.199999
v 14.586001 -0.580000 0.199999
v 14.587834 -0.612820 0.199999
v 14.589334 -0.644222 0.199999
v 14.590501 -0.674125 0.199999
v 14.591334 -0.702445 0.199999
v 14.591834 -0.729097 0.199999
v 14.592001 -0.754000 0.199999
v 14.587487 -0.847864 0.199999
v 14.573890 -0.935241 0.199999
v 14.551126 -1.015813 0.199999
v 14.519112 -1.089259 0.199999
v 14.477764 -1.155262 0.199999
v 14.427000 -1.213500 0.199999
v 14.366736 -1.263655 0.199999
v 14.296889 -1.305408 0.199999
v 14.217376 -1.338438 0.199999
v 14.128112 -1.362426 0.199999
v 14.029015 -1.377053 0.199999
v 13.920001 -1.382000 0.199999
v 13.772681 -1.376489 0.199999
v 13.635112 -1.360241 0.199999
v 13.507875 -1.333688 0.199999
v 13.391556 -1.297259 0.199999
v 13.286736 -1.251387 0.199999
v 13.194000 -1.196500 0.199999
v 13.113931 -1.133030 0.199999
v 13.047112 -1.061408 0.199999
v 12.994125 -0.982063 0.199999
v 12.955556 -0.895426 0.199999
v 12.931987 -0.801928 0.199999
v 12.924001 -0.702000 0.199999
v 12.927002 -0.634382 0.199999
v 12.936018 -0.565722 0.199999
v 12.951062 -0.496313 0.199999
v 12.972148 -0.426445 0.199999
v 12.999290 -0.356410 0.199999
v 13.032500 -0.286500 0.199999
v 13.071795 -0.217007 0.199999
v 13.117186 -0.148222 0.199999
v 13.168688 -0.080438 0.199999
v 13.226315 -0.013945 0.199999
v 13.290082 0.050965 0.199999
v 13.360001 0.114000 0.199999
v 13.008000 0.186000 0.199999
v 12.941993 0.110528 0.199999
v 12.881945 0.035889 0.199999
v 12.827813 -0.038250 0.199999
v 12.779556 -0.112222 0.199999
v 12.737133 -0.186361 0.199999
v 12.700501 -0.261000 0.199999
v 12.669620 -0.336472 0.199999
v 12.644445 -0.413111 0.199999
v 12.624938 -0.491250 0.199999
v 12.611056 -0.571222 0.199999
v 12.602757 -0.653361 0.199999
v 12.600000 -0.738000 0.199999
v 12.610847 -0.882012 0.199999
v 12.642778 -1.015759 0.199999
v 12.694876 -1.138813 0.199999
v 12.766223 -1.250741 0.199999
v 12.855904 -1.351114 0.199999
v 12.963001 -1.439500 0.199999
v 13.086598 -1.515470 0.199999
v 13.225779 -1.578593 0.199999
v 13.379626 -1.628438 0.199999
v 13.547223 -1.664574 0.199999
v 13.727654 -1.686572 0.199999
v 13.920001 -1.694000 0.199999
v 14.053561 -1.688977 0.199999
v 14.181482 -1.673482 0.199999
v 14.302626 -1.646875 0.199999
v 14.415853 -1.608519 0.199999
v 14.520023 -1.557773 0.199999
v 14.614000 -1.494000 0.199999
v 14.696644 -1.416560 0.199999
v 14.766815 -1.324815 0.199999
v 14.823376 -1.218125 0.199999
v 14.865186 -1.095852 0.199999
v 14.891107 -0.957357 0.199999
v 14.900001 -0.802000 0.199999
v 14.899755 -0.773012 0.199999
v 14.899021 -0.742093 0.199999
v 14.897815 -0.709313 0.199999
v 14.896151 -0.674741 0.199999
v 14.894042 -0.638447 0.199999
v 14.891502 -0.600500 0.199999
v 14.888546 -0.560970 0.199999
v 14.885187 -0.519926 0.199999
v 14.881439 -0.477438 0.199999
v 14.877316 -0.433574 0.199999
v 14.872832 -0.388405 0.199999
v 14.868001 -0.342000 0.199999
v 14.942810 -0.335577 0.199999
v 15.017148 -0.328278 0.199999
v 15.090875 -0.320063 0.199999
v 15.163852 -0.310889 0.199999
v 15.235940 -0.300715 0.199999
v 15.307000 -0.289500 0.199999
v 15.376894 -0.277202 0.199999
v 15.445482 -0.263778 0.199999
v 15.512626 -0.249188 0.199999
v 15.578186 -0.233389 0.199999
v 15.642024 -0.216340 0.199999
v 15.704000 -0.198000 0.199999
v 15.688001 0.110000 0.199999
v 15.621202 0.087905 0.199999
v 15.552945 0.067574 0.199999
v 15.483438 0.048937 0.199999
v 15.412889 0.031926 0.199999
v 15.341508 0.016470 0.199999
v 15.269501 0.002500 0.199999
v 15.197077 -0.010053 0.199999
v 15.124445 -0.021259 0.199999
v 15.051813 -0.031188 0.199999
v 14.979389 -0.039908 0.199999
v 14.907382 -0.047489 0.199999
v 14.836000 -0.054000 0.199999
v 14.748001 0.670000 0.199999
v 14.748001 0.670000 -0.200001
v 14.821450 0.676574 0.199999
v 14.821450 0.676574 -0.200001
v 14.895594 0.684259 0.199999
v 14.895594 0.684259 -0.200001
v 14.970126 0.693000 0.199999
v 14.970126 0.693000 -0.200001
v 15.044742 0.702740 0.199999
v 15.044742 0.702740 -0.200001
v 15.119135 0.713426 0.199999
v 15.119135 0.713426 -0.200001
v 15.193001 0.725000 0.199999
v 15.193001 0.725000 -0.200001
v 15.266033 0.737407 0.199999
v 15.266033 0.737407 -0.200001
v 15.337927 0.750592 0.199999
v 15.337927 0.750592 -0.200001
v 15.408376 0.764500 0.199999
v 15.408376 0.764500 -0.200001
v 15.477075 0.779074 0.199999
v 15.477075 0.779074 -0.200001
v 15.543718 0.794259 0.199999
v 15.543718 0.794259 -0.200001
v 15.608001 0.810000 0.199999
v 15.608001 0.810000 -0.200001
v 15.592001 1.102000 0.199999
v 15.592001 1.102000 -0.200001
v 15.527478 1.082664 0.199999
v 15.527478 1.082664 -0.200001
v 15.460166 1.064648 0.199999
v 15.460166 1.064648 -0.200001
v 15.390437 1.047937 0.199999
v 15.390437 1.047937 -0.200001
v 15.318666 1.032518 0.199999
v 15.318666 1.032518 -0.200001
v 15.245229 1.018377 0.199999
v 15.245229 1.018377 -0.200001
v 15.170500 1.005500 0.199999
v 15.170500 1.005500 -0.200001
v 15.094854 0.993873 0.199999
v 15.094854 0.993873 -0.200001
v 15.018667 0.983481 0.199999
v 15.018667 0.983481 -0.200001
v 14.942313 0.974312 0.199999
v 14.942313 0.974312 -0.200001
v 14.866167 0.966352 0.199999
v 14.866167 0.966352 -0.200001
v 14.790605 0.959586 0.199999
v 14.790605 0.959586 -0.200001
v 14.716001 0.954000 0.199999
v 14.716001 0.954000 -0.200001
v 14.672001 1.374000 0.199999
v 14.672001 1.374000 -0.200001
v 14.669249 1.406706 0.199999
v 14.669249 1.406706 -0.200001
v 14.666983 1.436981 0.199999
v 14.666983 1.436981 -0.200001
v 14.665189 1.465062 0.199999
v 14.665189 1.465062 -0.200001
v 14.663853 1.491185 0.199999
v 14.663853 1.491185 -0.200001
v 14.662962 1.515585 0.199999
v 14.662962 1.515585 -0.200001
v 14.662501 1.538500 0.199999
v 14.662501 1.538500 -0.200001
v 14.662457 1.560164 0.199999
v 14.662457 1.560164 -0.200001
v 14.662816 1.580815 0.199999
v 14.662816 1.580815 -0.200001
v 14.663564 1.600687 0.199999
v 14.663564 1.600687 -0.200001
v 14.664686 1.620018 0.199999
v 14.664686 1.620018 -0.200001
v 14.666170 1.639044 0.199999
v 14.666170 1.639044 -0.200001
v 14.668001 1.658000 0.199999
v 14.668001 1.658000 -0.200001
v 14.308001 1.634000 0.199999
v 14.308001 1.634000 -0.200001
v 14.314676 1.607483 0.199999
v 14.314676 1.607483 -0.200001
v 14.320741 1.581870 0.199999
v 14.320741 1.581870 -0.200001
v 14.326250 1.557062 0.199999
v 14.326250 1.557062 -0.200001
v 14.331260 1.532963 0.199999
v 14.331260 1.532963 -0.200001
v 14.335825 1.509474 0.199999
v 14.335825 1.509474 -0.200001
v 14.340001 1.486500 0.199999
v 14.340001 1.486500 -0.200001
v 14.343843 1.463942 0.199999
v 14.343843 1.463942 -0.200001
v 14.347408 1.441703 0.199999
v 14.347408 1.441703 -0.200001
v 14.350751 1.419687 0.199999
v 14.350751 1.419687 -0.200001
v 14.353927 1.397796 0.199999
v 14.353927 1.397796 -0.200001
v 14.356992 1.375933 0.199999
v 14.356992 1.375933 -0.200001
v 14.360001 1.354000 0.199999
v 14.360001 1.354000 -0.200001
v 14.416001 0.942000 0.199999
v 14.416001 0.942000 -0.200001
v 14.339754 0.942336 0.199999
v 14.339754 0.942336 -0.200001
v 14.265020 0.943352 0.199999
v 14.265020 0.943352 -0.200001
v 14.191814 0.945062 0.199999
v 14.191814 0.945062 -0.200001
v 14.120150 0.947481 0.199999
v 14.120150 0.947481 -0.200001
v 14.050041 0.950623 0.199999
v 14.050041 0.950623 -0.200001
v 13.981502 0.954500 0.199999
v 13.981502 0.954500 -0.200001
v 13.914545 0.959127 0.199999
v 13.914545 0.959127 -0.200001
v 13.849186 0.964518 0.199999
v 13.849186 0.964518 -0.200001
v 13.785439 0.970687 0.199999
v 13.785439 0.970687 -0.200001
v 13.723316 0.977648 0.199999
v 13.723316 0.977648 -0.200001
v 13.662832 0.985414 0.199999
v 13.662832 0.985414 -0.200001
v 13.604001 0.994000 0.199999
v 13.604001 0.994000 -0.200001
v 13.612000 0.694000 0.199999
v 13.612000 0.694000 -0.200001
v 13.675568 0.688250 0.199999
v 13.675568 0.688250 -0.200001
v 13.738538 0.683000 0.199999
v 13.738538 0.683000 -0.200001
v 13.801313 0.678250 0.199999
v 13.801313 0.678250 -0.200001
v 13.864297 0.674000 0.199999
v 13.864297 0.674000 -0.200001
v 13.927892 0.670250 0.199999
v 13.927892 0.670250 -0.200001
v 13.992500 0.667000 0.199999
v 13.992500 0.667000 -0.200001
v 14.058526 0.664250 0.199999
v 14.058526 0.664250 -0.200001
v 14.126371 0.662000 0.199999
v 14.126371 0.662000 -0.200001
v 14.196439 0.660250 0.199999
v 14.196439 0.660250 -0.200001
v 14.269131 0.659000 0.199999
v 14.269131 0.659000 -0.200001
v 14.344851 0.658250 0.199999
v 14.344851 0.658250 -0.200001
v 14.424001 0.658000 0.199999
v 14.424001 0.658000 -0.200001
v 14.452001 0.658000 0.199999
v 14.452001 0.658000 -0.200001
v 14.540001 -0.066000 0.199999
v 14.540001 -0.066000 -0.200001
v 14.464001 -0.066000 0.199999
v 14.464001 -0.066000 -0.200001
v 14.395840 -0.065741 0.199999
v 14.395840 -0.065741 -0.200001
v 14.327372 -0.064926 0.199999
v 14.327372 -0.064926 -0.200001
v 14.258626 -0.063500 0.199999
v 14.258626 -0.063500 -0.200001
v 14.189631 -0.061408 0.199999
v 14.189631 -0.061408 -0.200001
v 14.120413 -0.058593 0.199999
v 14.120413 -0.058593 -0.200001
v 14.051001 -0.055000 0.199999
v 14.051001 -0.055000 -0.200001
v 13.981421 -0.050574 0.199999
v 13.981421 -0.050574 -0.200001
v 13.911704 -0.045259 0.199999
v 13.911704 -0.045259 -0.200001
v 13.841875 -0.039000 0.199999
v 13.841875 -0.039000 -0.200001
v 13.771963 -0.031741 0.199999
v 13.771963 -0.031741 -0.200001
v 13.701996 -0.023426 0.199999
v 13.701996 -0.023426 -0.200001
v 13.632001 -0.014000 0.199999
v 13.632001 -0.014000 -0.200001
v 13.640000 -0.318000 0.199999
v 13.640000 -0.318000 -0.200001
v 13.705691 -0.324669 0.199999
v 13.705691 -0.324669 -0.200001
v 13.770853 -0.330685 0.199999
v 13.770853 -0.330685 -0.200001
v 13.835627 -0.336063 0.199999
v 13.835627 -0.336063 -0.200001
v 13.900149 -0.340815 0.199999
v 13.900149 -0.340815 -0.200001
v 13.964561 -0.344956 0.199999
v 13.964561 -0.344956 -0.200001
v 14.029001 -0.348500 0.199999
v 14.029001 -0.348500 -0.200001
v 14.093608 -0.351461 0.199999
v 14.093608 -0.351461 -0.200001
v 14.158520 -0.353852 0.199999
v 14.158520 -0.353852 -0.200001
v 14.223876 -0.355688 0.199999
v 14.223876 -0.355688 -0.200001
v 14.289816 -0.356982 0.199999
v 14.289816 -0.356982 -0.200001
v 14.356478 -0.357748 0.199999
v 14.356478 -0.357748 -0.200001
v 14.424001 -0.358000 0.199999
v 14.424001 -0.358000 -0.200001
v 14.568001 -0.358000 0.199999
v 14.568001 -0.358000 -0.200001
v 14.571836 -0.397570 0.199999
v 14.571836 -0.397570 -0.200001
v 14.575336 -0.436222 0.199999
v 14.575336 -0.436222 -0.200001
v 14.578502 -0.473875 0.199999
v 14.578502 -0.473875 -0.200001
v 14.581335 -0.510445 0.199999
v 14.581335 -0.510445 -0.200001
v 14.583835 -0.545847 0.199999
v 14.583835 -0.545847 -0.200001
v 14.586001 -0.580000 0.199999
v 14.586001 -0.580000 -0.200001
v 14.587834 -0.612820 0.199999
v 14.587834 -0.612820 -0.200001
v 14.589334 -0.644222 0.199999
v 14.589334 -0.644222 -0.200001
v 14.590501 -0.674125 0.199999
v 14.590501 -0.674125 -0.200001
v 14.591334 -0.702445 0.199999
v 14.591334 -0.702445 -0.200001
v 14.591834 -0.729097 0.199999
v 14.591834 -0.729097 -0.200001
v 14.592001 -0.754000 0.199999
v 14.592001 -0.754000 -0.200001
v 14.587487 -0.847864 0.199999
v 14.587487 -0.847864 -0.200001
v 14.573890 -0.935241 0.199999
v 14.573890 -0.935241 -0.200001
v 14.551126 -1.015813 0.199999
v 14.551126 -1.015813 -0.200001
v 14.519112 -1.089259 0.199999
v 14.519112 -1.089259 -0.200001
v 14.477764 -1.155262 0.199999
v 14.477764 -1.155262 -0.200001
v 14.427000 -1.213500 0.199999
v 14.427000 -1.213500 -0.200001
v 14.366736 -1.263655 0.199999
v 14.366736 -1.263655 -0.200001
v 14.296889 -1.305408 0.199999
v 14.296889 -1.305408 -0.200001
v 14.217376 -1.338438 0.199999
v 14.217376 -1.338438 -0.200001
v 14.128112 -1.362426 0.199999
v 14.128112 -1.362426 -0.200001
v 14.029015 -1.377053 0.199999
v 14.029015 -1.377053 -0.200001
v 13.920001 -1.382000 0.199999
v 13.920001 -1.382000 -0.200001
v 13.772681 -1.376489 0.199999
v 13.772681 -1.376489 -0.200001
v 13.635112 -1.360241 0.199999
v 13.635112 -1.360241 -0.200001
v 13.507875 -1.333688 0.199999
v 13.507875 -1.333688 -0.200001
v 13.391556 -1.297259 0.199999
v 13.391556 -1.297259 -0.200001
v 13.286736 -1.251387 0.199999
v 13.286736 -1.251387 -0.200001
v 13.194000 -1.196500 0.199999
v 13.194000 -1.196500 -0.200001
v 13.113931 -1.133030 0.199999
v 13.113931 -1.133030 -0.200001
v 13.047112 -1.061408 0.199999
v 13.047112 -1.061408 -0.200001
v 12.994125 -0.982063 0.199999
v 12.994125 -0.982063 -0.200001
v 12.955556 -0.895426 0.199999
v 12.955556 -0.895426 -0.200001
v 12.931987 -0.801928 0.199999
v 12.931987 -0.801928 -0.200001
v 12.924001 -0.702000 0.199999
v 12.924001 -0.702000 -0.200001
v 12.927002 -0.634382 0.199999
v 12.927002 -0.634382 -0.200001
v 12.936018 -0.565722 0.199999
v 12.936018 -0.565722 -0.200001
v 12.951062 -0.496313 0.199999
v 12.951062 -0.496313 -0.200001
v 12.972148 -0.426445 0.199999
v 12.972148 -0.426445 -0.200001
v 12.999290 -0.356410 0.199999
v 12.999290 -0.356410 -0.200001
v 13.032500 -0.286500 0.199999
v 13.032500 -0.286500 -0.200001
v 13.071795 -0.217007 0.199999
v 13.071795 -0.217007 -0.200001
v 13.117186 -0.148222 0.199999
v 13.117186 -0.148222 -0.200001
v 13.168688 -0.080438 0.199999
v 13.168688 -0.080438 -0.200001
v 13.226315 -0.013945 0.199999
v 13.226315 -0.013945 -0.200001
v 13.290082 0.050965 0.199999
v 13.290082 0.050965 -0.200001
v 13.360001 0.114000 0.199999
v 13.360001 0.114000 -0.200001
v 13.008000 0.186000 0.199999
v 13.008000 0.186000 -0.200001
v 12.941993 0.110528 0.199999
v 12.941993 0.110528 -0.200001
v 12.881945 0.035889 0.199999
v 12.881945 0.035889 -0.200001
v 12.827813 -0.038250 0.199999
v 12.827813 -0.038250 -0.200001
v 12.779556 -0.112222 0.199999
v 12.779556 -0.112222 -0.200001
v 12.737133 -0.186361 0.199999
v 12.737133 -0.186361 -0.200001
v 12.700501 -0.261000 0.199999
v 12.700501 -0.261000 -0.200001
v 12.669620 -0.336472 0.199999
v 12.669620 -0.336472 -0.200001
v 12.644445 -0.413111 0.199999
v 12.644445 -0.413111 -0.200001
v 12.624938 -0.491250 0.199999
v 12.624938 -0.491250 -0.200001
v 12.611056 -0.571222 0.199999
v 12.611056 -0.571222 -0.200001
v 12.602757 -0.653361 0.199999
v 12.602757 -0.653361 -0.200001
v 12.600000 -0.738000 0.199999
v 12.600000 -0.738000 -0.200001
v 12.610847 -0.882012 0.199999
v 12.610847 -0.882012 -0.200001
v 12.642778 -1.015759 0.199999
v 12.642778 -1.015759 -0.200001
v 12.694876 -1.138813 0.199999
v 12.694876 -1.138813 -0.200001
v 12.766223 -1.250741 0.199999
v 12.766223 -1.250741 -0.200001
v 12.855904 -1.351114 0.199999
v 12.855904 -1.351114 -0.200001
v 12.963001 -1.439500 0.199999
v 12.963001 -1.439500 -0.200001
v 13.086598 -1.515470 0.199999
v 13.086598 -1.515470 -0.200001
v 13.225779 -1.578593 0.199999
v 13.225779 -1.578593 -0.200001
v 13.379626 -1.628438 0.199999
v 13.379626 -1.628438 -0.200001
v 13.547223 -1.664574 0.199999
v 13.547223 -1.664574 -0.200001
v 13.727654 -1.686572 0.199999
v 13.727654 -1.686572 -0.200001
v 13.920001 -1.694000 0.199999
v 13.920001 -1.694000 -0.200001
v 14.053561 -1.688977 0.199999
v 14.053561 -1.688977 -0.200001
v 14.181482 -1.673482 0.199999
v 14.181482 -1.673482 -0.200001
v 14.302626 -1.646875 0.199999
v 14.302626 -1.646875 -0.200001
v 14.415853 -1.608519 0.199999
v 14.415853 -1.608519 -0.200001
v 14.520023 -1.557773 0.199999
v 14.520023 -1.557773 -0.200001
v 14.614000 -1.494000 0.199999
v 14.614000 -1.494000 -0.200001
v 14.696644 -1.416560 0.199999
v 14.696644 -1.416560 -0.200001
v 14.766815 -1.324815 0.199999
v 14.766815 -1.324815 -0.200001
v 14.823376 -1.218125 0.199999
v 14.823376 -1.218125 -0.200001
v 14.865186 -1.095852 0.199999
v 14.865186 -1.095852 -0.200001
v 14.891107 -0.957357 0.199999
v 14.891107 -0.957357 -0.200001
v 14.900001 -0.802000 0.199999
v 14.900001 -0.802000 -0.200001
v 14.899755 -0.773012 0.199999
v 14.899755 -0.773012 -0.200001
v 14.899021 -0.742093 0.199999
v 14.899021 -0.742093 -0.200001
v 14.897815 -0.709313 0.199999
v 14.897815 -0.709313 -0.200001
v 14.896151 -0.674741 0.199999
v 14.896151 -0.674741 -0.200001
v 14.894042 -0.638447 0.199999
v 14.894042 -0.638447 -0.200001
v 14.891502 -0.600500 0.199999
v 14.891502 -0.600500 -0.200001
v 14.888546 -0.560970 0.199999
v 14.888546 -0.560970 -0.200001
v 14.885187 -0.519926 0.199999
v 14.885187 -0.519926 -0.200001
v 14.881439 -0.477438 0.199999
v 14.881439 -0.477438 -0.200001
v 14.877316 -0.433574 0.199999
v 14.877316 -0.433574 -0.200001
v 14.872832 -0.388405 0.199999
v 14.872832 -0.388405 -0.200001
v 14.868001 -0.342000 0.199999
v 14.868001 -0.342000 -0.200001
v 14.942810 -0.335577 0.199999
v 14.942810 -0.335577 -0.200001
v 15.017148 -0.328278 0.199999
v 15.017148 -0.328278 -0.200001
v 15.090875 -0.320063 0.199999
v 15.090875 -0.320063 -0.200001
v 15.163852 -0.310889 0.199999
v 15.163852 -0.310889 -0.200001
v 15.235940 -0.300715 0.199999
v 15.235940 -0.300715 -0.200001
v 15.307000 -0.289500 0.199999
v 15.307000 -0.289500 -0.200001
v 15.376894 -0.277202 0.199999
v 15.376894 -0.277202 -0.200001
v 15.445482 -0.263778 0.199999
v 15.445482 -0.263778 -0.200001
v 15.512626 -0.249188 0.199999
v 15.512626 -0.249188 -0.200001
v 15.578186 -0.233389 0.199999
v 15.578186 -0.233389 -0.200001
v 15.642024 -0.216340 0.199999
v 15.642024 -0.216340 -0.200001
v 15.704000 -0.198000 0.199999
v 15.704000 -0.198000 -0.200001
v 15.688001 0.110000 0.199999
v 15.688001 0.110000 -0.200001
v 15.621202 0.087905 0.199999
v 15.621202 0.087905 -0.200001
v 15.552945 0.067574 0.199999
v 15.552945 0.067574 -0.200001
v 15.483438 0.048937 0.199999
v 15.483438 0.048937 -0.200001
v 15.412889 0.031926 0.199999
v 15.412889 0.031926 -0.200001
v 15.341508 0.016470 0.199999
v 15.341508 0.016470 -0.200001
v 15.269501 0.002500 0.199999
v 15.269501 0.002500 -0.200001
v 15.197077 -0.010053 0.199999
v 15.197077 -0.010053 -0.200001
v 15.124445 -0.021259 0.199999
v 15.124445 -0.021259 -0.200001
v 15.051813 -0.031188 0.199999
v 15.051813 -0.031188 -0.200001
v 14.979389 -0.039908 0.199999
v 14.979389 -0.039908 -0.200001
v 14.907382 -0.047489 0.199999
v 14.907382 -0.047489 -0.200001
v 14.836000 -0.054000 0.199999
v 14.836000 -0.054000 -0.200001
v 9.998451 0.395363 0.199999
v 9.998451 0.395363 -0.200001
v 10.109611 0.387907 0.199999
v 10.109611 0.387907 -0.200001
v 10.217187 0.376312 0.199999
v 10.217187 0.376312 -0.200001
v 10.320889 0.361259 0.199999
v 10.320889 0.361259 -0.200001
v 10.420424 0.343428 0.199999
v 10.420424 0.343428 -0.200001
v 10.515500 0.323500 0.199999
v 10.515500 0.323500 -0.200001
v 10.605826 0.302155 0.199999
v 10.605826 0.302155 -0.200001
v 10.691112 0.280074 0.199999
v 10.691112 0.280074 -0.200001
v 10.771063 0.257937 0.199999
v 10.771063 0.257937 -0.200001
v 10.845389 0.236426 0.199999
v 10.845389 0.236426 -0.200001
v 10.913799 0.216220 0.199999
v 10.913799 0.216220 -0.200001
v 10.976001 0.198000 0.199999
v 10.976001 0.198000 -0.200001
v 11.006825 0.187921 0.199999
v 11.006825 0.187921 -0.200001
v 11.037277 0.177704 0.199999
v 11.037277 0.177704 -0.200001
v 11.067312 0.167375 0.199999
v 11.067312 0.167375 -0.200001
v 11.096889 0.156963 0.199999
v 11.096889 0.156963 -0.200001
v 11.125965 0.146495 0.199999
v 11.125965 0.146495 -0.200001
v 11.154500 0.136000 0.199999
v 11.154500 0.136000 -0.200001
v 11.182451 0.125504 0.199999
v 11.182451 0.125504 -0.200001
v 11.209778 0.115037 0.199999
v 11.209778 0.115037 -0.200001
v 11.236438 0.104625 0.199999
v 11.236438 0.104625 -0.200001
v 11.262389 0.094296 0.199999
v 11.262389 0.094296 -0.200001
v 11.287591 0.084079 0.199999
v 11.287591 0.084079 -0.200001
v 11.312001 0.074000 0.199999
v 11.312001 0.074000 -0.200001
v 11.416001 0.446000 0.199999
v 11.416001 0.446000 -0.200001
v 11.387524 0.448326 0.199999
v 11.387524 0.448326 -0.200001
v 11.358186 0.451278 0.199999
v 11.358186 0.451278 -0.200001
v 11.328126 0.454812 0.199999
v 11.328126 0.454812 -0.200001
v 11.297482 0.458889 0.199999
v 11.297482 0.458889 -0.200001
v 11.266395 0.463465 0.199999
v 11.266395 0.463465 -0.200001
v 11.235002 0.468500 0.199999
v 11.235002 0.468500 -0.200001
v 11.203442 0.473951 0.199999
v 11.203442 0.473951 -0.200001
v 11.171854 0.479778 0.199999
v 11.171854 0.479778 -0.200001
v 11.140377 0.485937 0.199999
v 11.140377 0.485937 -0.200001
v 11.109150 0.492389 0.199999
v 11.109150 0.492389 -0.200001
v 11.078312 0.499090 0.199999
v 11.078312 0.499090 -0.200001
v 11.048001 0.506000 0.199999
v 11.048001 0.506000 -0.200001
v 10.974434 0.523222 0.199999
v 10.974434 0.523222 -0.200001
v 10.894131 0.542444 0.199999
v 10.894131 0.542444 -0.200001
v 10.807689 0.563000 0.199999
v 10.807689 0.563000 -0.200001
v 10.715705 0.584222 0.199999
v 10.715705 0.584222 -0.200001
v 10.618776 0.605444 0.199999
v 10.618776 0.605444 -0.200001
v 10.517501 0.626000 0.199999
v 10.517501 0.626000 -0.200001
v 10.412476 0.645222 0.199999
v 10.412476 0.645222 -0.200001
v 10.304297 0.662444 0.199999
v 10.304297 0.662444 -0.200001
v 10.193563 0.677000 0.199999
v 10.193563 0.677000 -0.200001
v 10.080872 0.688222 0.199999
v 10.080872 0.688222 -0.200001
v 9.966818 0.695444 0.199999
v 9.966818 0.695444 -0.200001
v 9.852000 0.698000 0.199999
v 9.852000 0.698000 -0.200001
v 9.713162 0.691451 0.199999
v 9.713162 0.691451 -0.200001
v 9.581297 0.671944 0.199999
v 9.581297 0.671944 -0.200001
v 9.457376 0.639687 0.199999
v 9.457376 0.639687 -0.200001
v 9.342371 0.594889 0.199999
v 9.342371 0.594889 -0.200001
v 9.237255 0.537757 0.199999
v 9.237255 0.537757 -0.200001
v 9.143001 0.468500 0.199999
v 9.143001 0.468500 -0.200001
v 9.060579 0.387326 0.199999
v 9.060579 0.387326 -0.200001
v 8.990964 0.294444 0.199999
v 8.990964 0.294444 -0.200001
v 8.935126 0.190062 0.199999
v 8.935126 0.190062 -0.200001
v 8.894038 0.074389 0.199999
v 8.894038 0.074389 -0.200001
v 8.868672 -0.052368 0.199999
v 8.868672 -0.052368 -0.200001
v 8.860001 -0.190000 0.199999
v 8.860001 -0.190000 -0.200001
v 8.875948 -0.399111 0.199999
v 8.875948 -0.399111 -0.200001
v 8.922575 -0.592556 0.199999
v 8.922575 -0.592556 -0.200001
v 8.998063 -0.770500 0.199999
v 8.998063 -0.770500 -0.200001
v 9.100594 -0.933111 0.199999
v 9.100594 -0.933111 -0.200001
v 9.228346 -1.080556 0.199999
v 9.228346 -1.080556 -0.200001
v 9.379501 -1.213000 0.199999
v 9.379501 -1.213000 -0.200001
v 9.552239 -1.330611 0.199999
v 9.552239 -1.330611 -0.200001
v 9.744741 -1.433556 0.199999
v 9.744741 -1.433556 -0.200001
v 9.955188 -1.522000 0.199999
v 9.955188 -1.522000 -0.200001
v 10.181760 -1.596111 0.199999
v 10.181760 -1.596111 -0.200001
v 10.422637 -1.656056 0.199999
v 10.422637 -1.656056 -0.200001
v 10.676001 -1.702000 0.199999
v 10.676001 -1.702000 -0.200001
v 10.856001 -1.398000 0.199999
v 10.856001 -1.398000 -0.200001
v 10.619231 -1.362461 0.199999
v 10.619231 -1.362461 -0.200001
v 10.395835 -1.315685 0.199999
v 10.395835 -1.315685 -0.200001
v 10.187189 -1.257438 0.199999
v 10.187189 -1.257438 -0.200001
v 9.994668 -1.187482 0.199999
v 9.994668 -1.187482 -0.200001
v 9.819647 -1.105581 0.199999
v 9.819647 -1.105581 -0.200001
v 9.663501 -1.011500 0.199999
v 9.663501 -1.011500 -0.200001
v 9.527605 -0.905002 0.199999
v 9.527605 -0.905002 -0.200001
v 9.413334 -0.785852 0.199999
v 9.413334 -0.785852 -0.200001
v 9.322063 -0.653813 0.199999
v 9.322063 -0.653813 -0.200001
v 9.255168 -0.508648 0.199999
v 9.255168 -0.508648 -0.200001
v 9.214022 -0.350123 0.199999
v 9.214022 -0.350123 -0.200001
v 9.200001 -0.178000 0.199999
v 9.200001 -0.178000 -0.200001
v 9.205591 -0.096083 0.199999
v 9.205591 -0.096083 -0.200001
v 9.222056 -0.018667 0.199999
v 9.222056 -0.018667 -0.200001
v 9.248939 0.053750 0.199999
v 9.248939 0.053750 -0.200001
v 9.285779 0.120667 0.199999
v 9.285779 0.120667 -0.200001
v 9.332119 0.181583 0.199999
v 9.332119 0.181583 -0.200001
v 9.387501 0.236000 0.199999
v 9.387501 0.236000 -0.200001
v 9.451466 0.283417 0.199999
v 9.451466 0.283417 -0.200001
v 9.523556 0.323333 0.199999
v 9.523556 0.323333 -0.200001
v 9.603312 0.355250 0.199999
v 9.603312 0.355250 -0.200001
v 9.690278 0.378667 0.199999
v 9.690278 0.378667 -0.200001
v 9.783994 0.393083 0.199999
v 9.783994 0.393083 -0.200001
v 9.884001 0.398000 0.199999
v 9.884001 0.398000 -0.200001
v 9.228001 1.130000 0.199999
v 9.228001 1.130000 -0.200001
v 9.346168 1.138053 0.199999
v 9.346168 1.138053 -0.200001
v 9.477001 1.148092 0.199999
v 9.477001 1.148092 -0.200001
v 9.618001 1.159937 0.199999
v 9.618001 1.159937 -0.200001
v 9.766667 1.173407 0.199999
v 9.766667 1.173407 -0.200001
v 9.920501 1.188321 0.199999
v 9.920501 1.188321 -0.200001
v 10.077001 1.204500 0.199999
v 10.077001 1.204500 -0.200001
v 10.233667 1.221761 0.199999
v 10.233667 1.221761 -0.200001
v 10.388000 1.239926 0.199999
v 10.388000 1.239926 -0.200001
v 10.537500 1.258812 0.199999
v 10.537500 1.258812 -0.200001
v 10.679667 1.278240 0.199999
v 10.679667 1.278240 -0.200001
v 10.812001 1.298030 0.199999
v 10.812001 1.298030 -0.200001
v 10.932001 1.318000 0.199999
v 10.932001 1.318000 -0.200001
v 10.880001 1.622000 0.199999
v 10.880001 1.622000 -0.200001
v 10.761608 1.597449 0.199999
v 10.761608 1.597449 -0.200001
v 10.628520 1.573926 0.199999
v 10.628520 1.573926 -0.200001
v 10.483876 1.551625 0.199999
v 10.483876 1.551625 -0.200001
v 10.330816 1.530741 0.199999
v 10.330816 1.530741 -0.200001
v 10.172479 1.511467 0.199999
v 10.172479 1.511467 -0.200001
v 10.012002 1.494000 0.199999
v 10.012002 1.494000 -0.200001
v 9.852525 1.478532 0.199999
v 9.852525 1.478532 -0.200001
v 9.697186 1.465259 0.199999
v 9.697186 1.465259 -0.200001
v 9.549127 1.454375 0.199999
v 9.549127 1.454375 -0.200001
v 9.411483 1.446074 0.199999
v 9.411483 1.446074 -0.200001
v 9.287395 1.440551 0.199999
v 9.287395 1.440551 -0.200001
v 9.180001 1.438000 0.199999
v 9.180001 1.438000 -0.200001
v 4.240001 -0.114000 0.200000
v 4.240001 -0.114000 -0.200000
v 7.904001 -0.114000 0.199999
v 7.904001 -0.114000 -0.200001
v 7.904001 0.214000 0.199999
v 7.904001 0.214000 -0.200001
v 4.240001 0.214000 0.200000
v 4.240001 0.214000 -0.200000
v 1.917011 1.799844 0.200000
v 1.917011 1.799844 -0.200000
v 1.918076 1.759425 0.200000
v 1.918076 1.759425 -0.200000
v 1.919252 1.716812 0.200000
v 1.919252 1.716812 -0.200000
v 1.920594 1.672074 0.200000
v 1.920594 1.672074 -0.200000
v 1.922159 1.625280 0.200000
v 1.922159 1.625280 -0.200000
v 1.924002 1.576500 0.200000
v 1.924002 1.576500 -0.200000
v 1.926178 1.525803 0.200000
v 1.926178 1.525803 -0.200000
v 1.928742 1.473259 0.200000
v 1.928742 1.473259 -0.200000
v 1.931752 1.418937 0.200000
v 1.931752 1.418937 -0.200000
v 1.935261 1.362907 0.200000
v 1.935261 1.362907 -0.200000
v 1.939326 1.305238 0.200000
v 1.939326 1.305238 -0.200000
v 1.944002 1.246000 0.200000
v 1.944002 1.246000 -0.200000
v 1.924518 1.102377 0.200000
v 1.924518 1.102377 -0.200000
v 1.893798 0.916685 0.200000
v 1.893798 0.916685 -0.200000
v 1.848439 0.696687 0.200000
v 1.848439 0.696687 -0.200000
v 1.785039 0.450148 0.200000
v 1.785039 0.450148 -0.200000
v 1.700194 0.184831 0.200000
v 1.700194 0.184831 -0.200000
v 1.590502 -0.091500 0.200000
v 1.590502 -0.091500 -0.200000
v 1.452560 -0.371081 0.200000
v 1.452560 -0.371081 -0.200000
v 1.282965 -0.646148 0.200000
v 1.282965 -0.646148 -0.200000
v 1.078314 -0.908938 0.200000
v 1.078314 -0.908938 -0.200000
v 0.835205 -1.151685 0.200000
v 0.835205 -1.151685 -0.200000
v 0.550236 -1.366627 0.200000
v 0.550236 -1.366627 -0.200000
v 0.220002 -1.546000 0.200000
v 0.220002 -1.546000 -0.200000
v 0.241060 -1.562799 0.200000
v 0.241060 -1.562799 -0.200000
v 0.262131 -1.581056 0.200000
v 0.262131 -1.581056 -0.200000
v 0.283064 -1.600563 0.200000
v 0.283064 -1.600563 -0.200000
v 0.303705 -1.621111 0.200000
v 0.303705 -1.621111 -0.200000
v 0.323902 -1.642493 0.200000
v 0.323902 -1.642493 -0.200000
v 0.343502 -1.664500 0.200000
v 0.343502 -1.664500 -0.200000
v 0.362351 -1.686924 0.200000
v 0.362351 -1.686924 -0.200000
v 0.380298 -1.709556 0.200000
v 0.380298 -1.709556 -0.200000
v 0.397189 -1.732188 0.200000
v 0.397189 -1.732188 -0.200000
v 0.412872 -1.754611 0.200000
v 0.412872 -1.754611 -0.200000
v 0.427194 -1.776618 0.200000
v 0.427194 -1.776618 -0.200000
v 0.440002 -1.798000 0.200000
v 0.440002 -1.798000 -0.200000
v 0.679280 -1.669688 0.200000
v 0.679280 -1.669688 -0.200000
v 0.895891 -1.522500 0.200000
v 0.895891 -1.522500 -0.200000
v 1.091002 -1.359063 0.200000
v 1.091002 -1.359063 -0.200000
v 1.265779 -1.182000 0.200000
v 1.265779 -1.182000 -0.200000
v 1.421391 -0.993938 0.200000
v 1.421391 -0.993938 -0.200000
v 1.559002 -0.797500 0.200000
v 1.559002 -0.797500 -0.200000
v 1.679779 -0.595313 0.200000
v 1.679779 -0.595313 -0.200000
v 1.784891 -0.390000 0.200000
v 1.784891 -0.390000 -0.200000
v 1.875502 -0.184188 0.200000
v 1.875502 -0.184188 -0.200000
v 1.952779 0.019500 0.200000
v 1.952779 0.019500 -0.200000
v 2.017890 0.218437 0.200000
v 2.017890 0.218437 -0.200000
v 2.072001 0.410000 0.200000
v 2.072001 0.410000 -0.200000
v 2.124104 0.207352 0.200000
v 2.124104 0.207352 -0.200000
v 2.187150 0.002481 0.200000
v 2.187150 0.002481 -0.200000
v 2.262252 -0.203000 0.200000
v 2.262252 -0.203000 -0.200000
v 2.350520 -0.407482 0.200000
v 2.350520 -0.407482 -0.200000
v 2.453066 -0.609352 0.200000
v 2.453066 -0.609352 -0.200000
v 2.571002 -0.807000 0.200000
v 2.571002 -0.807000 -0.200000
v 2.705437 -0.998815 0.200000
v 2.705437 -0.998815 -0.200000
v 2.857483 -1.183185 0.200000
v 2.857483 -1.183185 -0.200000
v 3.028252 -1.358500 0.200000
v 3.028252 -1.358500 -0.200000
v 3.218853 -1.523148 0.200000
v 3.218853 -1.523148 -0.200000
v 3.430400 -1.675519 0.200000
v 3.430400 -1.675519 -0.200000
v 3.664002 -1.814000 0.200000
v 3.664002 -1.814000 -0.200000
v 3.678810 -1.794614 0.200000
v 3.678810 -1.794614 -0.200000
v 3.695132 -1.774574 0.200000
v 3.695132 -1.774574 -0.200000
v 3.712814 -1.754063 0.200000
v 3.712814 -1.754063 -0.200000
v 3.731705 -1.733260 0.200000
v 3.731705 -1.733260 -0.200000
v 3.751652 -1.712345 0.200000
v 3.751652 -1.712345 -0.200000
v 3.772502 -1.691500 0.200000
v 3.772502 -1.691500 -0.200000
v 3.794101 -1.670905 0.200000
v 3.794101 -1.670905 -0.200000
v 3.816298 -1.650741 0.200000
v 3.816298 -1.650741 -0.200000
v 3.838939 -1.631188 0.200000
v 3.838939 -1.631188 -0.200000
v 3.861872 -1.612426 0.200000
v 3.861872 -1.612426 -0.200000
v 3.884944 -1.594637 0.200000
v 3.884944 -1.594637 -0.200000
v 3.908002 -1.578000 0.200000
v 3.908002 -1.578000 -0.200000
v 3.525252 -1.345253 0.200000
v 3.525252 -1.345253 -0.200000
v 3.207002 -1.074685 0.200000
v 3.207002 -1.074685 -0.200000
v 2.947252 -0.774813 0.200000
v 2.947252 -0.774813 -0.200000
v 2.740002 -0.454148 0.200000
v 2.740002 -0.454148 -0.200000
v 2.579252 -0.121206 0.200000
v 2.579252 -0.121206 -0.200000
v 2.459002 0.215500 0.200000
v 2.459002 0.215500 -0.200000
v 2.373252 0.547456 0.200000
v 2.373252 0.547456 -0.200000
v 2.316002 0.866148 0.200000
v 2.316002 0.866148 -0.200000
v 2.281252 1.163062 0.200000
v 2.281252 1.163062 -0.200000
v 2.263002 1.429685 0.200000
v 2.263002 1.429685 -0.200000
v 2.255252 1.657502 0.200000
v 2.255252 1.657502 -0.200000
v 2.252002 1.838000 0.200000
v 2.252002 1.838000 -0.200000
v 1.916002 1.838000 0.200000
v 1.916002 1.838000 -0.200000
v -0.588667 -0.358199 0.200000
v -0.588667 -0.358199 -0.200000
v -0.602017 -0.466926 0.200000
v -0.602017 -0.466926 -0.200000
v -0.623061 -0.564375 0.200000
v -0.623061 -0.564375 -0.200000
v -0.650813 -0.650741 0.200000
v -0.650813 -0.650741 -0.200000
v -0.684288 -0.726218 0.200000
v -0.684288 -0.726218 -0.200000
v -0.722498 -0.791000 0.200000
v -0.722498 -0.791000 -0.200000
v -0.764459 -0.845283 0.200000
v -0.764459 -0.845283 -0.200000
v -0.809183 -0.889259 0.200000
v -0.809183 -0.889259 -0.200000
v -0.855686 -0.923125 0.200000
v -0.855686 -0.923125 -0.200000
v -0.902980 -0.947074 0.200000
v -0.902980 -0.947074 -0.200000
v -0.950079 -0.961301 0.200000
v -0.950079 -0.961301 -0.200000
v -0.995998 -0.966000 0.200000
v -0.995998 -0.966000 -0.200000
v -1.043480 -0.960336 0.200000
v -1.043480 -0.960336 -0.200000
v -1.091850 -0.943019 0.200000
v -1.091850 -0.943019 -0.200000
v -1.140998 -0.913563 0.200000
v -1.140998 -0.913563 -0.200000
v -1.190813 -0.871482 0.200000
v -1.190813 -0.871482 -0.200000
v -1.241183 -0.816290 0.200000
v -1.241183 -0.816290 -0.200000
v -1.291998 -0.747500 0.200000
v -1.291998 -0.747500 -0.200000
v -1.343146 -0.664627 0.200000
v -1.343146 -0.664627 -0.200000
v -1.394517 -0.567185 0.200000
v -1.394517 -0.567185 -0.200000
v -1.445998 -0.454688 0.200000
v -1.445998 -0.454688 -0.200000
v -1.497480 -0.326648 0.200000
v -1.497480 -0.326648 -0.200000
v -1.548850 -0.182581 0.200000
v -1.548850 -0.182581 -0.200000
v -1.599998 -0.022000 0.200000
v -1.599998 -0.022000 -0.200000
v -1.624572 0.061965 0.200000
v -1.624572 0.061965 -0.200000
v -1.648257 0.147722 0.200000
v -1.648257 0.147722 -0.200000
v -1.670998 0.235062 0.200000
v -1.670998 0.235062 -0.200000
v -1.692739 0.323778 0.200000
v -1.692739 0.323778 -0.200000
v -1.713424 0.413660 0.200000
v -1.713424 0.413660 -0.200000
v -1.732998 0.504500 0.200000
v -1.732998 0.504500 -0.200000
v -1.751406 0.596090 0.200000
v -1.751406 0.596090 -0.200000
v -1.768591 0.688222 0.200000
v -1.768591 0.688222 -0.200000
v -1.784498 0.780687 0.200000
v -1.784498 0.780687 -0.200000
v -1.799072 0.873278 0.200000
v -1.799072 0.873278 -0.200000
v -1.812257 0.965784 0.200000
v -1.812257 0.965784 -0.200000
v -1.823998 1.058000 0.200000
v -1.823998 1.058000 -0.200000
v -1.638267 1.022722 0.200000
v -1.638267 1.022722 -0.200000
v -1.465479 0.966444 0.200000
v -1.465479 0.966444 -0.200000
v -1.306248 0.891500 0.200000
v -1.306248 0.891500 -0.200000
v -1.161183 0.800222 0.200000
v -1.161183 0.800222 -0.200000
v -1.030896 0.694944 0.200000
v -1.030896 0.694944 -0.200000
v -0.915998 0.578000 0.200000
v -0.915998 0.578000 -0.200000
v -0.817100 0.451722 0.200000
v -0.817100 0.451722 -0.200000
v -0.734813 0.318444 0.200000
v -0.734813 0.318444 -0.200000
v -0.669748 0.180500 0.200000
v -0.669748 0.180500 -0.200000
v -0.622517 0.040222 0.200000
v -0.622517 0.040222 -0.200000
v -0.593730 -0.100056 0.200000
v -0.593730 -0.100056 -0.200000
v -0.583998 -0.238000 0.200000
v -0.583998 -0.238000 -0.200000
v -1.853507 -0.287574 0.200000
v -1.853507 -0.287574 -0.200000
v -1.788072 -0.468259 0.200000
v -1.788072 -0.468259 -0.200000
v -1.719748 -0.632000 0.200000
v -1.719748 -0.632000 -0.200000
v -1.648591 -0.778741 0.200000
v -1.648591 -0.778741 -0.200000
v -1.574656 -0.908426 0.200000
v -1.574656 -0.908426 -0.200000
v -1.497998 -1.021000 0.200000
v -1.497998 -1.021000 -0.200000
v -1.418674 -1.116408 0.200000
v -1.418674 -1.116408 -0.200000
v -1.336739 -1.194593 0.200000
v -1.336739 -1.194593 -0.200000
v -1.252248 -1.255500 0.200000
v -1.252248 -1.255500 -0.200000
v -1.165257 -1.299074 0.200000
v -1.165257 -1.299074 -0.200000
v -1.075822 -1.325259 0.200000
v -1.075822 -1.325259 -0.200000
v -0.983998 -1.334000 0.200000
v -0.983998 -1.334000 -0.200000
v -0.895204 -1.325590 0.200000
v -0.895204 -1.325590 -0.200000
v -0.807646 -1.300722 0.200000
v -0.807646 -1.300722 -0.200000
v -0.722561 -1.259938 0.200000
v -0.722561 -1.259938 -0.200000
v -0.641183 -1.203778 0.200000
v -0.641183 -1.203778 -0.200000
v -0.564750 -1.132785 0.200000
v -0.564750 -1.132785 -0.200000
v -0.494498 -1.047500 0.200000
v -0.494498 -1.047500 -0.200000
v -0.431662 -0.948465 0.200000
v -0.431662 -0.948465 -0.200000
v -0.377480 -0.836222 0.200000
v -0.377480 -0.836222 -0.200000
v -0.333186 -0.711313 0.200000
v -0.333186 -0.711313 -0.200000
v -0.300017 -0.574278 0.200000
v -0.300017 -0.574278 -0.200000
v -0.279209 -0.425660 0.200000
v -0.279209 -0.425660 -0.200000
v -0.271998 -0.266000 0.200000
v -0.271998 -0.266000 -0.200000
v -0.287753 -0.051628 0.200000
v -0.287753 -0.051628 -0.200000
v -0.333702 0.155981 0.200000
v -0.333702 0.155981 -0.200000
v -0.407873 0.354562 0.200000
v -0.407873 0.354562 -0.200000
v -0.508295 0.541851 0.200000
v -0.508295 0.541851 -0.200000
v -0.632994 0.715585 0.200000
v -0.632994 0.715585 -0.200000
v -0.779998 0.873500 0.200000
v -0.779998 0.873500 -0.200000
v -0.947336 1.013331 0.200000
v -0.947336 1.013331 -0.200000
v -1.133035 1.132815 0.200000
v -1.133035 1.132815 -0.200000
v -1.335123 1.229687 0.200000
v -1.335123 1.229687 -0.200000
v -1.551628 1.301685 0.200000
v -1.551628 1.301685 -0.200000
v -1.780577 1.346544 0.200000
v -1.780577 1.346544 -0.200000
v -2.019998 1.362000 0.200000
v -2.019998 1.362000 -0.200000
v -2.246766 1.348544 0.200000
v -2.246766 1.348544 -0.200000
v -2.458479 1.309352 0.200000
v -2.458479 1.309352 -0.200000
v -2.654248 1.246188 0.200000
v -2.654248 1.246188 -0.200000
v -2.833183 1.160815 0.200000
v -2.833183 1.160815 -0.200000
v -2.994396 1.054998 0.200000
v -2.994396 1.054998 -0.200000
v -3.136998 0.930500 0.200000
v -3.136998 0.930500 -0.200000
v -3.260100 0.789086 0.200000
v -3.260100 0.789086 -0.200000
v -3.362813 0.632518 0.200000
v -3.362813 0.632518 -0.200000
v -3.444248 0.462562 0.200000
v -3.444248 0.462562 -0.200000
v -3.503517 0.280981 0.200000
v -3.503517 0.280981 -0.200000
v -3.539730 0.089539 0.200000
v -3.539730 0.089539 -0.200000
v -3.551998 -0.110000 0.200000
v -3.551998 -0.110000 -0.200000
v -3.540588 -0.314076 0.200000
v -3.540588 -0.314076 -0.200000
v -3.506720 -0.505945 0.200000
v -3.506720 -0.505945 -0.200000
v -3.450936 -0.685063 0.200000
v -3.450936 -0.685063 -0.200000
v -3.373776 -0.850889 0.200000
v -3.373776 -0.850889 -0.200000
v -3.275783 -1.002882 0.200000
v -3.275783 -1.002882 -0.200000
v -3.157498 -1.140500 0.200000
v -3.157498 -1.140500 -0.200000
v -3.019463 -1.263201 0.200000
v -3.019463 -1.263201 -0.200000
v -2.862220 -1.370445 0.200000
v -2.862220 -1.370445 -0.200000
v -2.686311 -1.461688 0.200000
v -2.686311 -1.461688 -0.200000
v -2.492276 -1.536389 0.200000
v -2.492276 -1.536389 -0.200000
v -2.280658 -1.594007 0.200000
v -2.280658 -1.594007 -0.200000
v -2.051998 -1.634000 0.200000
v -2.051998 -1.634000 -0.200000
v -1.863998 -1.338000 0.200000
v -1.863998 -1.338000 -0.200000
v -1.895898 -1.334838 0.200000
v -1.895898 -1.334838 -0.200000
v -1.927535 -1.331370 0.200000
v -1.927535 -1.331370 -0.200000
v -1.958810 -1.327625 0.200000
v -1.958810 -1.327625 -0.200000
v -1.989628 -1.323630 0.200000
v -1.989628 -1.323630 -0.200000
v -2.019889 -1.319412 0.200000
v -2.019889 -1.319412 -0.200000
v -2.049498 -1.315000 0.200000
v -2.049498 -1.315000 -0.200000
v -2.078357 -1.310421 0.200000
v -2.078357 -1.310421 -0.200000
v -2.106368 -1.305704 0.200000
v -2.106368 -1.305704 -0.200000
v -2.133435 -1.300875 0.200000
v -2.133435 -1.300875 -0.200000
v -2.159461 -1.295963 0.200000
v -2.159461 -1.295963 -0.200000
v -2.184348 -1.290995 0.200000
v -2.184348 -1.290995 -0.200000
v -2.207998 -1.286000 0.200000
v -2.207998 -1.286000 -0.200000
v -2.335545 -1.251472 0.200000
v -2.335545 -1.251472 -0.200000
v -2.461035 -1.205778 0.200000
v -2.461035 -1.205778 -0.200000
v -2.582748 -1.148750 0.200000
v -2.582748 -1.148750 -0.200000
v -2.698961 -1.080222 0.200000
v -2.698961 -1.080222 -0.200000
v -2.807952 -1.000028 0.200000
v -2.807952 -1.000028 -0.200000
v -2.907998 -0.908000 0.200000
v -2.907998 -0.908000 -0.200000
v -2.997378 -0.803972 0.200000
v -2.997378 -0.803972 -0.200000
v -3.074369 -0.687778 0.200000
v -3.074369 -0.687778 -0.200000
v -3.137248 -0.559250 0.200000
v -3.137248 -0.559250 -0.200000
v -3.184294 -0.418222 0.200000
v -3.184294 -0.418222 -0.200000
v -3.213785 -0.264528 0.200000
v -3.213785 -0.264528 -0.200000
v -3.223998 -0.098000 0.200000
v -3.223998 -0.098000 -0.200000
v -3.215971 0.050639 0.200000
v -3.215971 0.050639 -0.200000
v -3.192109 0.193778 0.200000
v -3.192109 0.193778 -0.200000
v -3.152748 0.330250 0.200000
v -3.152748 0.330250 -0.200000
v -3.098221 0.458889 0.200000
v -3.098221 0.458889 -0.200000
v -3.028859 0.578528 0.200000
v -3.028859 0.578528 -0.200000
v -2.944998 0.688000 0.200000
v -2.944998 0.688000 -0.200000
v -2.846971 0.786139 0.200000
v -2.846971 0.786139 -0.200000
v -2.735109 0.871778 0.200000
v -2.735109 0.871778 -0.200000
v -2.609748 0.943750 0.200000
v -2.609748 0.943750 -0.200000
v -2.471220 1.000889 0.200000
v -2.471220 1.000889 -0.200000
v -2.319859 1.042028 0.200000
v -2.319859 1.042028 -0.200000
v -2.155998 1.066000 0.200000
v -2.155998 1.066000 -0.200000
v -2.142491 0.971372 0.200000
v -2.142491 0.971372 -0.200000
v -2.127942 0.875648 0.200000
v -2.127942 0.875648 -0.200000
v -2.112310 0.779062 0.200000
v -2.112310 0.779062 -0.200000
v -2.095553 0.681852 0.200000
v -2.095553 0.681852 -0.200000
v -2.077630 0.584252 0.200000
v -2.077630 0.584252 -0.200000
v -2.058498 0.486500 0.200000
v -2.058498 0.486500 -0.200000
v -2.038116 0.388831 0.200000
v -2.038116 0.388831 -0.200000
v -2.016442 0.291481 0.200000
v -2.016442 0.291481 -0.200000
v -1.993436 0.194687 0.200000
v -1.993436 0.194687 -0.200000
v -1.969054 0.098685 0.200000
v -1.969054 0.098685 -0.200000
v -1.943255 0.003710 0.200000
v -1.943255 0.003710 -0.200000
v -1.915998 -0.090000 0.200000
v -1.915998 -0.090000 -0.200000
v -7.427998 0.314000 0.200001
v -7.427998 0.314000 -0.199999
v -7.127998 0.314000 0.200001
v -7.127998 0.314000 -0.199999
v -7.127998 1.434000 0.200001
v -7.127998 1.434000 -0.199999
v -4.687998 1.434000 0.200000
v -4.687998 1.434000 -0.200000
v -4.687998 0.306000 0.200000
v -4.687998 0.306000 -0.200000
v -4.395998 0.306000 0.200000
v -4.395998 0.306000 -0.200000
v -4.395998 1.662000 0.200000
v -4.395998 1.662000 -0.200000
v -7.427998 1.662000 0.200001
v -7.427998 1.662000 -0.199999
v -6.895998 0.946000 0.200001
v -6.895998 0.946000 -0.199999
v -4.939998 0.946000 0.200000
v -4.939998 0.946000 -0.200000
v -4.939998 1.166000 0.200000
v -4.939998 1.166000 -0.200000
v -6.895998 1.166000 0.200001
v -6.895998 1.166000 -0.199999
v -6.895998 0.438000 0.200001
v -6.895998 0.438000 -0.199999
v -4.943998 0.438000 0.200000
v -4.943998 0.438000 -0.200000
v -4.943998 0.658000 0.200000
v -4.943998 0.658000 -0.200000
v -6.895998 0.658000 0.200001
v -6.895998 0.658000 -0.199999
v -6.863998 -0.898000 0.200001
v -6.863998 -0.898000 -0.199999
v -6.863998 -0.606000 0.200001
v -6.863998 -0.606000 -0.199999
v -4.971998 -0.606000 0.200000
v -4.971998 -0.606000 -0.200000
v -4.971998 -0.898000 0.200000
v -4.971998 -0.898000 -0.200000
v -6.863998 -0.098000 0.200001
v -6.863998 -0.098000 -0.199999
v -4.971998 -0.098000 0.200000
v -4.971998 -0.098000 -0.200000
v -4.971998 -0.386000 0.200000
v -4.971998 -0.386000 -0.200000
v -6.863998 -0.386000 0.200001
v -6.863998 -0.386000 -0.199999
v -6.863998 -1.414000 0.200001
v -6.863998 -1.414000 -0.199999
v -6.863998 -1.114000 0.200001
v -6.863998 -1.114000 -0.199999
v -4.971998 -1.114000 0.200000
v -4.971998 -1.114000 -0.200000
v -4.971998 -1.414000 0.200000
v -4.971998 -1.414000 -0.199999
v -7.163998 -1.806000 0.200001
v -7.163998 -1.806000 -0.199999
v -6.863998 -1.806000 0.200001
v -6.863998 -1.806000 -0.199999
v -6.863998 -1.646000 0.200001
v -6.863998 -1.646000 -0.199999
v -4.971998 -1.646000 0.200000
v -4.971998 -1.646000 -0.199999
v -4.971998 -1.818000 0.200001
v -4.971998 -1.818000 -0.199999
v -4.683998 -1.818000 0.200000
v -4.683998 -1.818000 -0.199999
v -4.683998 0.130000 0.200000
v -4.683998 0.130000 -0.200000
v -7.163998 0.130000 0.200001
v -7.163998 0.130000 -0.199999
v -9.223997 1.690000 0.200001
v -9.223997 1.690000 -0.199999
v -9.423997 1.570000 0.200001
v -9.423997 1.570000 -0.199999
v -9.393114 1.485030 0.200001
v -9.393114 1.485030 -0.199999
v -9.360607 1.396574 0.200001
v -9.360607 1.396574 -0.199999
v -9.326684 1.305312 0.200001
v -9.326684 1.305312 -0.199999
v -9.291553 1.211926 0.200001
v -9.291553 1.211926 -0.199999
v -9.255421 1.117095 0.200001
v -9.255421 1.117095 -0.199999
v -9.218497 1.021500 0.200001
v -9.218497 1.021500 -0.199999
v -9.180990 0.925822 0.200001
v -9.180990 0.925822 -0.199999
v -9.143108 0.830741 0.200001
v -9.143108 0.830741 -0.199999
v -9.105060 0.736937 0.200001
v -9.105060 0.736937 -0.199999
v -9.067053 0.645092 0.200001
v -9.067053 0.645092 -0.199999
v -9.029296 0.555886 0.200001
v -9.029296 0.555886 -0.199999
v -8.991998 0.470000 0.200001
v -8.991998 0.470000 -0.199999
v -9.065331 0.391905 0.200001
v -9.065331 0.391905 -0.199999
v -9.129664 0.315574 0.200001
v -9.129664 0.315574 -0.199999
v -9.185497 0.240937 0.200001
v -9.185497 0.240937 -0.199999
v -9.233331 0.167926 0.200001
v -9.233331 0.167926 -0.199999
v -9.273664 0.096470 0.200001
v -9.273664 0.096470 -0.199999
v -9.306998 0.026500 0.200001
v -9.306998 0.026500 -0.199999
v -9.333832 -0.042053 0.200001
v -9.333832 -0.042053 -0.199999
v -9.354665 -0.109259 0.200001
v -9.354665 -0.109259 -0.199999
v -9.369998 -0.175188 0.200001
v -9.369998 -0.175188 -0.199999
v -9.380331 -0.239908 0.200001
v -9.380331 -0.239908 -0.199999
v -9.386165 -0.303489 0.200001
v -9.386165 -0.303489 -0.199999
v -9.387998 -0.366000 0.200001
v -9.387998 -0.366000 -0.199999
v -9.386986 -0.418898 0.200001
v -9.386986 -0.418898 -0.199999
v -9.383888 -0.469519 0.200001
v -9.383888 -0.469519 -0.199999
v -9.378624 -0.517750 0.200001
v -9.378624 -0.517750 -0.199999
v -9.371110 -0.563482 0.200001
v -9.371110 -0.563482 -0.199999
v -9.361262 -0.606602 0.200001
v -9.361262 -0.606602 -0.199999
v -9.348998 -0.647000 0.200001
v -9.348998 -0.647000 -0.199999
v -9.334234 -0.684565 0.200001
v -9.334234 -0.684565 -0.199999
v -9.316887 -0.719185 0.200001
v -9.316887 -0.719185 -0.199999
v -9.296873 -0.750750 0.200001
v -9.296873 -0.750750 -0.199999
v -9.274109 -0.779148 0.200001
v -9.274109 -0.779148 -0.199999
v -9.248511 -0.804269 0.200001
v -9.248511 -0.804269 -0.199999
v -9.219997 -0.826000 0.200001
v -9.219997 -0.826000 -0.199999
v -9.205511 -0.835667 0.200001
v -9.205511 -0.835667 -0.199999
v -9.190108 -0.844667 0.200001
v -9.190108 -0.844667 -0.199999
v -9.173872 -0.853000 0.200001
v -9.173872 -0.853000 -0.199999
v -9.156886 -0.860667 0.200001
v -9.156886 -0.860667 -0.199999
v -9.139234 -0.867667 0.200001
v -9.139234 -0.867667 -0.199999
v -9.120997 -0.874000 0.200001
v -9.120997 -0.874000 -0.199999
v -9.102262 -0.879667 0.200001
v -9.102262 -0.879667 -0.199999
v -9.083109 -0.884667 0.200001
v -9.083109 -0.884667 -0.199999
v -9.063622 -0.889000 0.200001
v -9.063622 -0.889000 -0.199999
v -9.043886 -0.892667 0.200001
v -9.043886 -0.892667 -0.199999
v -9.023983 -0.895667 0.200001
v -9.023983 -0.895667 -0.199999
v -9.003997 -0.898000 0.200001
v -9.003997 -0.898000 -0.199999
v -8.981593 -0.899912 0.200001
v -8.981593 -0.899912 -0.199999
v -8.958441 -0.901630 0.200001
v -8.958441 -0.901630 -0.199999
v -8.934622 -0.903125 0.200001
v -8.934622 -0.903125 -0.199999
v -8.910219 -0.904370 0.200001
v -8.910219 -0.904370 -0.199999
v -8.885317 -0.905338 0.200001
v -8.885317 -0.905338 -0.199999
v -8.859998 -0.906000 0.200001
v -8.859998 -0.906000 -0.199999
v -8.834345 -0.906329 0.200001
v -8.834345 -0.906329 -0.199999
v -8.808442 -0.906296 0.200001
v -8.808442 -0.906296 -0.199999
v -8.782372 -0.905875 0.200001
v -8.782372 -0.905875 -0.199999
v -8.756220 -0.905037 0.200001
v -8.756220 -0.905037 -0.199999
v -8.730067 -0.903755 0.200001
v -8.730067 -0.903755 -0.199999
v -8.703998 -0.902000 0.200001
v -8.703998 -0.902000 -0.199999
v -8.703421 -0.882213 0.200001
v -8.703421 -0.882213 -0.199999
v -8.701719 -0.861037 0.200001
v -8.701719 -0.861037 -0.199999
v -8.698935 -0.838750 0.200001
v -8.698935 -0.838750 -0.199999
v -8.695108 -0.815630 0.200001
v -8.695108 -0.815630 -0.199999
v -8.690282 -0.791954 0.200001
v -8.690282 -0.791954 -0.199999
v -8.684497 -0.768000 0.200001
v -8.684497 -0.768000 -0.199999
v -8.677795 -0.744046 0.200001
v -8.677795 -0.744046 -0.199999
v -8.670219 -0.720371 0.200001
v -8.670219 -0.720371 -0.199999
v -8.661810 -0.697250 0.200001
v -8.661810 -0.697250 -0.199999
v -8.652609 -0.674963 0.200001
v -8.652609 -0.674963 -0.199999
v -8.642657 -0.653787 0.200001
v -8.642657 -0.653787 -0.199999
v -8.631997 -0.634000 0.200001
v -8.631997 -0.634000 -0.199999
v -8.656819 -0.635914 0.200001
v -8.656819 -0.635914 -0.199999
v -8.681238 -0.637648 0.200001
v -8.681238 -0.637648 -0.199999
v -8.705185 -0.639188 0.200001
v -8.705185 -0.639188 -0.199999
v -8.728590 -0.640519 0.200001
v -8.728590 -0.640519 -0.199999
v -8.751384 -0.641627 0.200001
v -8.751384 -0.641627 -0.199999
v -8.773498 -0.642500 0.200001
v -8.773498 -0.642500 -0.199999
v -8.794861 -0.643123 0.200001
v -8.794861 -0.643123 -0.199999
v -8.815405 -0.643482 0.200001
v -8.815405 -0.643482 -0.199999
v -8.835060 -0.643563 0.200001
v -8.835060 -0.643563 -0.199999
v -8.853757 -0.643352 0.200001
v -8.853757 -0.643352 -0.199999
v -8.871426 -0.642836 0.200001
v -8.871426 -0.642836 -0.199999
v -8.887998 -0.642000 0.200001
v -8.887998 -0.642000 -0.199999
v -8.901751 -0.640908 0.200001
v -8.901751 -0.640908 -0.199999
v -8.915033 -0.639593 0.200001
v -8.915033 -0.639593 -0.199999
v -8.927872 -0.638000 0.200001
v -8.927872 -0.638000 -0.199999
v -8.940293 -0.636074 0.200001
v -8.940293 -0.636074 -0.199999
v -8.952326 -0.633759 0.200001
v -8.952326 -0.633759 -0.199999
v -8.963997 -0.631000 0.200001
v -8.963997 -0.631000 -0.199999
v -8.975335 -0.627741 0.200001
v -8.975335 -0.627741 -0.199999
v -8.986367 -0.623926 0.200001
v -8.986367 -0.623926 -0.199999
v -8.997122 -0.619500 0.200001
v -8.997122 -0.619500 -0.199999
v -9.007627 -0.614407 0.200001
v -9.007627 -0.614407 -0.199999
v -9.017909 -0.608593 0.200001
v -9.017909 -0.608593 -0.199999
v -9.027997 -0.602000 0.200001
v -9.027997 -0.602000 -0.199999
v -9.044013 -0.589852 0.200001
v -9.044013 -0.589852 -0.199999
v -9.058126 -0.575482 0.200001
v -9.058126 -0.575482 -0.199999
v -9.070435 -0.559000 0.200001
v -9.070435 -0.559000 -0.199999
v -9.081034 -0.540519 0.200001
v -9.081034 -0.540519 -0.199999
v -9.090022 -0.520148 0.200001
v -9.090022 -0.520148 -0.199999
v -9.097497 -0.498000 0.200001
v -9.097497 -0.498000 -0.199999
v -9.103555 -0.474185 0.200001
v -9.103555 -0.474185 -0.199999
v -9.108294 -0.448815 0.200001
v -9.108294 -0.448815 -0.199999
v -9.111810 -0.422000 0.200001
v -9.111810 -0.422000 -0.199999
v -9.114201 -0.393852 0.200001
v -9.114201 -0.393852 -0.199999
v -9.115564 -0.364482 0.200001
v -9.115564 -0.364482 -0.199999
v -9.115997 -0.334000 0.200001
v -9.115997 -0.334000 -0.199999
v -9.114008 -0.280084 0.200001
v -9.114008 -0.280084 -0.199999
v -9.107756 -0.224334 0.200001
v -9.107756 -0.224334 -0.199999
v -9.096809 -0.166750 0.200001
v -9.096809 -0.166750 -0.199999
v -9.080738 -0.107334 0.200001
v -9.080738 -0.107334 -0.199999
v -9.059111 -0.046084 0.200001
v -9.059111 -0.046084 -0.199999
v -9.031497 0.017000 0.200001
v -9.031497 0.017000 -0.199999
v -8.997467 0.081916 0.200001
v -8.997467 0.081916 -0.199999
v -8.956590 0.148666 0.200001
v -8.956590 0.148666 -0.199999
v -8.908435 0.217250 0.200001
v -8.908435 0.217250 -0.199999
v -8.852571 0.287666 0.200001
v -8.852571 0.287666 -0.199999
v -8.788569 0.359917 0.200001
v -8.788569 0.359917 -0.199999
v -8.715998 0.434000 0.200001
v -8.715998 0.434000 -0.199999
v -8.747980 0.511562 0.200001
v -8.747980 0.511562 -0.199999
v -8.779850 0.591833 0.200001
v -8.779850 0.591833 -0.199999
v -8.811498 0.674187 0.200001
v -8.811498 0.674187 -0.199999
v -8.842813 0.758000 0.200001
v -8.842813 0.758000 -0.199999
v -8.873683 0.842646 0.200001
v -8.873683 0.842646 -0.199999
v -8.903997 0.927500 0.200001
v -8.903997 0.927500 -0.199999
v -8.933645 1.011937 0.200001
v -8.933645 1.011937 -0.199999
v -8.962516 1.095333 0.200001
v -8.962516 1.095333 -0.199999
v -8.990498 1.177062 0.200001
v -8.990498 1.177062 -0.199999
v -9.017479 1.256500 0.200001
v -9.017479 1.256500 -0.199999
v -9.043349 1.333021 0.200001
v -9.043349 1.333021 -0.199999
v -9.067997 1.406000 0.200001
v -9.067997 1.406000 -0.199999
v -8.511997 1.406000 0.200001
v -8.511997 1.406000 -0.199999
v -8.511997 -1.830000 0.200001
v -8.511997 -1.830000 -0.199999
v -8.243998 -1.830000 0.200001
v -8.243998 -1.830000 -0.199999
v -8.243998 1.678000 0.200001
v -8.243998 1.678000 -0.199999
v -9.179997 1.678000 0.200001
v -9.179997 1.678000 -0.199999
v -10.395997 0.634000 0.200001
v -10.395997 0.634000 -0.199999
v -9.763997 0.634000 0.200001
v -9.763997 0.634000 -0.199999
v -9.763997 0.854000 0.200001
v -9.763997 0.854000 -0.199999
v -9.734916 0.834169 0.200001
v -9.734916 0.834169 -0.199999
v -9.705682 0.814685 0.200001
v -9.705682 0.814685 -0.199999
v -9.676309 0.795562 0.200001
v -9.676309 0.795562 -0.199999
v -9.646811 0.776815 0.200001
v -9.646811 0.776815 -0.199999
v -9.617202 0.758456 0.200001
v -9.617202 0.758456 -0.199999
v -9.587496 0.740500 0.200001
v -9.587496 0.740500 -0.199999
v -9.557707 0.722960 0.200001
v -9.557707 0.722960 -0.199999
v -9.527848 0.705852 0.200001
v -9.527848 0.705852 -0.199999
v -9.497934 0.689187 0.200001
v -9.497934 0.689187 -0.199999
v -9.467978 0.672981 0.200001
v -9.467978 0.672981 -0.199999
v -9.437995 0.657248 0.200001
v -9.437995 0.657248 -0.199999
v -9.407997 0.642000 0.200001
v -9.407997 0.642000 -0.199999
v -9.399356 0.660704 0.200001
v -9.399356 0.660704 -0.199999
v -9.389534 0.680630 0.200001
v -9.389534 0.680630 -0.199999
v -9.378684 0.701500 0.200001
v -9.378684 0.701500 -0.199999
v -9.366960 0.723037 0.200001
v -9.366960 0.723037 -0.199999
v -9.354513 0.744963 0.200001
v -9.354513 0.744963 -0.199999
v -9.341497 0.767000 0.200001
v -9.341497 0.767000 -0.199999
v -9.328065 0.788870 0.200001
v -9.328065 0.788870 -0.199999
v -9.314368 0.810296 0.200001
v -9.314368 0.810296 -0.199999
v -9.300560 0.831000 0.200001
v -9.300560 0.831000 -0.199999
v -9.286794 0.850704 0.200001
v -9.286794 0.850704 -0.199999
v -9.273222 0.869129 0.200001
v -9.273222 0.869129 -0.199999
v -9.259997 0.886000 0.200001
v -9.259997 0.886000 -0.199999
v -9.374620 0.942625 0.200001
v -9.374620 0.942625 -0.199999
v -9.487979 1.006000 0.200001
v -9.487979 1.006000 -0.199999
v -9.599310 1.075375 0.200001
v -9.599310 1.075375 -0.199999
v -9.707850 1.150000 0.200001
v -9.707850 1.150000 -0.199999
v -9.812833 1.229125 0.200001
v -9.812833 1.229125 -0.199999
v -9.913497 1.312000 0.200001
v -9.913497 1.312000 -0.199999
v -10.009078 1.397875 0.200001
v -10.009078 1.397875 -0.199999
v -10.098812 1.486000 0.200001
v -10.098812 1.486000 -0.199999
v -10.181935 1.575625 0.200001
v -10.181935 1.575625 -0.199999
v -10.257683 1.666000 0.200001
v -10.257683 1.666000 -0.199999
v -10.325292 1.756375 0.200001
v -10.325292 1.756375 -0.199999
v -10.383998 1.846000 0.200001
v -10.383998 1.846000 -0.199999
v -10.659997 1.846000 0.200001
v -10.659997 1.846000 -0.199999
v -10.735461 1.749831 0.200001
v -10.735461 1.749831 -0.199999
v -10.817369 1.655648 0.200001
v -10.817369 1.655648 -0.199999
v -10.904998 1.563938 0.200001
v -10.904998 1.563938 -0.199999
v -10.997627 1.475185 0.200001
v -10.997627 1.475185 -0.199999
v -11.094535 1.389877 0.200001
v -11.094535 1.389877 -0.199999
v -11.194998 1.308500 0.200001
v -11.194998 1.308500 -0.199999
v -11.298294 1.231539 0.200001
v -11.298294 1.231539 -0.199999
v -11.403702 1.159481 0.200001
v -11.403702 1.159481 -0.199999
v -11.510498 1.092812 0.200001
v -11.510498 1.092812 -0.199999
v -11.617961 1.032018 0.200001
v -11.617961 1.032018 -0.199999
v -11.725368 0.977585 0.200001
v -11.725368 0.977585 -0.199999
v -11.831998 0.930000 0.200001
v -11.831998 0.930000 -0.199999
v -11.817928 0.912206 0.200001
v -11.817928 0.912206 -0.199999
v -11.803776 0.892981 0.200001
v -11.803776 0.892981 -0.199999
v -11.789623 0.872562 0.200001
v -11.789623 0.872562 -0.199999
v -11.775554 0.851185 0.200001
v -11.775554 0.851185 -0.199999
v -11.761651 0.829085 0.200001
v -11.761651 0.829085 -0.199999
v -11.747998 0.806500 0.200001
v -11.747998 0.806500 -0.199999
v -11.734679 0.783664 0.200001
v -11.734679 0.783664 -0.199999
v -11.721776 0.760815 0.200001
v -11.721776 0.760815 -0.199999
v -11.709373 0.738187 0.200001
v -11.709373 0.738187 -0.199999
v -11.697554 0.716018 0.200001
v -11.697554 0.716018 -0.199999
v -11.686400 0.694544 0.200001
v -11.686400 0.694544 -0.199999
v -11.675998 0.674000 0.200001
v -11.675998 0.674000 -0.199999
v -11.648915 0.687247 0.200001
v -11.648915 0.687247 -0.199999
v -11.621681 0.700981 0.200001
v -11.621681 0.700981 -0.199999
v -11.594309 0.715187 0.200001
v -11.594309 0.715187 -0.199999
v -11.566812 0.729852 0.200001
v -11.566812 0.729852 -0.199999
v -11.539203 0.744960 0.200001
v -11.539203 0.744960 -0.199999
v -11.511497 0.760500 0.200001
v -11.511497 0.760500 -0.199999
v -11.483707 0.776456 0.200001
v -11.483707 0.776456 -0.199999
v -11.455849 0.792815 0.200001
v -11.455849 0.792815 -0.199999
v -11.427935 0.809562 0.200001
v -11.427935 0.809562 -0.199999
v -11.399979 0.826685 0.200001
v -11.399979 0.826685 -0.199999
v -11.371995 0.844169 0.200001
v -11.371995 0.844169 -0.199999
v -11.343997 0.862000 0.200001
v -11.343997 0.862000 -0.199999
v -11.343997 0.634000 0.200001
v -11.343997 0.634000 -0.199999
v -10.671997 0.634000 0.200001
v -10.671997 0.634000 -0.199999
v -10.671997 0.286000 0.200001
v -10.671997 0.286000 -0.199999
v -11.579997 0.286000 0.200001
v -11.579997 0.286000 -0.199999
v -11.579997 -0.742000 0.200001
v -11.579997 -0.742000 -0.199999
v -10.775997 -0.742000 0.200001
v -10.775997 -0.742000 -0.199999
v -10.836104 -0.859979 0.200001
v -10.836104 -0.859979 -0.199999
v -10.900517 -0.966500 0.200001
v -10.900517 -0.966500 -0.199999
v -10.969373 -1.062438 0.200001
v -10.969373 -1.062438 -0.199999
v -11.042812 -1.148667 0.200001
v -11.042812 -1.148667 -0.199999
v -11.120975 -1.226063 0.200001
v -11.120975 -1.226063 -0.199999
v -11.203998 -1.295500 0.200001
v -11.203998 -1.295500 -0.199999
v -11.292021 -1.357854 0.200001
v -11.292021 -1.357854 -0.199999
v -11.385182 -1.414000 0.200001
v -11.385182 -1.414000 -0.199999
v -11.483623 -1.464813 0.200001
v -11.483623 -1.464813 -0.199999
v -11.587479 -1.511167 0.200001
v -11.587479 -1.511167 -0.199999
v -11.696891 -1.553938 0.200001
v -11.696891 -1.553938 -0.199999
v -11.811997 -1.594000 0.200001
v -11.811997 -1.594000 -0.199999
v -11.793941 -1.610725 0.200001
v -11.793941 -1.610725 -0.199999
v -11.775886 -1.628796 0.200001
v -11.775886 -1.628796 -0.199999
v -11.757997 -1.648063 0.200001
v -11.757997 -1.648063 -0.199999
v -11.740441 -1.668370 0.200001
v -11.740441 -1.668370 -0.199999
v -11.723386 -1.689567 0.200001
v -11.723386 -1.689567 -0.199999
v -11.706997 -1.711500 0.200001
v -11.706997 -1.711500 -0.199999
v -11.691442 -1.734016 0.200001
v -11.691442 -1.734016 -0.199999
v -11.676886 -1.756963 0.200001
v -11.676886 -1.756963 -0.199999
v -11.663497 -1.780188 0.200001
v -11.663497 -1.780188 -0.199999
v -11.651442 -1.803537 0.200001
v -11.651442 -1.803537 -0.199999
v -11.640886 -1.826859 0.200001
v -11.640886 -1.826859 -0.199999
v -11.631997 -1.850000 0.200001
v -11.631997 -1.850000 -0.199999
v -11.514891 -1.802790 0.200001
v -11.514891 -1.802790 -0.199999
v -11.403479 -1.752648 0.200001
v -11.403479 -1.752648 -0.199999
v -11.297622 -1.698813 0.200001
v -11.297622 -1.698813 -0.199999
v -11.197182 -1.640519 0.200001
v -11.197182 -1.640519 -0.199999
v -11.102019 -1.577003 0.200001
v -11.102019 -1.577003 -0.199999
v -11.011996 -1.507500 0.200001
v -11.011996 -1.507500 -0.199999
v -10.926973 -1.431248 0.200001
v -10.926973 -1.431248 -0.199999
v -10.846811 -1.347482 0.200001
v -10.846811 -1.347482 -0.199999
v -10.771372 -1.255438 0.200001
v -10.771372 -1.255438 -0.199999
v -10.700516 -1.154352 0.200001
v -10.700516 -1.154352 -0.199999
v -10.634104 -1.043461 0.200001
v -10.634104 -1.043461 -0.199999
v -10.571998 -0.922000 0.200001
v -10.571998 -0.922000 -0.199999
v -10.532048 -1.012370 0.200001
v -10.532048 -1.012370 -0.199999
v -10.483738 -1.101296 0.200001
v -10.483738 -1.101296 -0.199999
v -10.426373 -1.188500 0.200001
v -10.426373 -1.188500 -0.199999
v -10.359257 -1.273704 0.200001
v -10.359257 -1.273704 -0.199999
v -10.281696 -1.356630 0.200001
v -10.281696 -1.356630 -0.199999
v -10.192997 -1.437000 0.200001
v -10.192997 -1.437000 -0.199999
v -10.092464 -1.514537 0.200001
v -10.092464 -1.514537 -0.199999
v -9.979404 -1.588963 0.200001
v -9.979404 -1.588963 -0.199999
v -9.853122 -1.660000 0.200001
v -9.853122 -1.660000 -0.199999
v -9.712923 -1.727371 0.200001
v -9.712923 -1.727371 -0.199999
v -9.558113 -1.790796 0.200001
v -9.558113 -1.790796 -0.199999
v -9.387998 -1.850000 0.200001
v -9.387998 -1.850000 -0.199999
v -9.379959 -1.832986 0.200001
v -9.379959 -1.832986 -0.199999
v -9.370017 -1.814222 0.200001
v -9.370017 -1.814222 -0.199999
v -9.358436 -1.794125 0.200001
v -9.358436 -1.794125 -0.199999
v -9.345480 -1.773111 0.200001
v -9.345480 -1.773111 -0.199999
v -9.331412 -1.751597 0.200001
v -9.331412 -1.751597 -0.199999
v -9.316498 -1.730000 0.200001
v -9.316498 -1.730000 -0.199999
v -9.301000 -1.708736 0.200001
v -9.301000 -1.708736 -0.199999
v -9.285182 -1.688222 0.200001
v -9.285182 -1.688222 -0.199999
v -9.269309 -1.668875 0.200001
v -9.269309 -1.668875 -0.199999
v -9.253645 -1.651111 0.200001
v -9.253645 -1.651111 -0.199999
v -9.238453 -1.635347 0.200001
v -9.238453 -1.635347 -0.199999
v -9.223997 -1.622000 0.200001
v -9.223997 -1.622000 -0.199999
v -9.397740 -1.563282 0.200001
v -9.397740 -1.563282 -0.199999
v -9.553609 -1.501259 0.200001
v -9.553609 -1.501259 -0.199999
v -9.692560 -1.436125 0.200001
v -9.692560 -1.436125 -0.199999
v -9.815554 -1.368074 0.200001
v -9.815554 -1.368074 -0.199999
v -9.923547 -1.297301 0.200001
v -9.923547 -1.297301 -0.199999
v -10.017498 -1.224000 0.200001
v -10.017498 -1.224000 -0.199999
v -10.098366 -1.148366 0.200001
v -10.098366 -1.148366 -0.199999
v -10.167109 -1.070593 0.200001
v -10.167109 -1.070593 -0.199999
v -10.224685 -0.990875 0.200001
v -10.224685 -0.990875 -0.199999
v -10.272053 -0.909408 0.200001
v -10.272053 -0.909408 -0.199999
v -10.310171 -0.826384 0.200001
v -10.310171 -0.826384 -0.199999
v -10.339997 -0.742000 0.200001
v -10.339997 -0.742000 -0.199999
v -9.523997 -0.742000 0.200001
v -9.523997 -0.742000 -0.199999
v -9.523997 0.286000 0.200001
v -9.523997 0.286000 -0.199999
v -10.395997 0.286000 0.200001
v -10.395997 0.286000 -0.199999
v -11.303997 0.890000 0.200001
v -11.303997 0.890000 -0.199999
v -11.229377 0.941048 0.200001
v -11.229377 0.941048 -0.199999
v -11.155701 0.994055 0.200001
v -11.155701 0.994055 -0.199999
v -11.083247 1.048812 0.200001
v -11.083247 1.048812 -0.199999
v -11.012294 1.105111 0.200001
v -11.012294 1.105111 -0.199999
v -10.943118 1.162743 0.200001
v -10.943118 1.162743 -0.199999
v -10.875998 1.221500 0.200001
v -10.875998 1.221500 -0.199999
v -10.811211 1.281173 0.200001
v -10.811211 1.281173 -0.199999
v -10.749035 1.341555 0.200001
v -10.749035 1.341555 -0.199999
v -10.689748 1.402437 0.200001
v -10.689748 1.402437 -0.199999
v -10.633628 1.463611 0.200001
v -10.633628 1.463611 -0.199999
v -10.580952 1.524868 0.200001
v -10.580952 1.524868 -0.199999
v -10.531998 1.586000 0.200001
v -10.531998 1.586000 -0.199999
v -10.489953 1.527618 0.200001
v -10.489953 1.527618 -0.199999
v -10.443962 1.468611 0.200001
v -10.443962 1.468611 -0.199999
v -10.394249 1.409187 0.200001
v -10.394249 1.409187 -0.199999
v -10.341036 1.349555 0.200001
v -10.341036 1.349555 -0.199999
v -10.284545 1.289923 0.200001
v -10.284545 1.289923 -0.199999
v -10.224998 1.230500 0.200001
v -10.224998 1.230500 -0.199999
v -10.162619 1.171493 0.200001
v -10.162619 1.171493 -0.199999
v -10.097628 1.113111 0.200001
v -10.097628 1.113111 -0.199999
v -10.030248 1.055562 0.200001
v -10.030248 1.055562 -0.199999
v -9.960701 0.999055 0.200001
v -9.960701 0.999055 -0.199999
v -9.889210 0.943798 0.200001
v -9.889210 0.943798 -0.199999
v -9.815997 0.890000 0.200001
v -9.815997 0.890000 -0.199999
v -10.387998 -0.494000 0.200001
v -10.387998 -0.494000 -0.199999
v -10.388995 -0.478000 0.200001
v -10.388995 -0.478000 -0.199999
v -10.389979 -0.462000 0.200001
v -10.389979 -0.462000 -0.199999
v -10.390935 -0.446000 0.200001
v -10.390935 -0.446000 -0.199999
v -10.391850 -0.430000 0.200001
v -10.391850 -0.430000 -0.199999
v -10.392708 -0.414000 0.200001
v -10.392708 -0.414000 -0.199999
v -10.393497 -0.398000 0.200001
v -10.393497 -0.398000 -0.199999
v -10.394203 -0.382000 0.200001
v -10.394203 -0.382000 -0.199999
v -10.394812 -0.366000 0.200001
v -10.394812 -0.366000 -0.199999
v -10.395309 -0.350000 0.200001
v -10.395309 -0.350000 -0.199999
v -10.395682 -0.334000 0.200001
v -10.395682 -0.334000 -0.199999
v -10.395916 -0.318000 0.200001
v -10.395916 -0.318000 -0.199999
v -10.395997 -0.302000 0.200001
v -10.395997 -0.302000 -0.199999
v -10.395997 0.042000 0.200001
v -10.395997 0.042000 -0.199999
v -9.791997 0.042000 0.200001
v -9.791997 0.042000 -0.199999
v -9.791997 -0.494000 0.200001
v -9.791997 -0.494000 -0.199999
v -10.663998 -0.494000 0.200001
v -10.663998 -0.494000 -0.199999
v -11.303997 -0.494000 0.200001
v -11.303997 -0.494000 -0.199999
v -11.303997 0.042000 0.200001
v -11.303997 0.042000 -0.199999
v -10.671997 0.042000 0.200001
v -10.671997 0.042000 -0.199999
v -10.671997 -0.310000 0.200001
v -10.671997 -0.310000 -0.199999
v -15.452925 1.482666 0.200001
v -15.452925 1.482666 -0.199999
v -15.379756 1.392666 0.200001
v -15.379756 1.392666 -0.199999
v -15.304560 1.304000 0.200001
v -15.304560 1.304000 -0.199999
v -15.227405 1.216666 0.200001
v -15.227405 1.216666 -0.199999
v -15.148360 1.130666 0.200001
v -15.148360 1.130666 -0.199999
v -15.067497 1.046000 0.200001
v -15.067497 1.046000 -0.199999
v -14.984884 0.962666 0.200001
v -14.984884 0.962666 -0.199999
v -14.900590 0.880666 0.200001
v -14.900590 0.880666 -0.199999
v -14.814685 0.800000 0.200001
v -14.814685 0.800000 -0.199999
v -14.727238 0.720667 0.200001
v -14.727238 0.720667 -0.199999
v -14.638319 0.642667 0.200001
v -14.638319 0.642667 -0.199999
v -14.547997 0.566000 0.200001
v -14.547997 0.566000 -0.199999
v -15.703998 0.566000 0.200001
v -15.703998 0.566000 -0.199999
v -15.703998 0.294000 0.200001
v -15.703998 0.294000 -0.199999
v -14.195997 0.294000 0.200001
v -14.195997 0.294000 -0.199999
v -14.143833 0.257167 0.200001
v -14.143833 0.257167 -0.199999
v -14.091350 0.220667 0.200001
v -14.091350 0.220667 -0.199999
v -14.038560 0.184500 0.200001
v -14.038560 0.184500 -0.199999
v -13.985479 0.148667 0.200001
v -13.985479 0.148667 -0.199999
v -13.932120 0.113167 0.200001
v -13.932120 0.113167 -0.199999
v -13.878498 0.078000 0.200001
v -13.878498 0.078000 -0.199999
v -13.824625 0.043167 0.200001
v -13.824625 0.043167 -0.199999
v -13.770516 0.008667 0.200001
v -13.770516 0.008667 -0.199999
v -13.716186 -0.025500 0.200001
v -13.716186 -0.025500 -0.199999
v -13.661646 -0.059333 0.200001
v -13.661646 -0.059333 -0.199999
v -13.606912 -0.092833 0.200001
v -13.606912 -0.092833 -0.199999
v -13.551997 -0.126000 0.200001
v -13.551997 -0.126000 -0.199999
v -15.211997 -0.126000 0.200001
v -15.211997 -0.126000 -0.199999
v -15.211997 -1.814000 0.200001
v -15.211997 -1.814000 -0.199999
v -14.903997 -1.814000 0.200001
v -14.903997 -1.814000 -0.199999
v -14.903997 -1.698000 0.200001
v -14.903997 -1.698000 -0.199999
v -13.275997 -1.698000 0.200001
v -13.275997 -1.698000 -0.199999
v -13.275997 -1.830000 0.200001
v -13.275997 -1.830000 -0.199999
v -12.975997 -1.830000 0.200001
v -12.975997 -1.830000 -0.199999
v -12.975997 -0.434000 0.200001
v -12.975997 -0.434000 -0.199999
v -12.915835 -0.463671 0.200001
v -12.915835 -0.463671 -0.199999
v -12.855368 -0.492704 0.200001
v -12.855368 -0.492704 -0.199999
v -12.794622 -0.521125 0.200001
v -12.794622 -0.521125 -0.199999
v -12.733627 -0.548963 0.200001
v -12.733627 -0.548963 -0.199999
v -12.672410 -0.576245 0.200001
v -12.672410 -0.576245 -0.199999
v -12.610998 -0.603000 0.200001
v -12.610998 -0.603000 -0.199999
v -12.549419 -0.629255 0.200001
v -12.549419 -0.629255 -0.199999
v -12.487701 -0.655037 0.200001
v -12.487701 -0.655037 -0.199999
v -12.425873 -0.680375 0.200001
v -12.425873 -0.680375 -0.199999
v -12.363960 -0.705296 0.200001
v -12.363960 -0.705296 -0.199999
v -12.301992 -0.729829 0.200001
v -12.301992 -0.729829 -0.199999
v -12.239997 -0.754000 0.200001
v -12.239997 -0.754000 -0.199999
v -12.228963 -0.736819 0.200001
v -12.228963 -0.736819 -0.199999
v -12.216053 -0.717556 0.200001
v -12.216053 -0.717556 -0.199999
v -12.201560 -0.696625 0.200001
v -12.201560 -0.696625 -0.199999
v -12.185776 -0.674444 0.200001
v -12.185776 -0.674444 -0.199999
v -12.168991 -0.651431 0.200001
v -12.168991 -0.651431 -0.199999
v -12.151498 -0.628000 0.200001
v -12.151498 -0.628000 -0.199999
v -12.133588 -0.604570 0.200001
v -12.133588 -0.604570 -0.199999
v -12.115553 -0.581556 0.200001
v -12.115553 -0.581556 -0.199999
v -12.097685 -0.559375 0.200001
v -12.097685 -0.559375 -0.199999
v -12.080276 -0.538445 0.200001
v -12.080276 -0.538445 -0.199999
v -12.063616 -0.519181 0.200001
v -12.063616 -0.519181 -0.199999
v -12.047997 -0.502000 0.200001
v -12.047997 -0.502000 -0.199999
v -12.193562 -0.450588 0.200001
v -12.193562 -0.450588 -0.199999
v -12.338165 -0.396371 0.200001
v -12.338165 -0.396371 -0.199999
v -12.481686 -0.339375 0.200001
v -12.481686 -0.339375 -0.199999
v -12.623998 -0.279630 0.200001
v -12.623998 -0.279630 -0.199999
v -12.764977 -0.217162 0.200001
v -12.764977 -0.217162 -0.199999
v -12.904497 -0.152000 0.200001
v -12.904497 -0.152000 -0.199999
v -13.042435 -0.084171 0.200001
v -13.042435 -0.084171 -0.199999
v -13.178664 -0.013704 0.200001
v -13.178664 -0.013704 -0.199999
v -13.313060 0.059375 0.200001
v -13.313060 0.059375 -0.199999
v -13.445498 0.135037 0.200001
v -13.445498 0.135037 -0.199999
v -13.575851 0.213255 0.200001
v -13.575851 0.213254 -0.199999
v -13.703998 0.294000 0.200001
v -13.703998 0.294000 -0.199999
v -12.135997 0.294000 0.200001
v -12.135997 0.294000 -0.199999
v -12.135997 0.566000 0.200001
v -12.135997 0.566000 -0.199999
v -13.515997 0.566000 0.200001
v -13.515997 0.566000 -0.199999
v -13.515997 1.082000 0.200001
v -13.515997 1.082000 -0.199999
v -12.487997 1.082000 0.200001
v -12.487997 1.082000 -0.199999
v -12.487997 1.346000 0.200001
v -12.487997 1.346000 -0.199999
v -13.515997 1.346000 0.200001
v -13.515997 1.346000 -0.199999
v -13.515997 1.850000 0.200001
v -13.515997 1.850000 -0.199999
v -13.811997 1.850000 0.200001
v -13.811997 1.850000 -0.199999
v -13.811997 1.346000 0.200001
v -13.811997 1.346000 -0.199999
v -14.807998 1.346000 0.200001
v -14.807998 1.346000 -0.199999
v -14.807998 1.182000 0.200001
v -14.807998 1.182000 -0.199999
v -14.849668 1.224245 0.200001
v -14.849668 1.224245 -0.199999
v -14.890683 1.266963 0.200001
v -14.890683 1.266963 -0.199999
v -14.931061 1.310125 0.200001
v -14.931061 1.310125 -0.199999
v -14.970813 1.353703 0.200001
v -14.970813 1.353703 -0.199999
v -15.009953 1.397671 0.200001
v -15.009953 1.397671 -0.199999
v -15.048497 1.442000 0.200001
v -15.048497 1.442000 -0.199999
v -15.086458 1.486662 0.200001
v -15.086458 1.486662 -0.199999
v -15.123849 1.531629 0.200001
v -15.123849 1.531629 -0.199999
v -15.160685 1.576875 0.200001
v -15.160685 1.576875 -0.199999
v -15.196979 1.622370 0.200001
v -15.196979 1.622370 -0.199999
v -15.232744 1.668088 0.200001
v -15.232744 1.668088 -0.199999
v -15.267997 1.714000 0.200001
v -15.267997 1.714000 -0.199999
v -15.523997 1.574000 0.200001
v -15.523997 1.574000 -0.199999
v -14.150662 0.606250 0.200001
v -14.150662 0.606250 -0.199999
v -14.204662 0.647000 0.200001
v -14.204662 0.647000 -0.199999
v -14.257996 0.688250 0.200001
v -14.257996 0.688250 -0.199999
v -14.310662 0.730000 0.200001
v -14.310662 0.730000 -0.199999
v -14.362662 0.772250 0.200001
v -14.362662 0.772250 -0.199999
v -14.413996 0.815000 0.200001
v -14.413996 0.815000 -0.199999
v -14.464663 0.858250 0.200001
v -14.464663 0.858250 -0.199999
v -14.514663 0.902000 0.200001
v -14.514663 0.902000 -0.199999
v -14.563996 0.946250 0.200001
v -14.563996 0.946250 -0.199999
v -14.612663 0.991000 0.200001
v -14.612663 0.991000 -0.199999
v -14.660664 1.036250 0.200001
v -14.660664 1.036250 -0.199999
v -14.707997 1.082000 0.200001
v -14.707997 1.082000 -0.199999
v -13.811997 1.082000 0.200001
v -13.811997 1.082000 -0.199999
v -13.811997 0.566000 0.200001
v -13.811997 0.566000 -0.199999
v -14.095998 0.566000 0.200001
v -14.095998 0.566000 -0.199999
v -14.903997 -1.438000 0.200001
v -14.903997 -1.438000 -0.199999
v -14.903997 -1.018000 0.200001
v -14.903997 -1.018000 -0.199999
v -13.275997 -1.018000 0.200001
v -13.275997 -1.018000 -0.199999
v -13.275997 -1.438000 0.200001
v -13.275997 -1.438000 -0.199999
v -14.903997 -0.382000 0.200001
v -14.903997 -0.382000 -0.199999
v -13.275997 -0.382000 0.200001
v -13.275997 -0.382000 -0.199999
v -13.275997 -0.778000 0.200001
v -13.275997 -0.778000 -0.199999
v -14.903997 -0.778000 0.200001
v -14.903997 -0.778000 -0.199999
vn -0.0000 -0.0000 -1.0000
vn -0.0000 -0.0000 1.0000
vn -0.0001 -0.0000 -1.0000
vn -0.0001 -0.0000 1.0000
vn 0.0961 -0.9954 -0.0000
vn 0.7774 -0.6290 -0.0000
vn 0.1098 -0.9940 -0.0000
vn 0.1230 -0.9924 -0.0000
vn 0.1358 -0.9907 -0.0000
vn 0.1485 -0.9889 -0.0000
vn 0.1612 -0.9869 -0.0000
vn 0.1739 -0.9848 -0.0000
vn 0.1611 -0.9869 -0.0000
vn 0.1870 -0.9824 -0.0000
vn 0.2006 -0.9797 -0.0000
vn 0.2148 -0.9766 -0.0000
vn 0.2300 -0.9732 -0.0000
vn 0.2149 -0.9766 -0.0000
vn 0.8033 -0.5956 -0.0000
vn 0.5749 0.8182 -0.0000
vn 0.8033 -0.5955 -0.0000
vn -0.2728 0.9621 -0.0000
vn -0.2458 0.9693 -0.0000
vn -0.2216 0.9751 -0.0000
vn -0.1996 0.9799 -0.0000
vn -0.1795 0.9838 -0.0000
vn -0.1609 0.9870 -0.0000
vn -0.1435 0.9896 -0.0000
vn -0.1272 0.9919 -0.0000
vn -0.1116 0.9938 -0.0000
vn -0.0966 0.9953 -0.0000
vn -0.0819 0.9966 -0.0000
vn 0.6410 0.7675 -0.0000
vn 0.9956 0.0940 -0.0000
vn 0.6411 0.7675 -0.0000
vn 0.9969 0.0793 -0.0000
vn 0.9976 0.0692 -0.0000
vn 0.9969 0.0792 -0.0000
vn 0.9983 0.0574 -0.0000
vn 0.9990 0.0438 -0.0000
vn 0.9996 0.0283 -0.0000
vn 0.9999 0.0111 -0.0000
vn 1.0000 -0.0076 -0.0000
vn 0.9999 0.0110 -0.0000
vn 0.9996 -0.0274 -0.0000
vn 1.0000 -0.0077 -0.0000
vn 0.9989 -0.0478 -0.0000
vn 0.9996 -0.0275 -0.0000
vn 0.9977 -0.0679 -0.0000
vn 0.9962 -0.0869 -0.0000
vn 0.7175 0.6965 -0.0000
vn -0.8087 0.5882 -0.0000
vn -0.9714 -0.2373 -0.0000
vn -0.9747 -0.2236 -0.0000
vn -0.9777 -0.2102 -0.0000
vn -0.9804 -0.1972 -0.0000
vn -0.9828 -0.1848 -0.0000
vn -0.9848 -0.1734 -0.0000
vn -0.9866 -0.1631 -0.0000
vn -0.9849 -0.1733 -0.0000
vn -0.9881 -0.1541 -0.0000
vn -0.9892 -0.1468 -0.0000
vn -0.9880 -0.1543 -0.0000
vn -0.9900 -0.1412 -0.0000
vn -0.9892 -0.1469 -0.0000
vn -0.9905 -0.1373 -0.0000
vn -0.9908 -0.1352 -0.0000
vn -0.9905 -0.1374 -0.0000
vn -0.7518 0.6594 -0.0000
vn -0.9908 -0.1354 -0.0000
vn 0.0090 1.0000 -0.0000
vn 0.0185 0.9998 -0.0000
vn 0.0285 0.9996 -0.0000
vn 0.0392 0.9992 -0.0000
vn 0.0506 0.9987 -0.0000
vn 0.0627 0.9980 -0.0000
vn 0.0756 0.9971 -0.0000
vn 0.0893 0.9960 -0.0000
vn 0.1038 0.9946 -0.0000
vn 0.1194 0.9929 -0.0000
vn 0.1359 0.9907 -0.0000
vn -0.6641 0.7477 -0.0000
vn -0.7292 -0.6843 -0.0000
vn -0.6641 0.7476 -0.0000
vn -0.0866 -0.9962 -0.0000
vn -0.0793 -0.9969 -0.0000
vn -0.0714 -0.9974 -0.0000
vn -0.0631 -0.9980 -0.0000
vn -0.0546 -0.9985 -0.0000
vn -0.0459 -0.9989 -0.0000
vn -0.0374 -0.9993 -0.0000
vn -0.0291 -0.9996 -0.0000
vn -0.0211 -0.9998 -0.0000
vn -0.0135 -0.9999 -0.0000
vn -0.0065 -1.0000 -0.0000
vn -0.0016 -1.0000 -0.0000
vn -0.6631 -0.7486 -0.0000
vn -0.7485 0.6631 -0.0000
vn 0.0019 1.0000 -0.0000
vn -0.7486 0.6631 -0.0000
vn 0.0079 1.0000 -0.0000
vn 0.0163 0.9999 -0.0000
vn 0.0255 0.9997 -0.0000
vn 0.0355 0.9994 -0.0000
vn 0.0462 0.9989 -0.0000
vn 0.0576 0.9983 -0.0000
vn 0.0697 0.9976 -0.0000
vn 0.0826 0.9966 -0.0000
vn 0.0963 0.9954 -0.0000
vn 0.1106 0.9939 -0.0000
vn 0.1257 0.9921 -0.0000
vn -0.6681 0.7441 -0.0000
vn -0.7331 -0.6801 -0.0000
vn -0.0965 -0.9953 -0.0000
vn -0.0873 -0.9962 -0.0000
vn -0.0781 -0.9969 -0.0000
vn -0.0688 -0.9976 -0.0000
vn -0.0595 -0.9982 -0.0000
vn -0.0503 -0.9987 -0.0000
vn -0.0413 -0.9991 -0.0000
vn -0.0324 -0.9995 -0.0000
vn -0.0238 -0.9997 -0.0000
vn -0.0156 -0.9999 -0.0000
vn -0.0076 -1.0000 -0.0000
vn -0.0019 -1.0000 -0.0000
vn -0.6722 -0.7404 -0.0000
vn -0.9956 -0.0933 -0.0000
vn -0.6721 -0.7404 -0.0000
vn -0.9962 -0.0870 -0.0000
vn -0.9968 -0.0805 -0.0000
vn -0.9973 -0.0738 -0.0000
vn -0.9978 -0.0669 -0.0000
vn -0.9982 -0.0596 -0.0000
vn -0.9987 -0.0517 -0.0000
vn -0.9991 -0.0434 -0.0000
vn -0.9994 -0.0342 -0.0000
vn -0.9991 -0.0433 -0.0000
vn -0.9997 -0.0241 -0.0000
vn -0.9999 -0.0127 -0.0000
vn -0.9998 0.0207 -0.0000
vn -0.9999 -0.0128 -0.0000
vn -0.9949 0.1010 -0.0000
vn -0.9998 0.0206 -0.0000
vn -0.9770 0.2132 -0.0000
vn -0.9417 0.3365 -0.0000
vn -0.8845 0.4665 -0.0000
vn -0.8031 0.5958 -0.0000
vn -0.6990 0.7151 -0.0000
vn -0.5781 0.8159 -0.0000
vn -0.4495 0.8933 -0.0000
vn -0.3223 0.9466 -0.0000
vn -0.2031 0.9792 -0.0000
vn -0.0958 0.9954 -0.0000
vn -0.0040 1.0000 -0.0000
vn 0.0774 0.9970 -0.0000
vn 0.1609 0.9870 -0.0000
vn 0.2519 0.9678 -0.0000
vn 0.3504 0.9366 -0.0000
vn 0.4560 0.8900 -0.0000
vn 0.5666 0.8240 -0.0000
vn 0.6781 0.7350 -0.0000
vn 0.7840 0.6208 -0.0000
vn 0.8757 0.4828 -0.0000
vn 0.9451 0.3268 -0.0000
vn 0.9867 0.1626 -0.0000
vn 0.9998 0.0177 -0.0000
vn 0.9962 -0.0873 -0.0000
vn 0.9852 -0.1712 -0.0000
vn 0.9962 -0.0874 -0.0000
vn 0.9681 -0.2506 -0.0000
vn 0.9456 -0.3254 -0.0000
vn 0.9185 -0.3955 -0.0000
vn 0.8874 -0.4609 -0.0000
vn 0.8531 -0.5218 -0.0000
vn 0.8159 -0.5782 -0.0000
vn 0.7764 -0.6303 -0.0000
vn 0.7349 -0.6782 -0.0000
vn 0.6918 -0.7221 -0.0000
vn 0.9648 0.2629 -0.0000
vn -0.3195 0.9476 -0.0000
vn -0.7661 0.6427 -0.0000
vn -0.7936 0.6084 -0.0000
vn -0.8229 0.5682 -0.0000
vn -0.8531 0.5217 -0.0000
vn -0.8833 0.4689 -0.0000
vn -0.9121 0.4099 -0.0000
vn -0.9384 0.3456 -0.0000
vn -0.9608 0.2773 -0.0000
vn -0.9784 0.2068 -0.0000
vn -0.9907 0.1359 -0.0000
vn -0.9978 0.0666 -0.0000
vn -0.9998 -0.0213 -0.0000
vn -0.9880 -0.1541 -0.0000
vn -0.9500 -0.3121 -0.0000
vn -0.9880 -0.1542 -0.0000
vn -0.8851 -0.4653 -0.0000
vn -0.7971 -0.6039 -0.0000
vn -0.6931 -0.7208 -0.0000
vn -0.5815 -0.8136 -0.0000
vn -0.4693 -0.8831 -0.0000
vn -0.3612 -0.9325 -0.0000
vn -0.2598 -0.9657 -0.0000
vn -0.1661 -0.9861 -0.0000
vn -0.0799 -0.9968 -0.0000
vn -0.0005 -1.0000 -0.0000
vn 0.0790 -0.9969 -0.0000
vn 0.1676 -0.9859 -0.0000
vn 0.2681 -0.9634 -0.0000
vn 0.3802 -0.9249 -0.0000
vn 0.5010 -0.8654 -0.0000
vn 0.6246 -0.7810 -0.0000
vn 0.7416 -0.6709 -0.0000
vn 0.6245 -0.7810 -0.0000
vn 0.8418 -0.5398 -0.0000
vn 0.7415 -0.6709 -0.0000
vn 0.9177 -0.3972 -0.0000
vn 0.9671 -0.2544 -0.0000
vn 0.9927 -0.1208 -0.0000
vn 0.9997 -0.0243 -0.0000
vn 0.9999 0.0161 -0.0000
vn 0.9997 -0.0244 -0.0000
vn 0.9995 0.0303 -0.0000
vn 0.9991 0.0424 -0.0000
vn 0.9995 0.0302 -0.0000
vn 0.9986 0.0531 -0.0000
vn 0.9981 0.0624 -0.0000
vn 0.9986 0.0530 -0.0000
vn 0.9975 0.0707 -0.0000
vn 0.9969 0.0781 -0.0000
vn 0.9964 0.0847 -0.0000
vn 0.9959 0.0907 -0.0000
vn 0.9954 0.0962 -0.0000
vn 0.9949 0.1012 -0.0000
vn 0.7708 -0.6371 -0.0000
vn 0.0916 -0.9958 -0.0000
vn 0.1042 -0.9946 -0.0000
vn 0.1177 -0.9930 -0.0000
vn 0.1322 -0.9912 -0.0000
vn 0.1478 -0.9890 -0.0000
vn 0.1646 -0.9864 -0.0000
vn 0.1827 -0.9832 -0.0000
vn 0.2022 -0.9793 -0.0000
vn 0.2233 -0.9747 -0.0000
vn 0.2462 -0.9692 -0.0000
vn 0.2709 -0.9626 -0.0000
vn 0.8164 -0.5774 -0.0000
vn 0.5644 0.8255 -0.0000
vn -0.2998 0.9540 -0.0000
vn -0.2722 0.9622 -0.0000
vn -0.2467 0.9691 -0.0000
vn -0.2230 0.9748 -0.0000
vn -0.2010 0.9796 -0.0000
vn -0.1806 0.9836 -0.0000
vn -0.2011 0.9796 -0.0000
vn -0.1616 0.9868 -0.0000
vn -0.1440 0.9896 -0.0000
vn -0.1275 0.9918 -0.0000
vn -0.1121 0.9937 -0.0000
vn -0.0978 0.9952 -0.0000
vn 0.6284 0.7779 -0.0000
vn 0.6283 0.7779 -0.0000
vn -0.0871 -0.9962 -0.0000
vn -0.0450 -0.9990 -0.0000
vn -0.1254 -0.9921 -0.0000
vn -0.1600 -0.9871 -0.0000
vn -0.1908 -0.9816 -0.0000
vn -0.2176 -0.9760 -0.0000
vn -0.2403 -0.9707 -0.0000
vn -0.2588 -0.9659 -0.0000
vn -0.2724 -0.9622 -0.0000
vn -0.2587 -0.9659 -0.0000
vn -0.2806 -0.9598 -0.0000
vn -0.2822 -0.9594 -0.0000
vn -0.2960 -0.9552 -0.0000
vn -0.3144 -0.9493 -0.0000
vn -0.3217 -0.9469 -0.0000
vn -0.3286 -0.9445 -0.0000
vn -0.3216 -0.9469 -0.0000
vn -0.3354 -0.9421 -0.0000
vn -0.3420 -0.9397 -0.0000
vn -0.3484 -0.9374 -0.0000
vn -0.3546 -0.9350 -0.0000
vn -0.3607 -0.9327 -0.0000
vn -0.3668 -0.9303 -0.0000
vn -0.3728 -0.9279 -0.0000
vn -0.3787 -0.9255 -0.0000
vn 0.4379 -0.8990 -0.0000
vn 0.8206 0.5715 -0.0000
vn 0.4380 -0.8990 -0.0000
vn 0.0908 0.9959 -0.0000
vn 0.1084 0.9941 -0.0000
vn 0.1243 0.9922 -0.0000
vn 0.1387 0.9903 -0.0000
vn 0.1520 0.9884 -0.0000
vn 0.1388 0.9903 -0.0000
vn 0.1643 0.9864 -0.0000
vn 0.1758 0.9844 -0.0000
vn 0.1867 0.9824 -0.0000
vn 0.1972 0.9804 -0.0000
vn 0.2073 0.9783 -0.0000
vn 0.2173 0.9761 -0.0000
vn 0.2251 0.9743 -0.0000
vn 0.2304 0.9731 -0.0000
vn 0.2321 0.9727 -0.0000
vn 0.2281 0.9736 -0.0000
vn 0.2193 0.9756 -0.0000
vn 0.2064 0.9785 -0.0000
vn 0.2194 0.9756 -0.0000
vn 0.1895 0.9819 -0.0000
vn 0.1686 0.9857 -0.0000
vn 0.1438 0.9896 -0.0000
vn 0.1147 0.9934 -0.0000
vn 0.0812 0.9967 -0.0000
vn 0.0427 0.9991 -0.0000
vn -0.0124 0.9999 -0.0000
vn -0.0968 0.9953 -0.0000
vn -0.1994 0.9799 -0.0000
vn -0.3080 0.9514 -0.0000
vn -0.4211 0.9070 -0.0000
vn -0.5361 0.8442 -0.0000
vn -0.6486 0.7611 -0.0000
vn -0.7531 0.6580 -0.0000
vn -0.8434 0.5373 -0.0000
vn -0.9146 0.4043 -0.0000
vn -0.9639 0.2662 -0.0000
vn -0.9915 0.1298 -0.0000
vn -1.0000 -0.0066 -0.0000
vn -0.9878 -0.1557 -0.0000
vn -0.9496 -0.3135 -0.0000
vn -0.8861 -0.4635 -0.0000
vn -0.8031 -0.5958 -0.0000
vn -0.8861 -0.4634 -0.0000
vn -0.7091 -0.7051 -0.0000
vn -0.6120 -0.7908 -0.0000
vn -0.5179 -0.8554 -0.0000
vn -0.4300 -0.9028 -0.0000
vn -0.3495 -0.9370 -0.0000
vn -0.2764 -0.9611 -0.0000
vn -0.2101 -0.9777 -0.0000
vn 0.4154 -0.9096 -0.0000
vn 0.9032 0.4292 -0.0000
vn 0.1768 0.9843 -0.0000
vn 0.2370 0.9715 -0.0000
vn 0.3054 0.9522 -0.0000
vn 0.3831 0.9237 -0.0000
vn 0.4706 0.8823 -0.0000
vn 0.5675 0.8234 -0.0000
vn 0.6710 0.7415 -0.0000
vn 0.7746 0.6324 -0.0000
vn 0.8687 0.4954 -0.0000
vn 0.9418 0.3362 -0.0000
vn 0.9860 0.1668 -0.0000
vn 1.0000 0.0066 -0.0000
vn 0.9904 -0.1384 -0.0000
vn 0.9604 -0.2788 -0.0000
vn 0.9092 -0.4163 -0.0000
vn 0.8382 -0.5453 -0.0000
vn 0.7503 -0.6611 -0.0000
vn 0.6498 -0.7601 -0.0000
vn 0.5411 -0.8409 -0.0000
vn 0.6497 -0.7601 -0.0000
vn 0.4288 -0.9034 -0.0000
vn 0.3163 -0.9487 -0.0000
vn 0.2063 -0.9785 -0.0000
vn 0.1007 -0.9949 -0.0000
vn 0.0130 -0.9999 -0.0000
vn 0.0723 -0.9974 -0.0000
vn -0.6242 -0.7813 -0.0000
vn 0.0801 -0.9968 -0.0000
vn 0.0870 -0.9962 -0.0000
vn 0.0934 -0.9956 -0.0000
vn 0.0997 -0.9950 -0.0000
vn 0.1062 -0.9943 -0.0000
vn 0.1132 -0.9936 -0.0000
vn 0.1211 -0.9926 -0.0000
vn 0.1304 -0.9915 -0.0000
vn 0.1417 -0.9899 -0.0000
vn 0.1560 -0.9878 -0.0000
vn 0.8149 -0.5796 -0.0000
vn 0.5634 0.8262 -0.0000
vn -0.1886 0.9821 -0.0000
vn -0.1632 0.9866 -0.0000
vn -0.1438 0.9896 -0.0000
vn -0.1280 0.9918 -0.0000
vn -0.1145 0.9934 -0.0000
vn -0.1024 0.9947 -0.0000
vn -0.0908 0.9959 -0.0000
vn -0.0792 0.9969 -0.0000
vn -0.0668 0.9978 -0.0000
vn -0.0523 0.9986 -0.0000
vn -0.0341 0.9994 -0.0000
vn -0.7673 0.6413 -0.0000
vn 0.7071 -0.7071 -0.0000
vn -0.7071 -0.7071 -0.0000
vn 0.7071 0.7071 -0.0000
vn -0.7071 0.7071 -0.0000
vn -0.9996 -0.0270 -0.0000
vn -0.9997 -0.0264 -0.0000
vn -0.9996 -0.0288 -0.0000
vn -0.9995 -0.0317 -0.0000
vn -0.9994 -0.0356 -0.0000
vn -0.9992 -0.0403 -0.0000
vn -0.9989 -0.0458 -0.0000
vn -0.9986 -0.0520 -0.0000
vn -0.9983 -0.0589 -0.0000
vn -0.9978 -0.0664 -0.0000
vn -0.9972 -0.0745 -0.0000
vn -0.9996 0.0280 -0.0000
vn -0.9889 0.1488 -0.0000
vn -0.9832 0.1826 -0.0000
vn -0.9742 0.2256 -0.0000
vn -0.9609 0.2769 -0.0000
vn -0.9415 0.3370 -0.0000
vn -0.9139 0.4060 -0.0000
vn -0.8750 0.4842 -0.0000
vn -0.8213 0.5705 -0.0000
vn -0.7492 0.6623 -0.0000
vn -0.6560 0.7548 -0.0000
vn -0.5412 0.8409 -0.0000
vn -0.6559 0.7548 -0.0000
vn -0.9961 0.0878 -0.0000
vn -0.6394 -0.7689 -0.0000
vn -0.6684 -0.7438 -0.0000
vn -0.6937 -0.7202 -0.0000
vn -0.7163 -0.6978 -0.0000
vn -0.7369 -0.6759 -0.0000
vn -0.7562 -0.6543 -0.0000
vn -0.7746 -0.6325 -0.0000
vn -0.7926 -0.6098 -0.0000
vn -0.8105 -0.5857 -0.0000
vn -0.8289 -0.5594 -0.0000
vn -0.8482 -0.5298 -0.0000
vn -0.2662 -0.9639 -0.0000
vn 0.5180 -0.8554 -0.0000
vn 0.6028 -0.7979 -0.0000
vn 0.6777 -0.7354 -0.0000
vn 0.7418 -0.6706 -0.0000
vn 0.7954 -0.6061 -0.0000
vn 0.8393 -0.5436 -0.0000
vn 0.8748 -0.4845 -0.0000
vn 0.9031 -0.4295 -0.0000
vn 0.9254 -0.3790 -0.0000
vn 0.9429 -0.3330 -0.0000
vn 0.9566 -0.2915 -0.0000
vn -0.0119 -0.9999 -0.0000
vn -0.9624 -0.2716 -0.0000
vn -0.0118 -0.9999 -0.0000
vn -0.9478 -0.3188 -0.0000
vn -0.9291 -0.3700 -0.0000
vn -0.9053 -0.4248 -0.0000
vn -0.8757 -0.4829 -0.0000
vn -0.8394 -0.5435 -0.0000
vn -0.7958 -0.6055 -0.0000
vn -0.7446 -0.6676 -0.0000
vn -0.6857 -0.7279 -0.0000
vn -0.7445 -0.6676 -0.0000
vn -0.6197 -0.7849 -0.0000
vn -0.5477 -0.8367 -0.0000
vn 0.1905 -0.9817 -0.0000
vn 0.7851 -0.6193 -0.0000
vn 0.7665 -0.6423 -0.0000
vn 0.7489 -0.6627 -0.0000
vn 0.7320 -0.6813 -0.0000
vn 0.7154 -0.6987 -0.0000
vn 0.6986 -0.7155 -0.0000
vn 0.6813 -0.7320 -0.0000
vn 0.6631 -0.7486 -0.0000
vn 0.6435 -0.7655 -0.0000
vn 0.6220 -0.7830 -0.0000
vn 0.5979 -0.8015 -0.0000
vn 0.9992 0.0393 -0.0000
vn 0.5855 0.8107 -0.0000
vn 0.9992 0.0394 -0.0000
vn 0.7038 0.7104 -0.0000
vn 0.7998 0.6002 -0.0000
vn 0.8719 0.4897 -0.0000
vn 0.9225 0.3861 -0.0000
vn 0.9560 0.2935 -0.0000
vn 0.9769 0.2136 -0.0000
vn 0.9892 0.1466 -0.0000
vn 0.9957 0.0923 -0.0000
vn 0.9987 0.0512 -0.0000
vn 0.9997 0.0260 -0.0000
vn 0.7007 0.7135 -0.0000
vn -0.7164 0.6977 -0.0000
vn -0.9860 0.1666 -0.0000
vn -0.9968 0.0804 -0.0000
vn -0.9659 0.2588 -0.0000
vn -0.9344 0.3562 -0.0000
vn -0.8892 0.4575 -0.0000
vn -0.8279 0.5609 -0.0000
vn -0.7479 0.6638 -0.0000
vn -0.6467 0.7628 -0.0000
vn -0.5219 0.8530 -0.0000
vn -0.3719 0.9283 -0.0000
vn -0.1964 0.9805 -0.0000
vn 0.0084 1.0000 -0.0000
vn 0.2292 0.9734 -0.0000
vn 0.4276 0.9040 -0.0000
vn 0.5816 0.8135 -0.0000
vn 0.6934 0.7205 -0.0000
vn 0.7725 0.6350 -0.0000
vn 0.8284 0.5602 -0.0000
vn 0.8683 0.4961 -0.0000
vn 0.8973 0.4414 -0.0000
vn 0.9188 0.3947 -0.0000
vn 0.9350 0.3545 -0.0000
vn 0.9475 0.3197 -0.0000
vn 0.9564 0.2922 -0.0000
vn 0.9619 0.2736 -0.0000
vn 0.9659 0.2591 -0.0000
vn 0.9695 0.2450 -0.0000
vn 0.9658 0.2591 -0.0000
vn 0.9729 0.2312 -0.0000
vn 0.9761 0.2175 -0.0000
vn 0.9790 0.2038 -0.0000
vn 0.9817 0.1902 -0.0000
vn 0.9843 0.1765 -0.0000
vn 0.9867 0.1625 -0.0000
vn 0.9889 0.1483 -0.0000
vn 0.9910 0.1337 -0.0000
vn 0.6852 -0.7284 -0.0000
vn -0.2487 -0.9686 -0.0000
vn 0.6852 -0.7283 -0.0000
vn -0.3685 -0.9296 -0.0000
vn -0.4801 -0.8772 -0.0000
vn -0.5815 -0.8135 -0.0000
vn -0.6720 -0.7405 -0.0000
vn -0.7515 -0.6597 -0.0000
vn -0.8204 -0.5719 -0.0000
vn -0.7515 -0.6598 -0.0000
vn -0.8791 -0.4767 -0.0000
vn -0.9276 -0.3735 -0.0000
vn -0.9655 -0.2605 -0.0000
vn -0.9907 -0.1360 -0.0000
vn -0.9655 -0.2606 -0.0000
vn -0.9999 -0.0158 -0.0000
vn -0.9318 -0.3629 -0.0000
vn -0.9470 -0.3211 -0.0000
vn -0.9117 -0.4109 -0.0000
vn -0.8848 -0.4661 -0.0000
vn -0.8483 -0.5295 -0.0000
vn -0.7987 -0.6018 -0.0000
vn -0.7309 -0.6825 -0.0000
vn -0.6391 -0.7691 -0.0000
vn -0.5180 -0.8554 -0.0000
vn -0.3659 -0.9307 -0.0000
vn -0.1887 -0.9820 -0.0000
vn -0.0002 -1.0000 -0.0000
vn 0.1845 -0.9828 -0.0000
vn 0.3540 -0.9352 -0.0000
vn 0.5017 -0.8651 -0.0000
vn 0.6259 -0.7799 -0.0000
vn 0.7278 -0.6858 -0.0000
vn 0.8097 -0.5869 -0.0000
vn 0.8739 -0.4860 -0.0000
vn 0.9229 -0.3850 -0.0000
vn 0.9585 -0.2851 -0.0000
vn 0.9823 -0.1872 -0.0000
vn 0.9958 -0.0920 -0.0000
vn 0.9999 0.0141 -0.0000
vn 0.9894 0.1451 -0.0000
vn 0.9589 0.2837 -0.0000
vn 0.9111 0.4122 -0.0000
vn 0.8487 0.5289 -0.0000
vn 0.7737 0.6335 -0.0000
vn 0.6879 0.7258 -0.0000
vn 0.5923 0.8057 -0.0000
vn 0.4876 0.8731 -0.0000
vn 0.3747 0.9272 -0.0000
vn 0.2544 0.9671 -0.0000
vn 0.1286 0.9917 -0.0000
vn 0.0026 1.0000 -0.0000
vn -0.1209 0.9927 -0.0000
vn -0.2451 0.9695 -0.0000
vn -0.3697 0.9292 -0.0000
vn -0.4908 0.8713 -0.0000
vn -0.6046 0.7965 -0.0000
vn -0.7076 0.7066 -0.0000
vn -0.7970 0.6039 -0.0000
vn -0.8709 0.4914 -0.0000
vn -0.9282 0.3720 -0.0000
vn -0.9686 0.2486 -0.0000
vn -0.9923 0.1239 -0.0000
vn -1.0000 0.0028 -0.0000
vn -0.9934 -0.1150 -0.0000
vn -0.9717 -0.2361 -0.0000
vn -0.9328 -0.3604 -0.0000
vn -0.8756 -0.4830 -0.0000
vn -0.8013 -0.5983 -0.0000
vn -0.7130 -0.7012 -0.0000
vn -0.6152 -0.7884 -0.0000
vn -0.5129 -0.8585 -0.0000
vn -0.4105 -0.9119 -0.0000
vn -0.3114 -0.9503 -0.0000
vn -0.2177 -0.9760 -0.0000
vn 0.4040 -0.9148 -0.0000
vn 0.8991 0.4377 -0.0000
vn 0.4040 -0.9147 -0.0000
vn 0.1139 0.9935 -0.0000
vn 0.1237 0.9923 -0.0000
vn 0.1333 0.9911 -0.0000
vn 0.1427 0.9898 -0.0000
vn 0.1614 0.9869 -0.0000
vn 0.1709 0.9853 -0.0000
vn 0.1805 0.9836 -0.0000
vn 0.1906 0.9817 -0.0000
vn 0.2012 0.9795 -0.0000
vn 0.2341 0.9722 -0.0000
vn 0.3020 0.9533 -0.0000
vn 0.3836 0.9235 -0.0000
vn 0.4666 0.8845 -0.0000
vn 0.5510 0.8345 -0.0000
vn 0.6358 0.7719 -0.0000
vn 0.7190 0.6950 -0.0000
vn 0.7976 0.6032 -0.0000
vn 0.8678 0.4970 -0.0000
vn 0.9255 0.3788 -0.0000
vn 0.9675 0.2530 -0.0000
vn 0.9921 0.1251 -0.0000
vn 1.0000 0.0036 -0.0000
vn 0.9940 -0.1093 -0.0000
vn 1.0000 0.0037 -0.0000
vn 0.9752 -0.2211 -0.0000
vn 0.9425 -0.3343 -0.0000
vn 0.8946 -0.4468 -0.0000
vn 0.8312 -0.5560 -0.0000
vn 0.7523 -0.6588 -0.0000
vn 0.6591 -0.7520 -0.0000
vn 0.5541 -0.8324 -0.0000
vn 0.4405 -0.8977 -0.0000
vn 0.3224 -0.9466 -0.0000
vn 0.2039 -0.9790 -0.0000
vn -0.5987 -0.8010 -0.0000
vn -0.9893 -0.1458 -0.0000
vn -0.9879 -0.1550 -0.0000
vn -0.9863 -0.1648 -0.0000
vn -0.9845 -0.1752 -0.0000
vn -0.9825 -0.1864 -0.0000
vn -0.9845 -0.1753 -0.0000
vn -0.9802 -0.1982 -0.0000
vn -0.9775 -0.2108 -0.0000
vn -0.9745 -0.2243 -0.0000
vn -0.9711 -0.2387 -0.0000
vn -0.9672 -0.2542 -0.0000
vn -0.9627 -0.2707 -0.0000
vn -0.9569 -0.2904 -0.0000
vn -0.9425 0.3343 -0.0000
vn -0.1367 0.9906 -0.0000
vn -0.9392 -0.3433 -0.0000
vn -0.9380 -0.3467 -0.0000
vn -0.9367 -0.3503 -0.0000
vn -0.9352 -0.3541 -0.0000
vn -0.9337 -0.3582 -0.0000
vn -0.9319 -0.3626 -0.0000
vn -0.9300 -0.3676 -0.0000
vn -0.9278 -0.3730 -0.0000
vn -0.9300 -0.3675 -0.0000
vn -0.9253 -0.3791 -0.0000
vn -0.9225 -0.3861 -0.0000
vn -0.9191 -0.3941 -0.0000
vn -0.9852 0.1713 -0.0000
vn -0.7471 0.6647 -0.0000
vn -0.7830 0.6220 -0.0000
vn -0.8190 0.5738 -0.0000
vn -0.8541 0.5201 -0.0000
vn -0.8873 0.4611 -0.0000
vn -0.9176 0.3975 -0.0000
vn -0.8874 0.4611 -0.0000
vn -0.9438 0.3305 -0.0000
vn -0.9652 0.2615 -0.0000
vn -0.9814 0.1922 -0.0000
vn -0.9922 0.1246 -0.0000
vn -0.9982 0.0604 -0.0000
vn -1.0000 0.0051 -0.0000
vn -0.9992 -0.0401 -0.0000
vn -0.9964 -0.0848 -0.0000
vn -0.9813 -0.1925 -0.0000
vn -0.9665 -0.2567 -0.0000
vn -0.9445 -0.3284 -0.0000
vn -0.9133 -0.4073 -0.0000
vn -0.8704 -0.4923 -0.0000
vn -0.8137 -0.5814 -0.0000
vn -0.8704 -0.4924 -0.0000
vn -0.7417 -0.6708 -0.0000
vn -0.8136 -0.5814 -0.0000
vn -0.6546 -0.7560 -0.0000
vn -0.7416 -0.6708 -0.0000
vn -0.5809 -0.8140 -0.0000
vn -0.6545 -0.7560 -0.0000
vn -0.5300 -0.8480 -0.0000
vn -0.4807 -0.8769 -0.0000
vn -0.4341 -0.9009 -0.0000
vn -0.4808 -0.8769 -0.0000
vn -0.3901 -0.9208 -0.0000
vn -0.4342 -0.9008 -0.0000
vn -0.3484 -0.9373 -0.0000
vn -0.3089 -0.9511 -0.0000
vn -0.2711 -0.9625 -0.0000
vn -0.3088 -0.9511 -0.0000
vn -0.2349 -0.9720 -0.0000
vn -0.2711 -0.9626 -0.0000
vn -0.1999 -0.9798 -0.0000
vn -0.1659 -0.9861 -0.0000
vn -0.1325 -0.9912 -0.0000
vn -0.1005 -0.9949 -0.0000
vn -0.0795 -0.9968 -0.0000
vn -0.0683 -0.9977 -0.0000
vn -0.0568 -0.9984 -0.0000
vn -0.0449 -0.9990 -0.0000
vn -0.0325 -0.9995 -0.0000
vn -0.0195 -0.9998 -0.0000
vn -0.0058 -1.0000 -0.0000
vn 0.0087 -1.0000 -0.0000
vn 0.0241 -0.9997 -0.0000
vn 0.0405 -0.9992 -0.0000
vn 0.0581 -0.9983 -0.0000
vn 0.7204 -0.6936 -0.0000
vn 0.9985 -0.0547 -0.0000
vn 0.7205 -0.6935 -0.0000
vn 0.9948 -0.1021 -0.0000
vn 0.9985 -0.0546 -0.0000
vn 0.9896 -0.1437 -0.0000
vn 0.9834 -0.1815 -0.0000
vn 0.9761 -0.2173 -0.0000
vn 0.9834 -0.1816 -0.0000
vn 0.9677 -0.2521 -0.0000
vn 0.9579 -0.2871 -0.0000
vn 0.9463 -0.3234 -0.0000
vn 0.9322 -0.3618 -0.0000
vn 0.9463 -0.3233 -0.0000
vn 0.9149 -0.4036 -0.0000
vn 0.9323 -0.3618 -0.0000
vn 0.8930 -0.4500 -0.0000
vn 0.9150 -0.4036 -0.0000
vn 0.8382 0.5453 -0.0000
vn -0.0739 0.9973 -0.0000
vn -0.0675 0.9977 -0.0000
vn -0.0605 0.9982 -0.0000
vn -0.0527 0.9986 -0.0000
vn -0.0440 0.9990 -0.0000
vn -0.0343 0.9994 -0.0000
vn -0.0233 0.9997 -0.0000
vn -0.0108 0.9999 -0.0000
vn 0.0036 1.0000 -0.0000
vn 0.0202 0.9998 -0.0000
vn 0.0398 0.9992 -0.0000
vn 0.0648 0.9979 -0.0000
vn 0.0889 0.9960 -0.0000
vn 0.1108 0.9938 -0.0000
vn 0.1382 0.9904 -0.0000
vn 0.1711 0.9853 -0.0000
vn 0.2095 0.9778 -0.0000
vn 0.2533 0.9674 -0.0000
vn 0.2096 0.9778 -0.0000
vn 0.3017 0.9534 -0.0000
vn 0.2532 0.9674 -0.0000
vn 0.3538 0.9353 -0.0000
vn 0.3016 0.9534 -0.0000
vn 0.4086 0.9127 -0.0000
vn 0.4645 0.8856 -0.0000
vn 0.5199 0.8542 -0.0000
vn 0.5761 0.8174 -0.0000
vn 0.6607 0.7507 -0.0000
vn 0.5760 0.8174 -0.0000
vn 0.7591 0.6510 -0.0000
vn 0.6606 0.7507 -0.0000
vn 0.8359 0.5489 -0.0000
vn 0.8924 0.4512 -0.0000
vn 0.9321 0.3621 -0.0000
vn 0.9590 0.2834 -0.0000
vn 0.9766 0.2152 -0.0000
vn 0.9590 0.2833 -0.0000
vn 0.9876 0.1569 -0.0000
vn 0.9942 0.1073 -0.0000
vn 0.9979 0.0655 -0.0000
vn 0.9999 -0.0113 -0.0000
vn 0.9972 -0.0742 -0.0000
vn 0.9888 -0.1492 -0.0000
vn 0.9746 -0.2241 -0.0000
vn 0.9548 -0.2972 -0.0000
vn 0.9301 -0.3672 -0.0000
vn 0.9014 -0.4329 -0.0000
vn 0.8697 -0.4935 -0.0000
vn 0.8360 -0.5487 -0.0000
vn 0.8013 -0.5983 -0.0000
vn 0.7663 -0.6425 -0.0000
vn 0.7317 -0.6817 -0.0000
vn 0.9816 -0.1908 -0.0000
vn 0.7317 -0.6816 -0.0000
vn 0.9270 0.3751 -0.0000
vn 0.9315 0.3639 -0.0000
vn 0.9351 0.3544 -0.0000
vn 0.9381 0.3463 -0.0000
vn 0.9406 0.3395 -0.0000
vn 0.9426 0.3339 -0.0000
vn 0.9443 0.3292 -0.0000
vn 0.9455 0.3255 -0.0000
vn 0.9465 0.3228 -0.0000
vn 0.9471 0.3210 -0.0000
vn 0.9474 0.3201 -0.0000
vn 0.9471 0.3209 -0.0000
vn 0.8124 -0.5831 -0.0000
vn 0.1327 0.9912 -0.0000
vn 0.4672 -0.8841 -0.0000
vn -0.5590 -0.8292 -0.0000
vn -0.5501 -0.8351 -0.0000
vn -0.5410 -0.8410 -0.0000
vn -0.5317 -0.8469 -0.0000
vn -0.5221 -0.8529 -0.0000
vn -0.5123 -0.8588 -0.0000
vn -0.5222 -0.8529 -0.0000
vn -0.5023 -0.8647 -0.0000
vn -0.5124 -0.8588 -0.0000
vn -0.4919 -0.8706 -0.0000
vn -0.4812 -0.8766 -0.0000
vn -0.4702 -0.8825 -0.0000
vn -0.4813 -0.8766 -0.0000
vn -0.4589 -0.8885 -0.0000
vn -0.4703 -0.8825 -0.0000
vn 0.3277 -0.9448 -0.0000
vn 0.9025 -0.4308 -0.0000
vn 0.8922 -0.4517 -0.0000
vn 0.9024 -0.4308 -0.0000
vn 0.8828 -0.4697 -0.0000
vn 0.8921 -0.4517 -0.0000
vn 0.8740 -0.4859 -0.0000
vn 0.8654 -0.5011 -0.0000
vn 0.8566 -0.5160 -0.0000
vn 0.8474 -0.5310 -0.0000
vn 0.8373 -0.5468 -0.0000
vn 0.8259 -0.5638 -0.0000
vn 0.8125 -0.5829 -0.0000
vn 0.7962 -0.6051 -0.0000
vn 0.9751 0.2217 -0.0000
vn 0.7962 -0.6050 -0.0000
vn 0.4656 0.8850 -0.0000
vn 0.5086 0.8610 -0.0000
vn 0.5478 0.8366 -0.0000
vn 0.5844 0.8115 -0.0000
vn 0.6189 0.7855 -0.0000
vn 0.6521 0.7581 -0.0000
vn 0.6847 0.7288 -0.0000
vn 0.7171 0.6969 -0.0000
vn 0.6847 0.7289 -0.0000
vn 0.7500 0.6614 -0.0000
vn 0.7839 0.6209 -0.0000
vn 0.8190 0.5738 -0.0000
vn 0.4754 0.8798 -0.0000
vn -0.4374 0.8993 -0.0000
vn -0.7709 0.6370 -0.0000
vn -0.7390 0.6737 -0.0000
vn -0.6764 0.7365 -0.0000
vn -0.6452 0.7640 -0.0000
vn -0.6136 0.7896 -0.0000
vn -0.5810 0.8139 -0.0000
vn -0.5471 0.8371 -0.0000
vn -0.5111 0.8595 -0.0000
vn -0.4723 0.8814 -0.0000
vn -0.4299 0.9029 -0.0000
vn -0.4724 0.8814 -0.0000
vn -0.9711 0.2386 -0.0000
vn -0.7950 -0.6067 -0.0000
vn -0.9711 0.2387 -0.0000
vn -0.8137 -0.5813 -0.0000
vn -0.7950 -0.6066 -0.0000
vn -0.8287 -0.5597 -0.0000
vn -0.8409 -0.5411 -0.0000
vn -0.8512 -0.5249 -0.0000
vn -0.8409 -0.5412 -0.0000
vn -0.8598 -0.5106 -0.0000
vn -0.8511 -0.5249 -0.0000
vn -0.8673 -0.4978 -0.0000
vn -0.8738 -0.4862 -0.0000
vn -0.8797 -0.4756 -0.0000
vn -0.8739 -0.4862 -0.0000
vn -0.8849 -0.4658 -0.0000
vn -0.8797 -0.4755 -0.0000
vn -0.8898 -0.4564 -0.0000
vn -0.8850 -0.4656 -0.0000
vn -0.3179 -0.9481 -0.0000
vn -0.8898 -0.4563 -0.0000
vn 0.4448 -0.8956 -0.0000
vn 0.4555 -0.8903 -0.0000
vn 0.4656 -0.8850 -0.0000
vn 0.4555 -0.8902 -0.0000
vn 0.4753 -0.8798 -0.0000
vn 0.4846 -0.8747 -0.0000
vn 0.4936 -0.8697 -0.0000
vn 0.5022 -0.8648 -0.0000
vn 0.5104 -0.8599 -0.0000
vn 0.5021 -0.8648 -0.0000
vn 0.5184 -0.8551 -0.0000
vn 0.5261 -0.8504 -0.0000
vn 0.5335 -0.8458 -0.0000
vn -0.4810 -0.8767 -0.0000
vn -0.8526 -0.5225 -0.0000
vn -0.8739 0.4860 -0.0000
vn -0.8526 -0.5226 -0.0000
vn -0.8347 0.5507 -0.0000
vn -0.7875 0.6163 -0.0000
vn -0.7331 0.6801 -0.0000
vn -0.6732 0.7395 -0.0000
vn -0.6103 0.7922 -0.0000
vn -0.5475 0.8368 -0.0000
vn -0.4877 0.8730 -0.0000
vn -0.4333 0.9012 -0.0000
vn -0.3859 0.9225 -0.0000
vn -0.3465 0.9381 -0.0000
vn -0.9789 0.2046 -0.0000
vn -0.6936 -0.7204 -0.0000
vn -0.9788 0.2047 -0.0000
vn -0.7202 -0.6937 -0.0000
vn -0.6936 -0.7203 -0.0000
vn -0.7448 -0.6673 -0.0000
vn -0.7679 -0.6405 -0.0000
vn -0.7902 -0.6128 -0.0000
vn -0.7679 -0.6406 -0.0000
vn -0.8120 -0.5836 -0.0000
vn -0.8338 -0.5521 -0.0000
vn -0.8121 -0.5836 -0.0000
vn -0.8556 -0.5176 -0.0000
vn -0.8337 -0.5521 -0.0000
vn -0.8777 -0.4793 -0.0000
vn -0.8556 -0.5177 -0.0000
vn -0.9001 -0.4357 -0.0000
vn -0.8777 -0.4792 -0.0000
vn -0.9227 -0.3856 -0.0000
vn -0.3990 -0.9169 -0.0000
vn 0.3922 -0.9199 -0.0000
vn -0.3990 -0.9170 -0.0000
vn 0.4320 -0.9019 -0.0000
vn 0.4778 -0.8785 -0.0000
vn 0.5288 -0.8487 -0.0000
vn 0.5835 -0.8121 -0.0000
vn 0.6398 -0.7685 -0.0000
vn 0.6956 -0.7184 -0.0000
vn 0.7485 -0.6631 -0.0000
vn 0.6956 -0.7185 -0.0000
vn 0.7967 -0.6044 -0.0000
vn 0.8389 -0.5442 -0.0000
vn 0.8746 -0.4848 -0.0000
vn -0.0283 -0.9996 -0.0000
vn -0.8974 -0.4412 -0.0000
vn -0.0282 -0.9996 -0.0000
vn -0.8578 -0.5139 -0.0000
vn -0.8112 -0.5847 -0.0000
vn -0.7586 -0.6515 -0.0000
vn -0.7015 -0.7127 -0.0000
vn -0.6416 -0.7670 -0.0000
vn -0.5807 -0.8141 -0.0000
vn -0.5204 -0.8539 -0.0000
vn -0.4619 -0.8869 -0.0000
vn -0.4063 -0.9137 -0.0000
vn -0.3540 -0.9352 -0.0000
vn 0.3869 -0.9221 -0.0000
vn 0.8941 -0.4478 -0.0000
vn 0.8752 -0.4838 -0.0000
vn 0.8589 -0.5121 -0.0000
vn 0.8441 -0.5361 -0.0000
vn 0.8300 -0.5578 -0.0000
vn 0.8442 -0.5361 -0.0000
vn 0.8156 -0.5787 -0.0000
vn 0.8001 -0.5999 -0.0000
vn 0.7826 -0.6225 -0.0000
vn 0.7617 -0.6479 -0.0000
vn 0.7352 -0.6778 -0.0000
vn 0.6995 -0.7146 -0.0000
vn 0.9781 0.2083 -0.0000
vn 0.3451 0.9386 -0.0000
vn 0.9781 0.2082 -0.0000
vn 0.3973 0.9177 -0.0000
vn 0.4545 0.8907 -0.0000
vn 0.5165 0.8563 -0.0000
vn 0.5821 0.8131 -0.0000
vn 0.6498 0.7601 -0.0000
vn 0.7170 0.6971 -0.0000
vn 0.6497 0.7601 -0.0000
vn 0.7809 0.6246 -0.0000
vn 0.8386 0.5447 -0.0000
vn 0.8877 0.4605 -0.0000
vn 0.9268 0.3756 -0.0000
vn 0.8165 -0.5774 -0.0000
vn 0.5744 -0.8186 -0.0000
vn 0.9553 0.2956 -0.0000
vn 0.9554 0.2955 -0.0000
vn 0.5935 -0.8048 -0.0000
vn 0.6123 -0.7906 -0.0000
vn 0.6309 -0.7759 -0.0000
vn 0.6494 -0.7604 -0.0000
vn 0.6681 -0.7440 -0.0000
vn 0.6872 -0.7265 -0.0000
vn 0.7066 -0.7076 -0.0000
vn 0.6871 -0.7265 -0.0000
vn 0.7267 -0.6869 -0.0000
vn 0.7476 -0.6641 -0.0000
vn 0.7695 -0.6386 -0.0000
vn 0.7477 -0.6641 -0.0000
vn -0.0256 -0.9997 -0.0000
vn -0.8002 -0.5997 -0.0000
vn -0.0255 -0.9997 -0.0000
vn -0.7780 -0.6283 -0.0000
vn -0.8003 -0.5997 -0.0000
vn -0.7567 -0.6538 -0.0000
vn -0.7361 -0.6768 -0.0000
vn -0.7566 -0.6538 -0.0000
vn -0.7162 -0.6978 -0.0000
vn -0.6969 -0.7172 -0.0000
vn -0.7162 -0.6979 -0.0000
vn -0.6778 -0.7353 -0.0000
vn -0.6968 -0.7172 -0.0000
vn -0.6589 -0.7522 -0.0000
vn -0.6401 -0.7683 -0.0000
vn -0.6211 -0.7837 -0.0000
vn -0.6019 -0.7986 -0.0000
vn -0.9502 0.3116 -0.0000
vn -0.9502 0.3115 -0.0000
vn 0.9981 0.0619 -0.0000
vn 0.6848 0.7288 -0.0000
vn 0.9982 0.0605 -0.0000
vn 0.9981 0.0618 -0.0000
vn 0.9983 0.0584 -0.0000
vn 0.9985 0.0553 -0.0000
vn 0.9983 0.0583 -0.0000
vn 0.9987 0.0514 -0.0000
vn 0.9989 0.0467 -0.0000
vn 0.9992 0.0410 -0.0000
vn 0.9994 0.0345 -0.0000
vn 0.9996 0.0273 -0.0000
vn 0.9998 0.0190 -0.0000
vn 0.9996 0.0272 -0.0000
vn 1.0000 0.0098 -0.0000
vn 0.9998 0.0189 -0.0000
vn 1.0000 0.0025 -0.0000
vn 1.0000 0.0099 -0.0000
vn 1.0000 0.0026 -0.0000
vn -0.7223 0.6916 -0.0000
vn -0.9998 -0.0217 -0.0000
vn -0.7693 -0.6388 -0.0000
vn -0.7826 -0.6225 -0.0000
vn -0.7561 -0.6545 -0.0000
vn -0.7429 -0.6694 -0.0000
vn -0.7297 -0.6837 -0.0000
vn -0.7167 -0.6974 -0.0000
vn -0.7038 -0.7104 -0.0000
vn -0.6909 -0.7229 -0.0000
vn -0.6782 -0.7348 -0.0000
vn -0.6657 -0.7462 -0.0000
vn -0.6533 -0.7571 -0.0000
vn -0.9387 0.3448 -0.0000
vn -0.9387 0.3446 -0.0000
vn -0.3026 -0.9531 -0.0000
vn -0.5739 -0.8189 -0.0000
vn -0.5681 -0.8230 -0.0000
vn -0.5624 -0.8269 -0.0000
vn -0.5567 -0.8307 -0.0000
vn -0.5512 -0.8344 -0.0000
vn -0.5457 -0.8380 -0.0000
vn -0.5403 -0.8415 -0.0000
vn -0.5350 -0.8449 -0.0000
vn -0.5297 -0.8482 -0.0000
vn -0.5246 -0.8514 -0.0000
vn -0.5298 -0.8482 -0.0000
vn -0.5195 -0.8545 -0.0000
vn -0.9633 0.2684 -0.0000
vn -0.9633 0.2683 -0.0000
vn 0.5280 -0.8492 -0.0000
vn -0.4376 -0.8992 -0.0000
vn 0.5281 -0.8492 -0.0000
vn -0.4283 -0.9036 -0.0000
vn -0.4195 -0.9078 -0.0000
vn -0.4111 -0.9116 -0.0000
vn -0.4032 -0.9151 -0.0000
vn -0.3958 -0.9183 -0.0000
vn -0.3888 -0.9213 -0.0000
vn -0.3823 -0.9240 -0.0000
vn -0.3763 -0.9265 -0.0000
vn -0.3708 -0.9287 -0.0000
vn -0.3657 -0.9307 -0.0000
vn 0.3089 -0.9511 -0.0000
vn 0.8361 -0.5486 -0.0000
vn 0.8265 -0.5630 -0.0000
vn 0.8185 -0.5745 -0.0000
vn 0.8264 -0.5630 -0.0000
vn 0.8114 -0.5845 -0.0000
vn 0.8185 -0.5746 -0.0000
vn 0.8046 -0.5938 -0.0000
vn 0.8114 -0.5846 -0.0000
vn 0.7979 -0.6028 -0.0000
vn 0.8047 -0.5937 -0.0000
vn 0.7908 -0.6121 -0.0000
vn 0.7829 -0.6221 -0.0000
vn 0.7738 -0.6334 -0.0000
vn 0.7626 -0.6468 -0.0000
vn 0.7482 -0.6635 -0.0000
vn 0.9697 0.2442 -0.0000
vn 0.7482 -0.6634 -0.0000
vn 0.3421 0.9397 -0.0000
vn 0.3601 0.9329 -0.0000
vn 0.3781 0.9258 -0.0000
vn 0.3961 0.9182 -0.0000
vn 0.4142 0.9102 -0.0000
vn 0.4322 0.9018 -0.0000
vn 0.4504 0.8928 -0.0000
vn 0.4686 0.8834 -0.0000
vn 0.4869 0.8735 -0.0000
vn 0.5053 0.8629 -0.0000
vn 0.5238 0.8518 -0.0000
vn 0.9607 -0.2775 -0.0000
vn 0.9608 -0.2774 -0.0000
vn -0.3795 0.9252 -0.0000
vn 0.7167 0.6974 -0.0000
vn 0.7258 0.6879 -0.0000
vn 0.7346 0.6785 -0.0000
vn 0.7429 0.6694 -0.0000
vn 0.7345 0.6786 -0.0000
vn 0.7508 0.6605 -0.0000
vn 0.7583 0.6519 -0.0000
vn 0.7508 0.6606 -0.0000
vn 0.7654 0.6435 -0.0000
vn 0.7722 0.6354 -0.0000
vn 0.7655 0.6435 -0.0000
vn 0.7786 0.6275 -0.0000
vn 0.7722 0.6353 -0.0000
vn 0.7847 0.6199 -0.0000
vn 0.7904 0.6126 -0.0000
vn 0.2063 0.9785 -0.0000
vn -0.9792 0.2031 -0.0000
vn 0.6071 0.7946 -0.0000
vn 0.5976 0.8018 -0.0000
vn 0.5977 0.8018 -0.0000
vn 0.6165 0.7873 -0.0000
vn 0.6259 0.7799 -0.0000
vn 0.6165 0.7874 -0.0000
vn 0.6353 0.7723 -0.0000
vn 0.6446 0.7645 -0.0000
vn 0.6539 0.7566 -0.0000
vn 0.6631 0.7485 -0.0000
vn 0.6723 0.7403 -0.0000
vn 0.6814 0.7319 -0.0000
vn 0.6905 0.7233 -0.0000
vn 0.9271 -0.3748 -0.0000
vn 0.6905 0.7234 -0.0000
vn 0.3120 0.9501 -0.0000
vt 0.652542 0.000000
vt 0.669492 0.000000
vt 0.661017 0.000000
vt 0.677966 0.000000
vt 0.788136 0.000000
vt 0.805085 0.000000
vt 0.796610 0.000000
vt 0.779661 0.000000
vt 0.771186 0.000000
vt 0.762712 0.000000
vt 0.000000 0.000000
vt 0.754237 0.000000
vt 0.745763 0.000000
vt 0.008475 0.000000
vt 0.737288 0.000000
vt 0.728814 0.000000
vt 0.016949 0.000000
vt 0.720339 0.000000
vt 0.635593 0.000000
vt 0.644068 0.000000
vt 0.686441 0.000000
vt 0.694915 0.000000
vt 0.711864 0.000000
vt 0.025424 0.000000
vt 0.703390 0.000000
vt 0.033898 0.000000
vt 0.627119 0.000000
vt 0.915254 0.000000
vt 0.906780 0.000000
vt 0.042373 0.000000
vt 0.618644 0.000000
vt 0.923729 0.000000
vt 0.898305 0.000000
vt 0.050847 0.000000
vt 0.889831 0.000000
vt 0.881356 0.000000
vt 0.059322 0.000000
vt 0.872881 0.000000
vt 0.864407 0.000000
vt 0.067797 0.000000
vt 0.855932 0.000000
vt 0.847458 0.000000
vt 0.076271 0.000000
vt 0.838983 0.000000
vt 0.830508 0.000000
vt 0.084746 0.000000
vt 0.822034 0.000000
vt 0.813559 0.000000
vt 0.093220 0.000000
vt 0.932203 0.000000
vt 0.601695 0.000000
vt 0.610169 0.000000
vt 0.101695 0.000000
vt 0.110169 0.000000
vt 0.593220 0.000000
vt 0.584746 0.000000
vt 0.118644 0.000000
vt 0.127119 0.000000
vt 0.135593 0.000000
vt 0.144068 0.000000
vt 0.576271 0.000000
vt 0.152542 0.000000
vt 0.161017 0.000000
vt 0.567797 0.000000
vt 0.169492 0.000000
vt 0.177966 0.000000
vt 0.559322 0.000000
vt 0.186441 0.000000
vt 0.194915 0.000000
vt 0.550847 0.000000
vt 0.203390 0.000000
vt 0.211864 0.000000
vt 0.542373 0.000000
vt 0.220339 0.000000
vt 0.228814 0.000000
vt 0.974576 0.000000
vt 0.237288 0.000000
vt 0.533898 0.000000
vt 0.525424 0.000000
vt 0.516949 0.000000
vt 0.508475 0.000000
vt 0.983051 0.000000
vt 0.288136 0.000000
vt 0.991525 0.000000
vt 1.000000 0.000000
vt 0.500000 0.000000
vt 0.296610 0.000000
vt 0.279661 0.000000
vt 0.491525 0.000000
vt 0.305085 0.000000
vt 0.313559 0.000000
vt 0.483051 0.000000
vt 0.474576 0.000000
vt 0.322034 0.000000
vt 0.466102 0.000000
vt 0.330508 0.000000
vt 0.457627 0.000000
vt 0.338983 0.000000
vt 0.449153 0.000000
vt 0.347458 0.000000
vt 0.440678 0.000000
vt 0.432203 0.000000
vt 0.355932 0.000000
vt 0.423729 0.000000
vt 0.364407 0.000000
vt 0.415254 0.000000
vt 0.372881 0.000000
vt 0.406780 0.000000
vt 0.381356 0.000000
vt 0.398305 0.000000
vt 0.389830 0.000000
vt 0.957627 0.000000
vt 0.949153 0.000000
vt 0.966102 0.000000
vt 0.940678 0.000000
vt 0.262712 0.000000
vt 0.254237 0.000000
vt 0.271186 0.000000
vt 0.245763 0.000000
vt 0.516129 0.000000
vt 0.521994 0.000000
vt 0.519062 0.000000
vt 0.524927 0.000000
vt 0.513196 0.000000
vt 0.527859 0.000000
vt 0.404692 0.000000
vt 0.002933 0.000000
vt 0.398827 0.000000
vt 0.392962 0.000000
vt 0.401760 0.000000
vt 0.510264 0.000000
vt 0.903226 0.000000
vt 0.530792 0.000000
vt 0.906158 0.000000
vt 0.900293 0.000000
vt 0.507331 0.000000
vt 0.005865 0.000000
vt 0.533724 0.000000
vt 0.909091 0.000000
vt 0.897361 0.000000
vt 0.504399 0.000000
vt 0.390029 0.000000
vt 0.008798 0.000000
vt 0.536657 0.000000
vt 0.912023 0.000000
vt 0.894428 0.000000
vt 0.914956 0.000000
vt 0.395894 0.000000
vt 0.387097 0.000000
vt 0.891496 0.000000
vt 0.501466 0.000000
vt 0.011730 0.000000
vt 0.539589 0.000000
vt 0.917889 0.000000
vt 0.888563 0.000000
vt 0.384164 0.000000
vt 0.498534 0.000000
vt 0.542522 0.000000
vt 0.014663 0.000000
vt 0.920821 0.000000
vt 0.885630 0.000000
vt 0.381232 0.000000
vt 0.545455 0.000000
vt 0.923754 0.000000
vt 0.495601 0.000000
vt 0.882698 0.000000
vt 0.017595 0.000000
vt 0.378299 0.000000
vt 0.926686 0.000000
vt 0.879765 0.000000
vt 0.548387 0.000000
vt 0.492669 0.000000
vt 0.020528 0.000000
vt 0.929619 0.000000
vt 0.876833 0.000000
vt 0.375367 0.000000
vt 0.551320 0.000000
vt 0.489736 0.000000
vt 0.932551 0.000000
vt 0.873900 0.000000
vt 0.554252 0.000000
vt 0.023460 0.000000
vt 0.372434 0.000000
vt 0.486804 0.000000
vt 0.935484 0.000000
vt 0.870968 0.000000
vt 0.557185 0.000000
vt 0.938416 0.000000
vt 0.483871 0.000000
vt 0.868035 0.000000
vt 0.560117 0.000000
vt 0.369501 0.000000
vt 0.026393 0.000000
vt 0.563050 0.000000
vt 0.565982 0.000000
vt 0.480938 0.000000
vt 0.627566 0.000000
vt 0.568915 0.000000
vt 0.478006 0.000000
vt 0.413490 0.000000
vt 0.630499 0.000000
vt 0.624633 0.000000
vt 0.416422 0.000000
vt 0.410557 0.000000
vt 0.571847 0.000000
vt 0.475073 0.000000
vt 0.621701 0.000000
vt 0.366569 0.000000
vt 0.419355 0.000000
vt 0.472141 0.000000
vt 0.029326 0.000000
vt 0.574780 0.000000
vt 0.618768 0.000000
vt 0.422287 0.000000
vt 0.469208 0.000000
vt 0.615836 0.000000
vt 0.577713 0.000000
vt 0.425220 0.000000
vt 0.612903 0.000000
vt 0.466276 0.000000
vt 0.580645 0.000000
vt 0.428153 0.000000
vt 0.609971 0.000000
vt 0.463343 0.000000
vt 0.583578 0.000000
vt 0.607038 0.000000
vt 0.431085 0.000000
vt 0.363636 0.000000
vt 0.460411 0.000000
vt 0.604106 0.000000
vt 0.434018 0.000000
vt 0.586510 0.000000
vt 0.032258 0.000000
vt 0.601173 0.000000
vt 0.457478 0.000000
vt 0.436950 0.000000
vt 0.589443 0.000000
vt 0.598240 0.000000
vt 0.439883 0.000000
vt 0.454545 0.000000
vt 0.595308 0.000000
vt 0.592375 0.000000
vt 0.442815 0.000000
vt 0.451613 0.000000
vt 0.360704 0.000000
vt 0.445748 0.000000
vt 0.448680 0.000000
vt 0.035191 0.000000
vt 0.407625 0.000000
vt 0.865103 0.000000
vt 0.633431 0.000000
vt 0.636364 0.000000
vt 0.357771 0.000000
vt 0.038123 0.000000
vt 0.354839 0.000000
vt 0.041056 0.000000
vt 0.351906 0.000000
vt 0.043988 0.000000
vt 0.348974 0.000000
vt 0.046921 0.000000
vt 0.346041 0.000000
vt 0.859238 0.000000
vt 0.982405 0.000000
vt 0.862170 0.000000
vt 0.639296 0.000000
vt 0.979472 0.000000
vt 0.997067 0.000000
vt 0.994135 0.000000
vt 0.642229 0.000000
vt 0.049853 0.000000
vt 0.343109 0.000000
vt 0.052786 0.000000
vt 0.340176 0.000000
vt 0.055718 0.000000
vt 0.337243 0.000000
vt 0.985337 0.000000
vt 0.976540 0.000000
vt 0.991202 0.000000
vt 0.058651 0.000000
vt 0.334311 0.000000
vt 0.061584 0.000000
vt 0.331378 0.000000
vt 0.328446 0.000000
vt 0.064516 0.000000
vt 0.325513 0.000000
vt 0.067449 0.000000
vt 0.322581 0.000000
vt 0.070381 0.000000
vt 0.319648 0.000000
vt 0.973607 0.000000
vt 0.073314 0.000000
vt 0.988270 0.000000
vt 0.970675 0.000000
vt 0.967742 0.000000
vt 0.316716 0.000000
vt 0.964809 0.000000
vt 0.313783 0.000000
vt 0.076246 0.000000
vt 0.961877 0.000000
vt 0.958944 0.000000
vt 0.310850 0.000000
vt 0.956012 0.000000
vt 0.953079 0.000000
vt 0.079179 0.000000
vt 0.307918 0.000000
vt 0.950147 0.000000
vt 0.947214 0.000000
vt 0.304985 0.000000
vt 0.944282 0.000000
vt 0.082111 0.000000
vt 0.302053 0.000000
vt 0.941349 0.000000
vt 0.299120 0.000000
vt 0.085044 0.000000
vt 0.296188 0.000000
vt 0.293255 0.000000
vt 0.290323 0.000000
vt 0.087977 0.000000
vt 0.287390 0.000000
vt 0.284457 0.000000
vt 0.281525 0.000000
vt 0.090909 0.000000
vt 0.278592 0.000000
vt 0.275660 0.000000
vt 0.272727 0.000000
vt 0.269795 0.000000
vt 0.266862 0.000000
vt 0.263930 0.000000
vt 0.260997 0.000000
vt 0.211144 0.000000
vt 0.217009 0.000000
vt 0.214076 0.000000
vt 0.219941 0.000000
vt 0.258065 0.000000
vt 0.222874 0.000000
vt 0.255132 0.000000
vt 0.225806 0.000000
vt 0.252199 0.000000
vt 0.228739 0.000000
vt 0.249267 0.000000
vt 0.231672 0.000000
vt 0.246334 0.000000
vt 0.234604 0.000000
vt 0.243402 0.000000
vt 0.237537 0.000000
vt 0.240469 0.000000
vt 0.093842 0.000000
vt 0.208211 0.000000
vt 0.205279 0.000000
vt 0.096774 0.000000
vt 0.202346 0.000000
vt 0.099707 0.000000
vt 0.199413 0.000000
vt 0.856305 0.000000
vt 0.853372 0.000000
vt 0.645161 0.000000
vt 0.648094 0.000000
vt 0.196481 0.000000
vt 0.102639 0.000000
vt 0.193548 0.000000
vt 0.105572 0.000000
vt 0.190616 0.000000
vt 0.108504 0.000000
vt 0.187683 0.000000
vt 0.111437 0.000000
vt 0.850440 0.000000
vt 0.114370 0.000000
vt 0.184751 0.000000
vt 0.117302 0.000000
vt 0.120235 0.000000
vt 0.750733 0.000000
vt 0.651026 0.000000
vt 0.123167 0.000000
vt 0.181818 0.000000
vt 0.126100 0.000000
vt 0.129032 0.000000
vt 0.131965 0.000000
vt 0.178886 0.000000
vt 0.134897 0.000000
vt 0.137830 0.000000
vt 0.140762 0.000000
vt 0.143695 0.000000
vt 0.146628 0.000000
vt 0.149560 0.000000
vt 0.152493 0.000000
vt 0.175953 0.000000
vt 0.155425 0.000000
vt 0.173021 0.000000
vt 0.158358 0.000000
vt 0.170088 0.000000
vt 0.161290 0.000000
vt 0.167155 0.000000
vt 0.164223 0.000000
vt 0.847507 0.000000
vt 0.753666 0.000000
vt 0.747801 0.000000
vt 0.653959 0.000000
vt 0.844575 0.000000
vt 0.756598 0.000000
vt 0.744868 0.000000
vt 0.656892 0.000000
vt 0.841642 0.000000
vt 0.759531 0.000000
vt 0.838710 0.000000
vt 0.659824 0.000000
vt 0.741935 0.000000
vt 0.762463 0.000000
vt 0.835777 0.000000
vt 0.662757 0.000000
vt 0.739003 0.000000
vt 0.765396 0.000000
vt 0.665689 0.000000
vt 0.832845 0.000000
vt 0.736070 0.000000
vt 0.768328 0.000000
vt 0.668622 0.000000
vt 0.829912 0.000000
vt 0.671554 0.000000
vt 0.733138 0.000000
vt 0.826979 0.000000
vt 0.771261 0.000000
vt 0.674487 0.000000
vt 0.824047 0.000000
vt 0.730205 0.000000
vt 0.677419 0.000000
vt 0.774194 0.000000
vt 0.680352 0.000000
vt 0.821114 0.000000
vt 0.727273 0.000000
vt 0.777126 0.000000
vt 0.683284 0.000000
vt 0.686217 0.000000
vt 0.818182 0.000000
vt 0.689150 0.000000
vt 0.815249 0.000000
vt 0.724340 0.000000
vt 0.692082 0.000000
vt 0.812317 0.000000
vt 0.780059 0.000000
vt 0.695015 0.000000
vt 0.809384 0.000000
vt 0.806452 0.000000
vt 0.697947 0.000000
vt 0.721408 0.000000
vt 0.803519 0.000000
vt 0.700880 0.000000
vt 0.782991 0.000000
vt 0.800587 0.000000
vt 0.703812 0.000000
vt 0.797654 0.000000
vt 0.718475 0.000000
vt 0.706745 0.000000
vt 0.794721 0.000000
vt 0.709677 0.000000
vt 0.791789 0.000000
vt 0.788856 0.000000
vt 0.785924 0.000000
vt 0.715542 0.000000
vt 0.712610 0.000000
vt 0.714286 0.000000
vt 0.657143 0.000000
vt 0.742857 0.000000
vt 0.771429 0.000000
vt 0.628571 0.000000
vt 0.571429 0.000000
vt 0.685714 0.000000
vt 0.600000 0.000000
vt 0.828571 0.000000
vt 0.885714 0.000000
vt 0.857143 0.000000
vt 0.800000 0.000000
vt 0.942857 0.000000
vt 0.971429 0.000000
vt 0.914286 0.000000
vt 0.485714 0.000000
vt 0.142857 0.000000
vt 0.514286 0.000000
vt 0.542857 0.000000
vt 0.114286 0.000000
vt 0.342857 0.000000
vt 0.171429 0.000000
vt 0.200000 0.000000
vt 0.057143 0.000000
vt 0.028571 0.000000
vt 0.085714 0.000000
vt 0.285714 0.000000
vt 0.257143 0.000000
vt 0.314286 0.000000
vt 0.228571 0.000000
vt 0.428571 0.000000
vt 0.400000 0.000000
vt 0.457143 0.000000
vt 0.371429 0.000000
vt 0.525641 0.000000
vt 0.538462 0.000000
vt 0.532051 0.000000
vt 0.544872 0.000000
vt 0.519231 0.000000
vt 0.551282 0.000000
vt 0.512821 0.000000
vt 0.557692 0.000000
vt 0.506410 0.000000
vt 0.564103 0.000000
vt 0.224359 0.000000
vt 0.923077 0.000000
vt 0.929487 0.000000
vt 0.916667 0.000000
vt 0.230769 0.000000
vt 0.217949 0.000000
vt 0.570513 0.000000
vt 0.910256 0.000000
vt 0.237179 0.000000
vt 0.493590 0.000000
vt 0.903846 0.000000
vt 0.935897 0.000000
vt 0.243590 0.000000
vt 0.211538 0.000000
vt 0.897436 0.000000
vt 0.576923 0.000000
vt 0.250000 0.000000
vt 0.942308 0.000000
vt 0.487179 0.000000
vt 0.205128 0.000000
vt 0.891026 0.000000
vt 0.256410 0.000000
vt 0.583333 0.000000
vt 0.884615 0.000000
vt 0.198718 0.000000
vt 0.948718 0.000000
vt 0.480769 0.000000
vt 0.262821 0.000000
vt 0.192308 0.000000
vt 0.878205 0.000000
vt 0.955128 0.000000
vt 0.589744 0.000000
vt 0.185897 0.000000
vt 0.961538 0.000000
vt 0.871795 0.000000
vt 0.269231 0.000000
vt 0.474359 0.000000
vt 0.179487 0.000000
vt 0.967949 0.000000
vt 0.596154 0.000000
vt 0.865385 0.000000
vt 0.275641 0.000000
vt 0.173077 0.000000
vt 0.974359 0.000000
vt 0.467949 0.000000
vt 0.858974 0.000000
vt 0.166667 0.000000
vt 0.282051 0.000000
vt 0.980769 0.000000
vt 0.602564 0.000000
vt 0.160256 0.000000
vt 0.987179 0.000000
vt 0.852564 0.000000
vt 0.288462 0.000000
vt 0.461538 0.000000
vt 0.153846 0.000000
vt 0.993590 0.000000
vt 0.608974 0.000000
vt 0.147436 0.000000
vt 0.846154 0.000000
vt 0.294872 0.000000
vt 0.141026 0.000000
vt 0.455128 0.000000
vt 0.307692 0.000000
vt 0.839744 0.000000
vt 0.301282 0.000000
vt 0.615385 0.000000
vt 0.134615 0.000000
vt 0.833333 0.000000
vt 0.448718 0.000000
vt 0.314103 0.000000
vt 0.621795 0.000000
vt 0.128205 0.000000
vt 0.006410 0.000000
vt 0.826923 0.000000
vt 0.442308 0.000000
vt 0.121795 0.000000
vt 0.012821 0.000000
vt 0.320513 0.000000
vt 0.628205 0.000000
vt 0.820513 0.000000
vt 0.019231 0.000000
vt 0.115385 0.000000
vt 0.435897 0.000000
vt 0.326923 0.000000
vt 0.025641 0.000000
vt 0.108974 0.000000
vt 0.634615 0.000000
vt 0.814103 0.000000
vt 0.429487 0.000000
vt 0.032051 0.000000
vt 0.102564 0.000000
vt 0.333333 0.000000
vt 0.038462 0.000000
vt 0.807692 0.000000
vt 0.096154 0.000000
vt 0.423077 0.000000
vt 0.044872 0.000000
vt 0.641026 0.000000
vt 0.089744 0.000000
vt 0.051282 0.000000
vt 0.801282 0.000000
vt 0.339744 0.000000
vt 0.083333 0.000000
vt 0.057692 0.000000
vt 0.076923 0.000000
vt 0.064103 0.000000
vt 0.416667 0.000000
vt 0.070513 0.000000
vt 0.794872 0.000000
vt 0.647436 0.000000
vt 0.346154 0.000000
vt 0.410256 0.000000
vt 0.788462 0.000000
vt 0.352564 0.000000
vt 0.403846 0.000000
vt 0.653846 0.000000
vt 0.782051 0.000000
vt 0.358974 0.000000
vt 0.397436 0.000000
vt 0.775641 0.000000
vt 0.769231 0.000000
vt 0.365385 0.000000
vt 0.391026 0.000000
vt 0.660256 0.000000
vt 0.762821 0.000000
vt 0.756410 0.000000
vt 0.750000 0.000000
vt 0.371795 0.000000
vt 0.384615 0.000000
vt 0.743590 0.000000
vt 0.737179 0.000000
vt 0.730769 0.000000
vt 0.724359 0.000000
vt 0.717949 0.000000
vt 0.711538 0.000000
vt 0.378205 0.000000
vt 0.705128 0.000000
vt 0.698718 0.000000
vt 0.692308 0.000000
vt 0.685897 0.000000
vt 0.666667 0.000000
vt 0.673077 0.000000
vt 0.679487 0.000000
vt 0.976190 0.000000
vt 0.988095 0.000000
vt 0.011905 0.000000
vt 0.023810 0.000000
vt 0.035714 0.000000
vt 0.047619 0.000000
vt 0.964286 0.000000
vt 0.059524 0.000000
vt 0.071429 0.000000
vt 0.095238 0.000000
vt 0.952381 0.000000
vt 0.107143 0.000000
vt 0.119048 0.000000
vt 0.130952 0.000000
vt 0.940476 0.000000
vt 0.154762 0.000000
vt 0.928571 0.000000
vt 0.178571 0.000000
vt 0.559524 0.000000
vt 0.190476 0.000000
vt 0.547619 0.000000
vt 0.535714 0.000000
vt 0.904762 0.000000
vt 0.202381 0.000000
vt 0.523810 0.000000
vt 0.595238 0.000000
vt 0.214286 0.000000
vt 0.892857 0.000000
vt 0.511905 0.000000
vt 0.607143 0.000000
vt 0.226190 0.000000
vt 0.619048 0.000000
vt 0.880952 0.000000
vt 0.488095 0.000000
vt 0.630952 0.000000
vt 0.238095 0.000000
vt 0.869048 0.000000
vt 0.476190 0.000000
vt 0.642857 0.000000
vt 0.464286 0.000000
vt 0.654762 0.000000
vt 0.261905 0.000000
vt 0.452381 0.000000
vt 0.845238 0.000000
vt 0.678571 0.000000
vt 0.440476 0.000000
vt 0.273810 0.000000
vt 0.690476 0.000000
vt 0.297619 0.000000
vt 0.309524 0.000000
vt 0.821429 0.000000
vt 0.321429 0.000000
vt 0.809524 0.000000
vt 0.797619 0.000000
vt 0.345238 0.000000
vt 0.785714 0.000000
vt 0.357143 0.000000
vt 0.404762 0.000000
vt 0.392857 0.000000
vt 0.380952 0.000000
vt 0.369048 0.000000
vt 0.773810 0.000000
vt 0.761905 0.000000
vt 0.738095 0.000000
vt 0.726190 0.000000
vt 0.702381 0.000000
vt 0.593496 0.000000
vt 0.609756 0.000000
vt 0.601626 0.000000
vt 0.585366 0.000000
vt 0.617886 0.000000
vt 0.577236 0.000000
vt 0.569106 0.000000
vt 0.626016 0.000000
vt 0.560976 0.000000
vt 0.552846 0.000000
vt 0.634146 0.000000
vt 0.544715 0.000000
vt 0.536585 0.000000
vt 0.642276 0.000000
vt 0.528455 0.000000
vt 0.520325 0.000000
vt 0.512195 0.000000
vt 0.650406 0.000000
vt 0.504065 0.000000
vt 0.495935 0.000000
vt 0.487805 0.000000
vt 0.479675 0.000000
vt 0.471545 0.000000
vt 0.463415 0.000000
vt 0.455285 0.000000
vt 0.447154 0.000000
vt 0.658537 0.000000
vt 0.439024 0.000000
vt 0.430894 0.000000
vt 0.422764 0.000000
vt 0.414634 0.000000
vt 0.406504 0.000000
vt 0.398374 0.000000
vt 0.390244 0.000000
vt 0.382114 0.000000
vt 0.373984 0.000000
vt 0.365854 0.000000
vt 0.357724 0.000000
vt 0.349593 0.000000
vt 0.341463 0.000000
vt 0.325203 0.000000
vt 0.317073 0.000000
vt 0.308943 0.000000
vt 0.300813 0.000000
vt 0.284553 0.000000
vt 0.276423 0.000000
vt 0.268293 0.000000
vt 0.260163 0.000000
vt 0.252033 0.000000
vt 0.243902 0.000000
vt 0.235772 0.000000
vt 0.227642 0.000000
vt 0.219512 0.000000
vt 0.211382 0.000000
vt 0.991870 0.000000
vt 0.983740 0.000000
vt 0.975610 0.000000
vt 0.967480 0.000000
vt 0.959350 0.000000
vt 0.674797 0.000000
vt 0.951219 0.000000
vt 0.292683 0.000000
vt 0.943089 0.000000
vt 0.682927 0.000000
vt 0.934959 0.000000
vt 0.926829 0.000000
vt 0.691057 0.000000
vt 0.918699 0.000000
vt 0.910569 0.000000
vt 0.699187 0.000000
vt 0.902439 0.000000
vt 0.894309 0.000000
vt 0.707317 0.000000
vt 0.886179 0.000000
vt 0.715447 0.000000
vt 0.878049 0.000000
vt 0.723577 0.000000
vt 0.869919 0.000000
vt 0.731707 0.000000
vt 0.861789 0.000000
vt 0.853659 0.000000
vt 0.739837 0.000000
vt 0.845528 0.000000
vt 0.747967 0.000000
vt 0.837398 0.000000
vt 0.829268 0.000000
vt 0.756098 0.000000
vt 0.821138 0.000000
vt 0.813008 0.000000
vt 0.764228 0.000000
vt 0.804878 0.000000
vt 0.796748 0.000000
vt 0.772358 0.000000
vt 0.780488 0.000000
vt 0.788618 0.000000
vt 0.097561 0.000000
vt 0.113821 0.000000
vt 0.105691 0.000000
vt 0.121951 0.000000
vt 0.130081 0.000000
vt 0.138211 0.000000
vt 0.146341 0.000000
vt 0.154472 0.000000
vt 0.162602 0.000000
vt 0.170732 0.000000
vt 0.178862 0.000000
vt 0.186992 0.000000
vt 0.195122 0.000000
vt 0.203252 0.000000
vt 0.089431 0.000000
vt 0.081301 0.000000
vt 0.073171 0.000000
vt 0.065041 0.000000
vt 0.056911 0.000000
vt 0.048780 0.000000
vt 0.040650 0.000000
vt 0.032520 0.000000
vt 0.024390 0.000000
vt 0.016260 0.000000
vt 0.008130 0.000000
vt 0.162281 0.000000
vt 0.171053 0.000000
vt 0.157895 0.000000
vt 0.175439 0.000000
vt 0.153509 0.000000
vt 0.179825 0.000000
vt 0.149123 0.000000
vt 0.184211 0.000000
vt 0.144737 0.000000
vt 0.140351 0.000000
vt 0.188596 0.000000
vt 0.135965 0.000000
vt 0.192982 0.000000
vt 0.131579 0.000000
vt 0.197368 0.000000
vt 0.127193 0.000000
vt 0.201754 0.000000
vt 0.122807 0.000000
vt 0.206140 0.000000
vt 0.210526 0.000000
vt 0.118421 0.000000
vt 0.214912 0.000000
vt 0.114035 0.000000
vt 0.219298 0.000000
vt 0.223684 0.000000
vt 0.109649 0.000000
vt 0.228070 0.000000
vt 0.052632 0.000000
vt 0.061404 0.000000
vt 0.057018 0.000000
vt 0.065789 0.000000
vt 0.070175 0.000000
vt 0.074561 0.000000
vt 0.078947 0.000000
vt 0.087719 0.000000
vt 0.276316 0.000000
vt 0.285088 0.000000
vt 0.280702 0.000000
vt 0.092105 0.000000
vt 0.271930 0.000000
vt 0.096491 0.000000
vt 0.267544 0.000000
vt 0.100877 0.000000
vt 0.263158 0.000000
vt 0.105263 0.000000
vt 0.258772 0.000000
vt 0.254386 0.000000
vt 0.245614 0.000000
vt 0.241228 0.000000
vt 0.236842 0.000000
vt 0.232456 0.000000
vt 0.048246 0.000000
vt 0.043860 0.000000
vt 0.039474 0.000000
vt 0.035088 0.000000
vt 0.030702 0.000000
vt 0.026316 0.000000
vt 0.021930 0.000000
vt 0.017544 0.000000
vt 0.013158 0.000000
vt 0.289474 0.000000
vt 0.008772 0.000000
vt 0.293860 0.000000
vt 0.004386 0.000000
vt 0.298246 0.000000
vt 0.302632 0.000000
vt 0.307018 0.000000
vt 0.311404 0.000000
vt 0.342105 0.000000
vt 0.315789 0.000000
vt 0.320175 0.000000
vt 0.324561 0.000000
vt 0.328947 0.000000
vt 0.337719 0.000000
vt 0.346491 0.000000
vt 0.675439 0.000000
vt 0.684211 0.000000
vt 0.679825 0.000000
vt 0.671053 0.000000
vt 0.688596 0.000000
vt 0.942982 0.000000
vt 0.951754 0.000000
vt 0.947368 0.000000
vt 0.956140 0.000000
vt 0.960526 0.000000
vt 0.964912 0.000000
vt 0.692982 0.000000
vt 0.969298 0.000000
vt 0.973684 0.000000
vt 0.978070 0.000000
vt 0.982456 0.000000
vt 0.662281 0.000000
vt 0.399123 0.000000
vt 0.407895 0.000000
vt 0.403509 0.000000
vt 0.986842 0.000000
vt 0.394737 0.000000
vt 0.991228 0.000000
vt 0.390351 0.000000
vt 0.697368 0.000000
vt 0.385965 0.000000
vt 0.995614 0.000000
vt 0.381579 0.000000
vt 0.377193 0.000000
vt 0.372807 0.000000
vt 0.368421 0.000000
vt 0.364035 0.000000
vt 0.359649 0.000000
vt 0.355263 0.000000
vt 0.350877 0.000000
vt 0.657895 0.000000
vt 0.701754 0.000000
vt 0.653509 0.000000
vt 0.706140 0.000000
vt 0.938596 0.000000
vt 0.934211 0.000000
vt 0.649123 0.000000
vt 0.929825 0.000000
vt 0.925439 0.000000
vt 0.710526 0.000000
vt 0.921053 0.000000
vt 0.644737 0.000000
vt 0.912281 0.000000
vt 0.907895 0.000000
vt 0.903509 0.000000
vt 0.412281 0.000000
vt 0.899123 0.000000
vt 0.894737 0.000000
vt 0.421053 0.000000
vt 0.890351 0.000000
vt 0.425439 0.000000
vt 0.714912 0.000000
vt 0.429825 0.000000
vt 0.885965 0.000000
vt 0.464912 0.000000
vt 0.434211 0.000000
vt 0.438596 0.000000
vt 0.442982 0.000000
vt 0.447368 0.000000
vt 0.451754 0.000000
vt 0.640351 0.000000
vt 0.456140 0.000000
vt 0.460526 0.000000
vt 0.469298 0.000000
vt 0.881579 0.000000
vt 0.473684 0.000000
vt 0.719298 0.000000
vt 0.635965 0.000000
vt 0.877193 0.000000
vt 0.478070 0.000000
vt 0.482456 0.000000
vt 0.872807 0.000000
vt 0.723684 0.000000
vt 0.631579 0.000000
vt 0.486842 0.000000
vt 0.868421 0.000000
vt 0.491228 0.000000
vt 0.864035 0.000000
vt 0.627193 0.000000
vt 0.728070 0.000000
vt 0.495614 0.000000
vt 0.859649 0.000000
vt 0.622807 0.000000
vt 0.855263 0.000000
vt 0.504386 0.000000
vt 0.732456 0.000000
vt 0.508772 0.000000
vt 0.850877 0.000000
vt 0.618421 0.000000
vt 0.513158 0.000000
vt 0.846491 0.000000
vt 0.517544 0.000000
vt 0.736842 0.000000
vt 0.842105 0.000000
vt 0.521930 0.000000
vt 0.837719 0.000000
vt 0.614035 0.000000
vt 0.526316 0.000000
vt 0.741228 0.000000
vt 0.609649 0.000000
vt 0.530702 0.000000
vt 0.828947 0.000000
vt 0.605263 0.000000
vt 0.745614 0.000000
vt 0.535088 0.000000
vt 0.600877 0.000000
vt 0.539474 0.000000
vt 0.824561 0.000000
vt 0.596491 0.000000
vt 0.543860 0.000000
vt 0.592105 0.000000
vt 0.548246 0.000000
vt 0.820175 0.000000
vt 0.754386 0.000000
vt 0.587719 0.000000
vt 0.552632 0.000000
vt 0.557018 0.000000
vt 0.815789 0.000000
vt 0.578947 0.000000
vt 0.561404 0.000000
vt 0.758772 0.000000
vt 0.574561 0.000000
vt 0.565789 0.000000
vt 0.570175 0.000000
vt 0.811404 0.000000
vt 0.763158 0.000000
vt 0.807018 0.000000
vt 0.767544 0.000000
vt 0.802632 0.000000
vt 0.771930 0.000000
vt 0.798246 0.000000
vt 0.776316 0.000000
vt 0.793860 0.000000
vt 0.780702 0.000000
vt 0.789474 0.000000
vt 0.785088 0.000000
vt 0.004367 1.000000
vt 0.000000 1.000000
vt 0.008734 1.000000
vt 0.004367 0.000000
vt 0.013100 1.000000
vt 0.008734 0.000000
vt 0.017467 1.000000
vt 0.013100 0.000000
vt 0.021834 1.000000
vt 0.017467 0.000000
vt 0.026201 1.000000
vt 0.021834 0.000000
vt 0.030568 1.000000
vt 0.026201 0.000000
vt 0.034934 1.000000
vt 0.030568 0.000000
vt 0.039301 1.000000
vt 0.034934 0.000000
vt 0.043668 1.000000
vt 0.039301 0.000000
vt 0.048035 1.000000
vt 0.043668 0.000000
vt 0.052402 1.000000
vt 0.048035 0.000000
vt 0.056769 1.000000
vt 0.052402 0.000000
vt 0.061135 1.000000
vt 0.056769 0.000000
vt 0.065502 1.000000
vt 0.061135 0.000000
vt 0.069869 1.000000
vt 0.065502 0.000000
vt 0.074236 1.000000
vt 0.069869 0.000000
vt 0.078603 1.000000
vt 0.074236 0.000000
vt 0.082969 1.000000
vt 0.078603 0.000000
vt 0.087336 1.000000
vt 0.082969 0.000000
vt 0.091703 1.000000
vt 0.087336 0.000000
vt 0.096070 1.000000
vt 0.091703 0.000000
vt 0.100437 1.000000
vt 0.096070 0.000000
vt 0.104803 1.000000
vt 0.100437 0.000000
vt 0.109170 1.000000
vt 0.104803 0.000000
vt 0.113537 1.000000
vt 0.109170 0.000000
vt 0.117904 1.000000
vt 0.113537 0.000000
vt 0.122271 1.000000
vt 0.117904 0.000000
vt 0.126638 1.000000
vt 0.122271 0.000000
vt 0.131004 1.000000
vt 0.126638 0.000000
vt 0.135371 1.000000
vt 0.131004 0.000000
vt 0.139738 1.000000
vt 0.135371 0.000000
vt 0.144105 1.000000
vt 0.139738 0.000000
vt 0.148472 1.000000
vt 0.144105 0.000000
vt 0.152838 1.000000
vt 0.148472 0.000000
vt 0.157205 1.000000
vt 0.152838 0.000000
vt 0.161572 1.000000
vt 0.157205 0.000000
vt 0.165939 1.000000
vt 0.161572 0.000000
vt 0.170306 1.000000
vt 0.165939 0.000000
vt 0.174672 1.000000
vt 0.170306 0.000000
vt 0.179039 1.000000
vt 0.174672 0.000000
vt 0.183406 1.000000
vt 0.179039 0.000000
vt 0.187773 1.000000
vt 0.183406 0.000000
vt 0.192140 1.000000
vt 0.187773 0.000000
vt 0.196507 1.000000
vt 0.192140 0.000000
vt 0.200873 1.000000
vt 0.196507 0.000000
vt 0.205240 1.000000
vt 0.200873 0.000000
vt 0.209607 1.000000
vt 0.205240 0.000000
vt 0.213974 1.000000
vt 0.209607 0.000000
vt 0.218341 1.000000
vt 0.213974 0.000000
vt 0.222707 1.000000
vt 0.218341 0.000000
vt 0.227074 1.000000
vt 0.222707 0.000000
vt 0.231441 1.000000
vt 0.227074 0.000000
vt 0.235808 1.000000
vt 0.231441 0.000000
vt 0.240175 1.000000
vt 0.235808 0.000000
vt 0.244541 1.000000
vt 0.240175 0.000000
vt 0.248908 1.000000
vt 0.244541 0.000000
vt 0.253275 1.000000
vt 0.248908 0.000000
vt 0.257642 1.000000
vt 0.253275 0.000000
vt 0.262009 1.000000
vt 0.257642 0.000000
vt 0.266376 1.000000
vt 0.262009 0.000000
vt 0.270742 1.000000
vt 0.266376 0.000000
vt 0.275109 1.000000
vt 0.270742 0.000000
vt 0.279476 1.000000
vt 0.275109 0.000000
vt 0.283843 1.000000
vt 0.279476 0.000000
vt 0.288210 1.000000
vt 0.283843 0.000000
vt 0.292576 1.000000
vt 0.288210 0.000000
vt 0.296943 1.000000
vt 0.292576 0.000000
vt 0.301310 1.000000
vt 0.296943 0.000000
vt 0.305677 1.000000
vt 0.301310 0.000000
vt 0.310044 1.000000
vt 0.305677 0.000000
vt 0.314410 1.000000
vt 0.310044 0.000000
vt 0.318777 1.000000
vt 0.314410 0.000000
vt 0.323144 1.000000
vt 0.318777 0.000000
vt 0.327511 1.000000
vt 0.323144 0.000000
vt 0.331878 1.000000
vt 0.327511 0.000000
vt 0.336245 1.000000
vt 0.331878 0.000000
vt 0.340611 1.000000
vt 0.336245 0.000000
vt 0.344978 1.000000
vt 0.340611 0.000000
vt 0.349345 1.000000
vt 0.344978 0.000000
vt 0.353712 1.000000
vt 0.349345 0.000000
vt 0.358079 1.000000
vt 0.353712 0.000000
vt 0.362445 1.000000
vt 0.358079 0.000000
vt 0.366812 1.000000
vt 0.362445 0.000000
vt 0.371179 1.000000
vt 0.366812 0.000000
vt 0.375546 1.000000
vt 0.371179 0.000000
vt 0.379913 1.000000
vt 0.375546 0.000000
vt 0.384279 1.000000
vt 0.379913 0.000000
vt 0.388646 1.000000
vt 0.384279 0.000000
vt 0.393013 1.000000
vt 0.388646 0.000000
vt 0.397380 1.000000
vt 0.393013 0.000000
vt 0.401747 1.000000
vt 0.397380 0.000000
vt 0.406114 1.000000
vt 0.401747 0.000000
vt 0.410480 1.000000
vt 0.406114 0.000000
vt 0.414847 1.000000
vt 0.410480 0.000000
vt 0.419214 1.000000
vt 0.414847 0.000000
vt 0.423581 1.000000
vt 0.419214 0.000000
vt 0.427948 1.000000
vt 0.423581 0.000000
vt 0.432314 1.000000
vt 0.427948 0.000000
vt 0.436681 1.000000
vt 0.432314 0.000000
vt 0.441048 1.000000
vt 0.436681 0.000000
vt 0.445415 1.000000
vt 0.441048 0.000000
vt 0.449782 1.000000
vt 0.445415 0.000000
vt 0.454148 1.000000
vt 0.449782 0.000000
vt 0.458515 1.000000
vt 0.454148 0.000000
vt 0.462882 1.000000
vt 0.458515 0.000000
vt 0.467249 1.000000
vt 0.462882 0.000000
vt 0.471616 1.000000
vt 0.467249 0.000000
vt 0.475983 1.000000
vt 0.471616 0.000000
vt 0.480349 1.000000
vt 0.475983 0.000000
vt 0.484716 1.000000
vt 0.480349 0.000000
vt 0.489083 1.000000
vt 0.484716 0.000000
vt 0.493450 1.000000
vt 0.489083 0.000000
vt 0.497817 1.000000
vt 0.493450 0.000000
vt 0.502183 1.000000
vt 0.497817 0.000000
vt 0.506550 1.000000
vt 0.502183 0.000000
vt 0.510917 1.000000
vt 0.506550 0.000000
vt 0.515284 1.000000
vt 0.510917 0.000000
vt 0.519651 1.000000
vt 0.515284 0.000000
vt 0.524017 1.000000
vt 0.519651 0.000000
vt 0.528384 1.000000
vt 0.524017 0.000000
vt 0.532751 1.000000
vt 0.528384 0.000000
vt 0.537118 1.000000
vt 0.532751 0.000000
vt 0.541485 1.000000
vt 0.537118 0.000000
vt 0.545852 1.000000
vt 0.541485 0.000000
vt 0.550218 1.000000
vt 0.545852 0.000000
vt 0.554585 1.000000
vt 0.550218 0.000000
vt 0.558952 1.000000
vt 0.554585 0.000000
vt 0.563319 1.000000
vt 0.558952 0.000000
vt 0.567686 1.000000
vt 0.563319 0.000000
vt 0.572052 1.000000
vt 0.567686 0.000000
vt 0.576419 1.000000
vt 0.572052 0.000000
vt 0.580786 1.000000
vt 0.576419 0.000000
vt 0.585153 1.000000
vt 0.580786 0.000000
vt 0.589520 1.000000
vt 0.585153 0.000000
vt 0.593886 1.000000
vt 0.589520 0.000000
vt 0.598253 1.000000
vt 0.593886 0.000000
vt 0.602620 1.000000
vt 0.598253 0.000000
vt 0.606987 1.000000
vt 0.602620 0.000000
vt 0.611354 1.000000
vt 0.606987 0.000000
vt 0.615721 1.000000
vt 0.611354 0.000000
vt 0.620087 1.000000
vt 0.615721 0.000000
vt 0.624454 1.000000
vt 0.620087 0.000000
vt 0.628821 1.000000
vt 0.624454 0.000000
vt 0.633188 1.000000
vt 0.628821 0.000000
vt 0.637555 1.000000
vt 0.633188 0.000000
vt 0.641921 1.000000
vt 0.637555 0.000000
vt 0.646288 1.000000
vt 0.641921 0.000000
vt 0.650655 1.000000
vt 0.646288 0.000000
vt 0.655022 1.000000
vt 0.650655 0.000000
vt 0.659389 1.000000
vt 0.655022 0.000000
vt 0.663755 1.000000
vt 0.659389 0.000000
vt 0.668122 1.000000
vt 0.663755 0.000000
vt 0.672489 1.000000
vt 0.668122 0.000000
vt 0.676856 1.000000
vt 0.672489 0.000000
vt 0.681223 1.000000
vt 0.676856 0.000000
vt 0.685589 1.000000
vt 0.681223 0.000000
vt 0.689956 1.000000
vt 0.685589 0.000000
vt 0.694323 1.000000
vt 0.689956 0.000000
vt 0.698690 1.000000
vt 0.694323 0.000000
vt 0.703057 1.000000
vt 0.698690 0.000000
vt 0.707424 1.000000
vt 0.703057 0.000000
vt 0.711790 1.000000
vt 0.707424 0.000000
vt 0.716157 1.000000
vt 0.711790 0.000000
vt 0.720524 1.000000
vt 0.716157 0.000000
vt 0.724891 1.000000
vt 0.720524 0.000000
vt 0.729258 1.000000
vt 0.724891 0.000000
vt 0.733624 1.000000
vt 0.729258 0.000000
vt 0.737991 1.000000
vt 0.733624 0.000000
vt 0.742358 1.000000
vt 0.737991 0.000000
vt 0.746725 1.000000
vt 0.742358 0.000000
vt 0.751092 1.000000
vt 0.746725 0.000000
vt 0.755459 1.000000
vt 0.751092 0.000000
vt 0.759825 1.000000
vt 0.755459 0.000000
vt 0.764192 1.000000
vt 0.759825 0.000000
vt 0.768559 1.000000
vt 0.764192 0.000000
vt 0.772926 1.000000
vt 0.768559 0.000000
vt 0.777293 1.000000
vt 0.772926 0.000000
vt 0.781659 1.000000
vt 0.777293 0.000000
vt 0.786026 1.000000
vt 0.781659 0.000000
vt 0.790393 1.000000
vt 0.786026 0.000000
vt 0.794760 1.000000
vt 0.790393 0.000000
vt 0.799127 1.000000
vt 0.794760 0.000000
vt 0.803493 1.000000
vt 0.799127 0.000000
vt 0.807860 1.000000
vt 0.803493 0.000000
vt 0.812227 1.000000
vt 0.807860 0.000000
vt 0.816594 1.000000
vt 0.812227 0.000000
vt 0.820961 1.000000
vt 0.816594 0.000000
vt 0.825328 1.000000
vt 0.820961 0.000000
vt 0.829694 1.000000
vt 0.825328 0.000000
vt 0.834061 1.000000
vt 0.829694 0.000000
vt 0.838428 1.000000
vt 0.834061 0.000000
vt 0.842795 1.000000
vt 0.838428 0.000000
vt 0.847162 1.000000
vt 0.842795 0.000000
vt 0.851528 1.000000
vt 0.847162 0.000000
vt 0.855895 1.000000
vt 0.851528 0.000000
vt 0.860262 1.000000
vt 0.855895 0.000000
vt 0.864629 1.000000
vt 0.860262 0.000000
vt 0.868996 1.000000
vt 0.864629 0.000000
vt 0.873362 1.000000
vt 0.868996 0.000000
vt 0.877729 1.000000
vt 0.873362 0.000000
vt 0.882096 1.000000
vt 0.877729 0.000000
vt 0.886463 1.000000
vt 0.882096 0.000000
vt 0.890830 1.000000
vt 0.886463 0.000000
vt 0.895196 1.000000
vt 0.890830 0.000000
vt 0.899563 1.000000
vt 0.895196 0.000000
vt 0.903930 1.000000
vt 0.899563 0.000000
vt 0.908297 1.000000
vt 0.903930 0.000000
vt 0.912664 1.000000
vt 0.908297 0.000000
vt 0.917031 1.000000
vt 0.912664 0.000000
vt 0.921397 1.000000
vt 0.917031 0.000000
vt 0.925764 1.000000
vt 0.921397 0.000000
vt 0.930131 1.000000
vt 0.925764 0.000000
vt 0.934498 1.000000
vt 0.930131 0.000000
vt 0.938865 1.000000
vt 0.934498 0.000000
vt 0.943231 1.000000
vt 0.938865 0.000000
vt 0.947598 1.000000
vt 0.943231 0.000000
vt 0.951965 1.000000
vt 0.947598 0.000000
vt 0.956332 1.000000
vt 0.951965 0.000000
vt 0.960699 1.000000
vt 0.956332 0.000000
vt 0.965065 1.000000
vt 0.960699 0.000000
vt 0.969432 1.000000
vt 0.965065 0.000000
vt 0.973799 1.000000
vt 0.969432 0.000000
vt 0.978166 1.000000
vt 0.973799 0.000000
vt 0.982533 1.000000
vt 0.978166 0.000000
vt 0.986900 1.000000
vt 0.982533 0.000000
vt 0.991266 1.000000
vt 0.986900 0.000000
vt 0.995633 1.000000
vt 0.991266 0.000000
vt 1.000000 1.000000
vt 0.995633 0.000000
vt 0.010204 1.000000
vt 0.020408 1.000000
vt 0.010204 0.000000
vt 0.030612 1.000000
vt 0.020408 0.000000
vt 0.040816 1.000000
vt 0.030612 0.000000
vt 0.051020 1.000000
vt 0.040816 0.000000
vt 0.061224 1.000000
vt 0.051020 0.000000
vt 0.071429 1.000000
vt 0.061224 0.000000
vt 0.081633 1.000000
vt 0.091837 1.000000
vt 0.081633 0.000000
vt 0.102041 1.000000
vt 0.091837 0.000000
vt 0.112245 1.000000
vt 0.102041 0.000000
vt 0.122449 1.000000
vt 0.112245 0.000000
vt 0.132653 1.000000
vt 0.122449 0.000000
vt 0.142857 1.000000
vt 0.132653 0.000000
vt 0.153061 1.000000
vt 0.163265 1.000000
vt 0.153061 0.000000
vt 0.173469 1.000000
vt 0.163265 0.000000
vt 0.183673 1.000000
vt 0.173469 0.000000
vt 0.193878 1.000000
vt 0.183673 0.000000
vt 0.204082 1.000000
vt 0.193878 0.000000
vt 0.214286 1.000000
vt 0.204082 0.000000
vt 0.224490 1.000000
vt 0.234694 1.000000
vt 0.224490 0.000000
vt 0.244898 1.000000
vt 0.234694 0.000000
vt 0.255102 1.000000
vt 0.244898 0.000000
vt 0.265306 1.000000
vt 0.255102 0.000000
vt 0.275510 1.000000
vt 0.265306 0.000000
vt 0.285714 1.000000
vt 0.275510 0.000000
vt 0.295918 1.000000
vt 0.306122 1.000000
vt 0.295918 0.000000
vt 0.316327 1.000000
vt 0.306122 0.000000
vt 0.326531 1.000000
vt 0.316327 0.000000
vt 0.336735 1.000000
vt 0.326531 0.000000
vt 0.346939 1.000000
vt 0.336735 0.000000
vt 0.357143 1.000000
vt 0.346939 0.000000
vt 0.367347 1.000000
vt 0.377551 1.000000
vt 0.367347 0.000000
vt 0.387755 1.000000
vt 0.377551 0.000000
vt 0.397959 1.000000
vt 0.387755 0.000000
vt 0.408163 1.000000
vt 0.397959 0.000000
vt 0.418367 1.000000
vt 0.408163 0.000000
vt 0.428571 1.000000
vt 0.418367 0.000000
vt 0.438776 1.000000
vt 0.448980 1.000000
vt 0.438776 0.000000
vt 0.459184 1.000000
vt 0.448980 0.000000
vt 0.469388 1.000000
vt 0.459184 0.000000
vt 0.479592 1.000000
vt 0.469388 0.000000
vt 0.489796 1.000000
vt 0.479592 0.000000
vt 0.500000 1.000000
vt 0.489796 0.000000
vt 0.510204 1.000000
vt 0.520408 1.000000
vt 0.510204 0.000000
vt 0.530612 1.000000
vt 0.520408 0.000000
vt 0.540816 1.000000
vt 0.530612 0.000000
vt 0.551020 1.000000
vt 0.540816 0.000000
vt 0.561224 1.000000
vt 0.551020 0.000000
vt 0.571429 1.000000
vt 0.561224 0.000000
vt 0.581633 1.000000
vt 0.591837 1.000000
vt 0.581633 0.000000
vt 0.602041 1.000000
vt 0.591837 0.000000
vt 0.612245 1.000000
vt 0.602041 0.000000
vt 0.622449 1.000000
vt 0.612245 0.000000
vt 0.632653 1.000000
vt 0.622449 0.000000
vt 0.642857 1.000000
vt 0.632653 0.000000
vt 0.653061 1.000000
vt 0.663265 1.000000
vt 0.653061 0.000000
vt 0.673469 1.000000
vt 0.663265 0.000000
vt 0.683673 1.000000
vt 0.673469 0.000000
vt 0.693878 1.000000
vt 0.683673 0.000000
vt 0.704082 1.000000
vt 0.693878 0.000000
vt 0.714286 1.000000
vt 0.704082 0.000000
vt 0.724490 1.000000
vt 0.734694 1.000000
vt 0.724490 0.000000
vt 0.744898 1.000000
vt 0.734694 0.000000
vt 0.755102 1.000000
vt 0.744898 0.000000
vt 0.765306 1.000000
vt 0.755102 0.000000
vt 0.775510 1.000000
vt 0.765306 0.000000
vt 0.785714 1.000000
vt 0.775510 0.000000
vt 0.795918 1.000000
vt 0.806122 1.000000
vt 0.795918 0.000000
vt 0.816327 1.000000
vt 0.806122 0.000000
vt 0.826531 1.000000
vt 0.816327 0.000000
vt 0.836735 1.000000
vt 0.826531 0.000000
vt 0.846939 1.000000
vt 0.836735 0.000000
vt 0.857143 1.000000
vt 0.846939 0.000000
vt 0.867347 1.000000
vt 0.877551 1.000000
vt 0.867347 0.000000
vt 0.887755 1.000000
vt 0.877551 0.000000
vt 0.897959 1.000000
vt 0.887755 0.000000
vt 0.908163 1.000000
vt 0.897959 0.000000
vt 0.918367 1.000000
vt 0.908163 0.000000
vt 0.928571 1.000000
vt 0.918367 0.000000
vt 0.938776 1.000000
vt 0.948980 1.000000
vt 0.938776 0.000000
vt 0.959184 1.000000
vt 0.948980 0.000000
vt 0.969388 1.000000
vt 0.959184 0.000000
vt 0.979592 1.000000
vt 0.969388 0.000000
vt 0.989796 1.000000
vt 0.979592 0.000000
vt 0.989796 0.000000
vt 0.038462 1.000000
vt 0.076923 1.000000
vt 0.115385 1.000000
vt 0.153846 1.000000
vt 0.192308 1.000000
vt 0.230769 1.000000
vt 0.269231 1.000000
vt 0.307692 1.000000
vt 0.346154 1.000000
vt 0.384615 1.000000
vt 0.423077 1.000000
vt 0.461538 1.000000
vt 0.538462 1.000000
vt 0.576923 1.000000
vt 0.615385 1.000000
vt 0.653846 1.000000
vt 0.692308 1.000000
vt 0.730769 1.000000
vt 0.769231 1.000000
vt 0.807692 1.000000
vt 0.846154 1.000000
vt 0.884615 1.000000
vt 0.923077 1.000000
vt 0.961538 1.000000
vt 0.250000 1.000000
vt 0.750000 1.000000
vt 0.011765 1.000000
vt 0.023529 1.000000
vt 0.011765 0.000000
vt 0.035294 1.000000
vt 0.023529 0.000000
vt 0.047059 1.000000
vt 0.035294 0.000000
vt 0.058824 1.000000
vt 0.047059 0.000000
vt 0.070588 1.000000
vt 0.058824 0.000000
vt 0.082353 1.000000
vt 0.070588 0.000000
vt 0.094118 1.000000
vt 0.082353 0.000000
vt 0.105882 1.000000
vt 0.094118 0.000000
vt 0.117647 1.000000
vt 0.105882 0.000000
vt 0.129412 1.000000
vt 0.117647 0.000000
vt 0.141176 1.000000
vt 0.129412 0.000000
vt 0.152941 1.000000
vt 0.141176 0.000000
vt 0.164706 1.000000
vt 0.152941 0.000000
vt 0.176471 1.000000
vt 0.164706 0.000000
vt 0.188235 1.000000
vt 0.176471 0.000000
vt 0.200000 1.000000
vt 0.188235 0.000000
vt 0.211765 1.000000
vt 0.223529 1.000000
vt 0.211765 0.000000
vt 0.235294 1.000000
vt 0.223529 0.000000
vt 0.247059 1.000000
vt 0.235294 0.000000
vt 0.258824 1.000000
vt 0.247059 0.000000
vt 0.270588 1.000000
vt 0.258824 0.000000
vt 0.282353 1.000000
vt 0.270588 0.000000
vt 0.294118 1.000000
vt 0.282353 0.000000
vt 0.305882 1.000000
vt 0.294118 0.000000
vt 0.317647 1.000000
vt 0.305882 0.000000
vt 0.329412 1.000000
vt 0.317647 0.000000
vt 0.341176 1.000000
vt 0.329412 0.000000
vt 0.352941 1.000000
vt 0.341176 0.000000
vt 0.364706 1.000000
vt 0.352941 0.000000
vt 0.376471 1.000000
vt 0.364706 0.000000
vt 0.388235 1.000000
vt 0.376471 0.000000
vt 0.400000 1.000000
vt 0.388235 0.000000
vt 0.411765 1.000000
vt 0.423529 1.000000
vt 0.411765 0.000000
vt 0.435294 1.000000
vt 0.423529 0.000000
vt 0.447059 1.000000
vt 0.435294 0.000000
vt 0.458824 1.000000
vt 0.447059 0.000000
vt 0.470588 1.000000
vt 0.458824 0.000000
vt 0.482353 1.000000
vt 0.470588 0.000000
vt 0.494118 1.000000
vt 0.482353 0.000000
vt 0.505882 1.000000
vt 0.494118 0.000000
vt 0.517647 1.000000
vt 0.505882 0.000000
vt 0.529412 1.000000
vt 0.517647 0.000000
vt 0.541176 1.000000
vt 0.529412 0.000000
vt 0.552941 1.000000
vt 0.541176 0.000000
vt 0.564706 1.000000
vt 0.552941 0.000000
vt 0.576471 1.000000
vt 0.564706 0.000000
vt 0.588235 1.000000
vt 0.576471 0.000000
vt 0.600000 1.000000
vt 0.588235 0.000000
vt 0.611765 1.000000
vt 0.623529 1.000000
vt 0.611765 0.000000
vt 0.635294 1.000000
vt 0.623529 0.000000
vt 0.647059 1.000000
vt 0.635294 0.000000
vt 0.658824 1.000000
vt 0.647059 0.000000
vt 0.670588 1.000000
vt 0.658824 0.000000
vt 0.682353 1.000000
vt 0.670588 0.000000
vt 0.694118 1.000000
vt 0.682353 0.000000
vt 0.705882 1.000000
vt 0.694118 0.000000
vt 0.717647 1.000000
vt 0.705882 0.000000
vt 0.729412 1.000000
vt 0.717647 0.000000
vt 0.741176 1.000000
vt 0.729412 0.000000
vt 0.752941 1.000000
vt 0.741176 0.000000
vt 0.764706 1.000000
vt 0.752941 0.000000
vt 0.776471 1.000000
vt 0.764706 0.000000
vt 0.788235 1.000000
vt 0.776471 0.000000
vt 0.800000 1.000000
vt 0.788235 0.000000
vt 0.811765 1.000000
vt 0.823529 1.000000
vt 0.811765 0.000000
vt 0.835294 1.000000
vt 0.823529 0.000000
vt 0.847059 1.000000
vt 0.835294 0.000000
vt 0.858824 1.000000
vt 0.847059 0.000000
vt 0.870588 1.000000
vt 0.858824 0.000000
vt 0.882353 1.000000
vt 0.870588 0.000000
vt 0.894118 1.000000
vt 0.882353 0.000000
vt 0.905882 1.000000
vt 0.894118 0.000000
vt 0.917647 1.000000
vt 0.905882 0.000000
vt 0.929412 1.000000
vt 0.917647 0.000000
vt 0.941176 1.000000
vt 0.929412 0.000000
vt 0.952941 1.000000
vt 0.941176 0.000000
vt 0.964706 1.000000
vt 0.952941 0.000000
vt 0.976471 1.000000
vt 0.964706 0.000000
vt 0.988235 1.000000
vt 0.976471 0.000000
vt 0.988235 0.000000
vt 0.020833 1.000000
vt 0.041667 1.000000
vt 0.020833 0.000000
vt 0.062500 1.000000
vt 0.041667 0.000000
vt 0.083333 1.000000
vt 0.062500 0.000000
vt 0.104167 1.000000
vt 0.125000 1.000000
vt 0.104167 0.000000
vt 0.145833 1.000000
vt 0.125000 0.000000
vt 0.166667 1.000000
vt 0.145833 0.000000
vt 0.187500 1.000000
vt 0.208333 1.000000
vt 0.187500 0.000000
vt 0.229167 1.000000
vt 0.208333 0.000000
vt 0.229167 0.000000
vt 0.270833 1.000000
vt 0.291667 1.000000
vt 0.270833 0.000000
vt 0.312500 1.000000
vt 0.291667 0.000000
vt 0.333333 1.000000
vt 0.312500 0.000000
vt 0.354167 1.000000
vt 0.375000 1.000000
vt 0.354167 0.000000
vt 0.395833 1.000000
vt 0.375000 0.000000
vt 0.416667 1.000000
vt 0.395833 0.000000
vt 0.437500 1.000000
vt 0.458333 1.000000
vt 0.437500 0.000000
vt 0.479167 1.000000
vt 0.458333 0.000000
vt 0.479167 0.000000
vt 0.520833 1.000000
vt 0.541667 1.000000
vt 0.520833 0.000000
vt 0.562500 1.000000
vt 0.541667 0.000000
vt 0.583333 1.000000
vt 0.562500 0.000000
vt 0.604167 1.000000
vt 0.625000 1.000000
vt 0.604167 0.000000
vt 0.645833 1.000000
vt 0.625000 0.000000
vt 0.666667 1.000000
vt 0.645833 0.000000
vt 0.687500 1.000000
vt 0.708333 1.000000
vt 0.687500 0.000000
vt 0.729167 1.000000
vt 0.708333 0.000000
vt 0.729167 0.000000
vt 0.770833 1.000000
vt 0.791667 1.000000
vt 0.770833 0.000000
vt 0.812500 1.000000
vt 0.791667 0.000000
vt 0.833333 1.000000
vt 0.812500 0.000000
vt 0.854167 1.000000
vt 0.875000 1.000000
vt 0.854167 0.000000
vt 0.895833 1.000000
vt 0.875000 0.000000
vt 0.916667 1.000000
vt 0.895833 0.000000
vt 0.937500 1.000000
vt 0.958333 1.000000
vt 0.937500 0.000000
vt 0.979167 1.000000
vt 0.958333 0.000000
vt 0.979167 0.000000
vt 0.009174 1.000000
vt 0.018349 1.000000
vt 0.009174 0.000000
vt 0.027523 1.000000
vt 0.018349 0.000000
vt 0.036697 1.000000
vt 0.027523 0.000000
vt 0.045872 1.000000
vt 0.036697 0.000000
vt 0.055046 1.000000
vt 0.045872 0.000000
vt 0.064220 1.000000
vt 0.055046 0.000000
vt 0.073394 1.000000
vt 0.064220 0.000000
vt 0.082569 1.000000
vt 0.073394 0.000000
vt 0.091743 1.000000
vt 0.082569 0.000000
vt 0.100917 1.000000
vt 0.091743 0.000000
vt 0.110092 1.000000
vt 0.100917 0.000000
vt 0.119266 1.000000
vt 0.110092 0.000000
vt 0.128440 1.000000
vt 0.119266 0.000000
vt 0.137615 1.000000
vt 0.128440 0.000000
vt 0.146789 1.000000
vt 0.137615 0.000000
vt 0.155963 1.000000
vt 0.146789 0.000000
vt 0.165138 1.000000
vt 0.155963 0.000000
vt 0.174312 1.000000
vt 0.165138 0.000000
vt 0.183486 1.000000
vt 0.174312 0.000000
vt 0.192661 1.000000
vt 0.183486 0.000000
vt 0.201835 1.000000
vt 0.192661 0.000000
vt 0.211009 1.000000
vt 0.201835 0.000000
vt 0.220183 1.000000
vt 0.211009 0.000000
vt 0.229358 1.000000
vt 0.220183 0.000000
vt 0.238532 1.000000
vt 0.229358 0.000000
vt 0.247706 1.000000
vt 0.238532 0.000000
vt 0.256881 1.000000
vt 0.247706 0.000000
vt 0.266055 1.000000
vt 0.256881 0.000000
vt 0.275229 1.000000
vt 0.266055 0.000000
vt 0.284404 1.000000
vt 0.275229 0.000000
vt 0.293578 1.000000
vt 0.284404 0.000000
vt 0.302752 1.000000
vt 0.293578 0.000000
vt 0.311927 1.000000
vt 0.302752 0.000000
vt 0.321101 1.000000
vt 0.311927 0.000000
vt 0.330275 1.000000
vt 0.321101 0.000000
vt 0.339450 1.000000
vt 0.330275 0.000000
vt 0.348624 1.000000
vt 0.339450 0.000000
vt 0.357798 1.000000
vt 0.348624 0.000000
vt 0.366972 1.000000
vt 0.357798 0.000000
vt 0.376147 1.000000
vt 0.366972 0.000000
vt 0.385321 1.000000
vt 0.376147 0.000000
vt 0.394495 1.000000
vt 0.385321 0.000000
vt 0.403670 1.000000
vt 0.394495 0.000000
vt 0.412844 1.000000
vt 0.403670 0.000000
vt 0.422018 1.000000
vt 0.412844 0.000000
vt 0.431193 1.000000
vt 0.422018 0.000000
vt 0.440367 1.000000
vt 0.431193 0.000000
vt 0.449541 1.000000
vt 0.440367 0.000000
vt 0.458716 1.000000
vt 0.449541 0.000000
vt 0.467890 1.000000
vt 0.458716 0.000000
vt 0.477064 1.000000
vt 0.467890 0.000000
vt 0.486239 1.000000
vt 0.477064 0.000000
vt 0.495413 1.000000
vt 0.486239 0.000000
vt 0.504587 1.000000
vt 0.495413 0.000000
vt 0.513761 1.000000
vt 0.504587 0.000000
vt 0.522936 1.000000
vt 0.513761 0.000000
vt 0.532110 1.000000
vt 0.522936 0.000000
vt 0.541284 1.000000
vt 0.532110 0.000000
vt 0.550459 1.000000
vt 0.541284 0.000000
vt 0.559633 1.000000
vt 0.550459 0.000000
vt 0.568807 1.000000
vt 0.559633 0.000000
vt 0.577982 1.000000
vt 0.568807 0.000000
vt 0.587156 1.000000
vt 0.577982 0.000000
vt 0.596330 1.000000
vt 0.587156 0.000000
vt 0.605505 1.000000
vt 0.596330 0.000000
vt 0.614679 1.000000
vt 0.605505 0.000000
vt 0.623853 1.000000
vt 0.614679 0.000000
vt 0.633027 1.000000
vt 0.623853 0.000000
vt 0.642202 1.000000
vt 0.633027 0.000000
vt 0.651376 1.000000
vt 0.642202 0.000000
vt 0.660550 1.000000
vt 0.651376 0.000000
vt 0.669725 1.000000
vt 0.660550 0.000000
vt 0.678899 1.000000
vt 0.669725 0.000000
vt 0.688073 1.000000
vt 0.678899 0.000000
vt 0.697248 1.000000
vt 0.688073 0.000000
vt 0.706422 1.000000
vt 0.697248 0.000000
vt 0.715596 1.000000
vt 0.706422 0.000000
vt 0.724771 1.000000
vt 0.715596 0.000000
vt 0.733945 1.000000
vt 0.724771 0.000000
vt 0.743119 1.000000
vt 0.733945 0.000000
vt 0.752294 1.000000
vt 0.743119 0.000000
vt 0.761468 1.000000
vt 0.752294 0.000000
vt 0.770642 1.000000
vt 0.761468 0.000000
vt 0.779817 1.000000
vt 0.770642 0.000000
vt 0.788991 1.000000
vt 0.779817 0.000000
vt 0.798165 1.000000
vt 0.788991 0.000000
vt 0.807339 1.000000
vt 0.798165 0.000000
vt 0.816514 1.000000
vt 0.807339 0.000000
vt 0.825688 1.000000
vt 0.816514 0.000000
vt 0.834862 1.000000
vt 0.825688 0.000000
vt 0.844037 1.000000
vt 0.834862 0.000000
vt 0.853211 1.000000
vt 0.844037 0.000000
vt 0.862385 1.000000
vt 0.853211 0.000000
vt 0.871560 1.000000
vt 0.862385 0.000000
vt 0.880734 1.000000
vt 0.871560 0.000000
vt 0.889908 1.000000
vt 0.880734 0.000000
vt 0.899083 1.000000
vt 0.889908 0.000000
vt 0.908257 1.000000
vt 0.899083 0.000000
vt 0.917431 1.000000
vt 0.908257 0.000000
vt 0.926606 1.000000
vt 0.917431 0.000000
vt 0.935780 1.000000
vt 0.926606 0.000000
vt 0.944954 1.000000
vt 0.935780 0.000000
vt 0.954128 1.000000
vt 0.944954 0.000000
vt 0.963303 1.000000
vt 0.954128 0.000000
vt 0.972477 1.000000
vt 0.963303 0.000000
vt 0.981651 1.000000
vt 0.972477 0.000000
vt 0.990826 1.000000
vt 0.981651 0.000000
vt 0.990826 0.000000
vt 0.007194 1.000000
vt 0.014388 1.000000
vt 0.007194 0.000000
vt 0.021583 1.000000
vt 0.014388 0.000000
vt 0.028777 1.000000
vt 0.021583 0.000000
vt 0.035971 1.000000
vt 0.028777 0.000000
vt 0.043165 1.000000
vt 0.035971 0.000000
vt 0.050360 1.000000
vt 0.043165 0.000000
vt 0.057554 1.000000
vt 0.050360 0.000000
vt 0.064748 1.000000
vt 0.057554 0.000000
vt 0.071942 1.000000
vt 0.064748 0.000000
vt 0.079137 1.000000
vt 0.071942 0.000000
vt 0.086331 1.000000
vt 0.079137 0.000000
vt 0.093525 1.000000
vt 0.086331 0.000000
vt 0.100719 1.000000
vt 0.093525 0.000000
vt 0.107914 1.000000
vt 0.100719 0.000000
vt 0.115108 1.000000
vt 0.107914 0.000000
vt 0.122302 1.000000
vt 0.115108 0.000000
vt 0.129496 1.000000
vt 0.122302 0.000000
vt 0.136691 1.000000
vt 0.129496 0.000000
vt 0.143885 1.000000
vt 0.136691 0.000000
vt 0.151079 1.000000
vt 0.143885 0.000000
vt 0.158273 1.000000
vt 0.151079 0.000000
vt 0.165468 1.000000
vt 0.158273 0.000000
vt 0.172662 1.000000
vt 0.165468 0.000000
vt 0.179856 1.000000
vt 0.172662 0.000000
vt 0.187050 1.000000
vt 0.179856 0.000000
vt 0.194245 1.000000
vt 0.187050 0.000000
vt 0.201439 1.000000
vt 0.194245 0.000000
vt 0.208633 1.000000
vt 0.201439 0.000000
vt 0.215827 1.000000
vt 0.208633 0.000000
vt 0.223022 1.000000
vt 0.215827 0.000000
vt 0.230216 1.000000
vt 0.223022 0.000000
vt 0.237410 1.000000
vt 0.230216 0.000000
vt 0.244604 1.000000
vt 0.237410 0.000000
vt 0.251799 1.000000
vt 0.244604 0.000000
vt 0.258993 1.000000
vt 0.251799 0.000000
vt 0.266187 1.000000
vt 0.258993 0.000000
vt 0.273381 1.000000
vt 0.266187 0.000000
vt 0.280576 1.000000
vt 0.273381 0.000000
vt 0.287770 1.000000
vt 0.280576 0.000000
vt 0.294964 1.000000
vt 0.287770 0.000000
vt 0.302158 1.000000
vt 0.294964 0.000000
vt 0.309353 1.000000
vt 0.302158 0.000000
vt 0.316547 1.000000
vt 0.309353 0.000000
vt 0.323741 1.000000
vt 0.316547 0.000000
vt 0.330935 1.000000
vt 0.323741 0.000000
vt 0.338129 1.000000
vt 0.330935 0.000000
vt 0.345324 1.000000
vt 0.338129 0.000000
vt 0.352518 1.000000
vt 0.345324 0.000000
vt 0.359712 1.000000
vt 0.352518 0.000000
vt 0.366906 1.000000
vt 0.359712 0.000000
vt 0.374101 1.000000
vt 0.366906 0.000000
vt 0.381295 1.000000
vt 0.374101 0.000000
vt 0.388489 1.000000
vt 0.381295 0.000000
vt 0.395683 1.000000
vt 0.388489 0.000000
vt 0.402878 1.000000
vt 0.395683 0.000000
vt 0.410072 1.000000
vt 0.402878 0.000000
vt 0.417266 1.000000
vt 0.410072 0.000000
vt 0.424460 1.000000
vt 0.417266 0.000000
vt 0.431655 1.000000
vt 0.424460 0.000000
vt 0.438849 1.000000
vt 0.431655 0.000000
vt 0.446043 1.000000
vt 0.438849 0.000000
vt 0.453237 1.000000
vt 0.446043 0.000000
vt 0.460432 1.000000
vt 0.453237 0.000000
vt 0.467626 1.000000
vt 0.460432 0.000000
vt 0.474820 1.000000
vt 0.467626 0.000000
vt 0.482014 1.000000
vt 0.474820 0.000000
vt 0.489209 1.000000
vt 0.482014 0.000000
vt 0.496403 1.000000
vt 0.489209 0.000000
vt 0.503597 1.000000
vt 0.496403 0.000000
vt 0.510791 1.000000
vt 0.503597 0.000000
vt 0.517986 1.000000
vt 0.510791 0.000000
vt 0.525180 1.000000
vt 0.517986 0.000000
vt 0.532374 1.000000
vt 0.525180 0.000000
vt 0.539568 1.000000
vt 0.532374 0.000000
vt 0.546763 1.000000
vt 0.539568 0.000000
vt 0.553957 1.000000
vt 0.546763 0.000000
vt 0.561151 1.000000
vt 0.553957 0.000000
vt 0.568345 1.000000
vt 0.561151 0.000000
vt 0.575540 1.000000
vt 0.568345 0.000000
vt 0.582734 1.000000
vt 0.575540 0.000000
vt 0.589928 1.000000
vt 0.582734 0.000000
vt 0.597122 1.000000
vt 0.589928 0.000000
vt 0.604317 1.000000
vt 0.597122 0.000000
vt 0.611511 1.000000
vt 0.604317 0.000000
vt 0.618705 1.000000
vt 0.611511 0.000000
vt 0.625899 1.000000
vt 0.618705 0.000000
vt 0.633094 1.000000
vt 0.625899 0.000000
vt 0.640288 1.000000
vt 0.633094 0.000000
vt 0.647482 1.000000
vt 0.640288 0.000000
vt 0.654676 1.000000
vt 0.647482 0.000000
vt 0.661870 1.000000
vt 0.654676 0.000000
vt 0.669065 1.000000
vt 0.661870 0.000000
vt 0.676259 1.000000
vt 0.669065 0.000000
vt 0.683453 1.000000
vt 0.676259 0.000000
vt 0.690647 1.000000
vt 0.683453 0.000000
vt 0.697842 1.000000
vt 0.690647 0.000000
vt 0.705036 1.000000
vt 0.697842 0.000000
vt 0.712230 1.000000
vt 0.705036 0.000000
vt 0.719424 1.000000
vt 0.712230 0.000000
vt 0.726619 1.000000
vt 0.719424 0.000000
vt 0.733813 1.000000
vt 0.726619 0.000000
vt 0.741007 1.000000
vt 0.733813 0.000000
vt 0.748201 1.000000
vt 0.741007 0.000000
vt 0.755396 1.000000
vt 0.748201 0.000000
vt 0.762590 1.000000
vt 0.755396 0.000000
vt 0.769784 1.000000
vt 0.762590 0.000000
vt 0.776978 1.000000
vt 0.769784 0.000000
vt 0.784173 1.000000
vt 0.776978 0.000000
vt 0.791367 1.000000
vt 0.784173 0.000000
vt 0.798561 1.000000
vt 0.791367 0.000000
vt 0.805755 1.000000
vt 0.798561 0.000000
vt 0.812950 1.000000
vt 0.805755 0.000000
vt 0.820144 1.000000
vt 0.812950 0.000000
vt 0.827338 1.000000
vt 0.820144 0.000000
vt 0.834532 1.000000
vt 0.827338 0.000000
vt 0.841727 1.000000
vt 0.834532 0.000000
vt 0.848921 1.000000
vt 0.841727 0.000000
vt 0.856115 1.000000
vt 0.848921 0.000000
vt 0.863309 1.000000
vt 0.856115 0.000000
vt 0.870504 1.000000
vt 0.863309 0.000000
vt 0.877698 1.000000
vt 0.870504 0.000000
vt 0.884892 1.000000
vt 0.877698 0.000000
vt 0.892086 1.000000
vt 0.884892 0.000000
vt 0.899281 1.000000
vt 0.892086 0.000000
vt 0.906475 1.000000
vt 0.899281 0.000000
vt 0.913669 1.000000
vt 0.906475 0.000000
vt 0.920863 1.000000
vt 0.913669 0.000000
vt 0.928058 1.000000
vt 0.920863 0.000000
vt 0.935252 1.000000
vt 0.928058 0.000000
vt 0.942446 1.000000
vt 0.935252 0.000000
vt 0.949640 1.000000
vt 0.942446 0.000000
vt 0.956835 1.000000
vt 0.949640 0.000000
vt 0.964029 1.000000
vt 0.956835 0.000000
vt 0.971223 1.000000
vt 0.964029 0.000000
vt 0.978417 1.000000
vt 0.971223 0.000000
vt 0.985611 1.000000
vt 0.978417 0.000000
vt 0.992806 1.000000
vt 0.985611 0.000000
vt 0.992806 0.000000
vt 0.006369 1.000000
vt 0.012739 1.000000
vt 0.006369 0.000000
vt 0.019108 1.000000
vt 0.012739 0.000000
vt 0.025478 1.000000
vt 0.019108 0.000000
vt 0.031847 1.000000
vt 0.025478 0.000000
vt 0.038217 1.000000
vt 0.031847 0.000000
vt 0.044586 1.000000
vt 0.038217 0.000000
vt 0.050955 1.000000
vt 0.044586 0.000000
vt 0.057325 1.000000
vt 0.050955 0.000000
vt 0.063694 1.000000
vt 0.057325 0.000000
vt 0.070064 1.000000
vt 0.063694 0.000000
vt 0.076433 1.000000
vt 0.070064 0.000000
vt 0.082803 1.000000
vt 0.076433 0.000000
vt 0.089172 1.000000
vt 0.082803 0.000000
vt 0.095541 1.000000
vt 0.089172 0.000000
vt 0.101911 1.000000
vt 0.095541 0.000000
vt 0.108280 1.000000
vt 0.101911 0.000000
vt 0.114650 1.000000
vt 0.108280 0.000000
vt 0.121019 1.000000
vt 0.114650 0.000000
vt 0.127389 1.000000
vt 0.121019 0.000000
vt 0.133758 1.000000
vt 0.127389 0.000000
vt 0.140127 1.000000
vt 0.133758 0.000000
vt 0.146497 1.000000
vt 0.140127 0.000000
vt 0.152866 1.000000
vt 0.146497 0.000000
vt 0.159236 1.000000
vt 0.152866 0.000000
vt 0.165605 1.000000
vt 0.159236 0.000000
vt 0.171975 1.000000
vt 0.165605 0.000000
vt 0.178344 1.000000
vt 0.171975 0.000000
vt 0.184713 1.000000
vt 0.178344 0.000000
vt 0.191083 1.000000
vt 0.184713 0.000000
vt 0.197452 1.000000
vt 0.191083 0.000000
vt 0.203822 1.000000
vt 0.197452 0.000000
vt 0.210191 1.000000
vt 0.203822 0.000000
vt 0.216561 1.000000
vt 0.210191 0.000000
vt 0.222930 1.000000
vt 0.216561 0.000000
vt 0.229299 1.000000
vt 0.222930 0.000000
vt 0.235669 1.000000
vt 0.229299 0.000000
vt 0.242038 1.000000
vt 0.235669 0.000000
vt 0.248408 1.000000
vt 0.242038 0.000000
vt 0.254777 1.000000
vt 0.248408 0.000000
vt 0.261146 1.000000
vt 0.254777 0.000000
vt 0.267516 1.000000
vt 0.261146 0.000000
vt 0.273885 1.000000
vt 0.267516 0.000000
vt 0.280255 1.000000
vt 0.273885 0.000000
vt 0.286624 1.000000
vt 0.280255 0.000000
vt 0.292994 1.000000
vt 0.286624 0.000000
vt 0.299363 1.000000
vt 0.292994 0.000000
vt 0.305732 1.000000
vt 0.299363 0.000000
vt 0.312102 1.000000
vt 0.305732 0.000000
vt 0.318471 1.000000
vt 0.312102 0.000000
vt 0.324841 1.000000
vt 0.318471 0.000000
vt 0.331210 1.000000
vt 0.324841 0.000000
vt 0.337580 1.000000
vt 0.331210 0.000000
vt 0.343949 1.000000
vt 0.337580 0.000000
vt 0.350318 1.000000
vt 0.343949 0.000000
vt 0.356688 1.000000
vt 0.350318 0.000000
vt 0.363057 1.000000
vt 0.356688 0.000000
vt 0.369427 1.000000
vt 0.363057 0.000000
vt 0.375796 1.000000
vt 0.369427 0.000000
vt 0.382166 1.000000
vt 0.375796 0.000000
vt 0.388535 1.000000
vt 0.382166 0.000000
vt 0.394904 1.000000
vt 0.388535 0.000000
vt 0.401274 1.000000
vt 0.394904 0.000000
vt 0.407643 1.000000
vt 0.401274 0.000000
vt 0.414013 1.000000
vt 0.407643 0.000000
vt 0.420382 1.000000
vt 0.414013 0.000000
vt 0.426752 1.000000
vt 0.420382 0.000000
vt 0.433121 1.000000
vt 0.426752 0.000000
vt 0.439490 1.000000
vt 0.433121 0.000000
vt 0.445860 1.000000
vt 0.439490 0.000000
vt 0.452229 1.000000
vt 0.445860 0.000000
vt 0.458599 1.000000
vt 0.452229 0.000000
vt 0.464968 1.000000
vt 0.458599 0.000000
vt 0.471338 1.000000
vt 0.464968 0.000000
vt 0.477707 1.000000
vt 0.471338 0.000000
vt 0.484076 1.000000
vt 0.477707 0.000000
vt 0.490446 1.000000
vt 0.484076 0.000000
vt 0.496815 1.000000
vt 0.490446 0.000000
vt 0.503185 1.000000
vt 0.496815 0.000000
vt 0.509554 1.000000
vt 0.503185 0.000000
vt 0.515924 1.000000
vt 0.509554 0.000000
vt 0.522293 1.000000
vt 0.515924 0.000000
vt 0.528662 1.000000
vt 0.522293 0.000000
vt 0.535032 1.000000
vt 0.528662 0.000000
vt 0.541401 1.000000
vt 0.535032 0.000000
vt 0.547771 1.000000
vt 0.541401 0.000000
vt 0.554140 1.000000
vt 0.547771 0.000000
vt 0.560510 1.000000
vt 0.554140 0.000000
vt 0.566879 1.000000
vt 0.560510 0.000000
vt 0.573248 1.000000
vt 0.566879 0.000000
vt 0.579618 1.000000
vt 0.573248 0.000000
vt 0.585987 1.000000
vt 0.579618 0.000000
vt 0.592357 1.000000
vt 0.585987 0.000000
vt 0.598726 1.000000
vt 0.592357 0.000000
vt 0.605096 1.000000
vt 0.598726 0.000000
vt 0.611465 1.000000
vt 0.605096 0.000000
vt 0.617834 1.000000
vt 0.611465 0.000000
vt 0.624204 1.000000
vt 0.617834 0.000000
vt 0.630573 1.000000
vt 0.624204 0.000000
vt 0.636943 1.000000
vt 0.630573 0.000000
vt 0.643312 1.000000
vt 0.636943 0.000000
vt 0.649682 1.000000
vt 0.643312 0.000000
vt 0.656051 1.000000
vt 0.649682 0.000000
vt 0.662420 1.000000
vt 0.656051 0.000000
vt 0.668790 1.000000
vt 0.662420 0.000000
vt 0.675159 1.000000
vt 0.668790 0.000000
vt 0.681529 1.000000
vt 0.675159 0.000000
vt 0.687898 1.000000
vt 0.681529 0.000000
vt 0.694268 1.000000
vt 0.687898 0.000000
vt 0.700637 1.000000
vt 0.694268 0.000000
vt 0.707006 1.000000
vt 0.700637 0.000000
vt 0.713376 1.000000
vt 0.707006 0.000000
vt 0.719745 1.000000
vt 0.713376 0.000000
vt 0.726115 1.000000
vt 0.719745 0.000000
vt 0.732484 1.000000
vt 0.726115 0.000000
vt 0.738854 1.000000
vt 0.732484 0.000000
vt 0.745223 1.000000
vt 0.738854 0.000000
vt 0.751592 1.000000
vt 0.745223 0.000000
vt 0.757962 1.000000
vt 0.751592 0.000000
vt 0.764331 1.000000
vt 0.757962 0.000000
vt 0.770701 1.000000
vt 0.764331 0.000000
vt 0.777070 1.000000
vt 0.770701 0.000000
vt 0.783440 1.000000
vt 0.777070 0.000000
vt 0.789809 1.000000
vt 0.783440 0.000000
vt 0.796178 1.000000
vt 0.789809 0.000000
vt 0.802548 1.000000
vt 0.796178 0.000000
vt 0.808917 1.000000
vt 0.802548 0.000000
vt 0.815287 1.000000
vt 0.808917 0.000000
vt 0.821656 1.000000
vt 0.815287 0.000000
vt 0.828025 1.000000
vt 0.821656 0.000000
vt 0.834395 1.000000
vt 0.828025 0.000000
vt 0.840764 1.000000
vt 0.834395 0.000000
vt 0.847134 1.000000
vt 0.840764 0.000000
vt 0.853503 1.000000
vt 0.847134 0.000000
vt 0.859873 1.000000
vt 0.853503 0.000000
vt 0.866242 1.000000
vt 0.859873 0.000000
vt 0.872611 1.000000
vt 0.866242 0.000000
vt 0.878981 1.000000
vt 0.872611 0.000000
vt 0.885350 1.000000
vt 0.878981 0.000000
vt 0.891720 1.000000
vt 0.885350 0.000000
vt 0.898089 1.000000
vt 0.891720 0.000000
vt 0.904459 1.000000
vt 0.898089 0.000000
vt 0.910828 1.000000
vt 0.904459 0.000000
vt 0.917197 1.000000
vt 0.910828 0.000000
vt 0.923567 1.000000
vt 0.917197 0.000000
vt 0.929936 1.000000
vt 0.923567 0.000000
vt 0.936306 1.000000
vt 0.929936 0.000000
vt 0.942675 1.000000
vt 0.936306 0.000000
vt 0.949045 1.000000
vt 0.942675 0.000000
vt 0.955414 1.000000
vt 0.949045 0.000000
vt 0.961783 1.000000
vt 0.955414 0.000000
vt 0.968153 1.000000
vt 0.961783 0.000000
vt 0.974522 1.000000
vt 0.968153 0.000000
vt 0.980892 1.000000
vt 0.974522 0.000000
vt 0.987261 1.000000
vt 0.980892 0.000000
vt 0.993631 1.000000
vt 0.987261 0.000000
vt 0.993631 0.000000
vt 0.040000 1.000000
vt 0.080000 1.000000
vt 0.040000 0.000000
vt 0.120000 1.000000
vt 0.080000 0.000000
vt 0.160000 1.000000
vt 0.120000 0.000000
vt 0.160000 0.000000
vt 0.240000 1.000000
vt 0.280000 1.000000
vt 0.240000 0.000000
vt 0.320000 1.000000
vt 0.280000 0.000000
vt 0.360000 1.000000
vt 0.320000 0.000000
vt 0.360000 0.000000
vt 0.440000 1.000000
vt 0.480000 1.000000
vt 0.440000 0.000000
vt 0.520000 1.000000
vt 0.480000 0.000000
vt 0.560000 1.000000
vt 0.520000 0.000000
vt 0.560000 0.000000
vt 0.640000 1.000000
vt 0.680000 1.000000
vt 0.640000 0.000000
vt 0.720000 1.000000
vt 0.680000 0.000000
vt 0.760000 1.000000
vt 0.720000 0.000000
vt 0.760000 0.000000
vt 0.840000 1.000000
vt 0.880000 1.000000
vt 0.840000 0.000000
vt 0.920000 1.000000
vt 0.880000 0.000000
vt 0.960000 1.000000
vt 0.920000 0.000000
vt 0.960000 0.000000
vt 0.010417 1.000000
vt 0.010417 0.000000
vt 0.031250 1.000000
vt 0.031250 0.000000
vt 0.052083 1.000000
vt 0.052083 0.000000
vt 0.072917 1.000000
vt 0.072917 0.000000
vt 0.093750 1.000000
vt 0.093750 0.000000
vt 0.114583 1.000000
vt 0.114583 0.000000
vt 0.135417 1.000000
vt 0.135417 0.000000
vt 0.156250 1.000000
vt 0.156250 0.000000
vt 0.177083 1.000000
vt 0.177083 0.000000
vt 0.197917 1.000000
vt 0.197917 0.000000
vt 0.218750 1.000000
vt 0.218750 0.000000
vt 0.239583 1.000000
vt 0.239583 0.000000
vt 0.260417 1.000000
vt 0.260417 0.000000
vt 0.281250 1.000000
vt 0.281250 0.000000
vt 0.302083 1.000000
vt 0.302083 0.000000
vt 0.322917 1.000000
vt 0.322917 0.000000
vt 0.343750 1.000000
vt 0.343750 0.000000
vt 0.364583 1.000000
vt 0.364583 0.000000
vt 0.385417 1.000000
vt 0.385417 0.000000
vt 0.406250 1.000000
vt 0.406250 0.000000
vt 0.427083 1.000000
vt 0.427083 0.000000
vt 0.447917 1.000000
vt 0.447917 0.000000
vt 0.468750 1.000000
vt 0.468750 0.000000
vt 0.489583 1.000000
vt 0.489583 0.000000
vt 0.510417 1.000000
vt 0.510417 0.000000
vt 0.531250 1.000000
vt 0.531250 0.000000
vt 0.552083 1.000000
vt 0.552083 0.000000
vt 0.572917 1.000000
vt 0.572917 0.000000
vt 0.593750 1.000000
vt 0.593750 0.000000
vt 0.614583 1.000000
vt 0.614583 0.000000
vt 0.635417 1.000000
vt 0.635417 0.000000
vt 0.656250 1.000000
vt 0.656250 0.000000
vt 0.677083 1.000000
vt 0.677083 0.000000
vt 0.697917 1.000000
vt 0.697917 0.000000
vt 0.718750 1.000000
vt 0.718750 0.000000
vt 0.739583 1.000000
vt 0.739583 0.000000
vt 0.760417 1.000000
vt 0.760417 0.000000
vt 0.781250 1.000000
vt 0.781250 0.000000
vt 0.802083 1.000000
vt 0.802083 0.000000
vt 0.822917 1.000000
vt 0.822917 0.000000
vt 0.843750 1.000000
vt 0.843750 0.000000
vt 0.864583 1.000000
vt 0.864583 0.000000
vt 0.885417 1.000000
vt 0.885417 0.000000
vt 0.906250 1.000000
vt 0.906250 0.000000
vt 0.927083 1.000000
vt 0.927083 0.000000
vt 0.947917 1.000000
vt 0.947917 0.000000
vt 0.968750 1.000000
vt 0.968750 0.000000
vt 0.989583 1.000000
vt 0.989583 0.000000
vt 0.066667 1.000000
vt 0.133333 1.000000
vt 0.066667 0.000000
vt 0.133333 0.000000
vt 0.266667 1.000000
vt 0.266667 0.000000
vt 0.466667 1.000000
vt 0.533333 1.000000
vt 0.466667 0.000000
vt 0.533333 0.000000
vt 0.733333 1.000000
vt 0.733333 0.000000
vt 0.866667 1.000000
vt 0.933333 1.000000
vt 0.866667 0.000000
vt 0.933333 0.000000
s 0
usemtl マテリアル
f 78/1/1 80/2/1 79/3/1
f 78/1/1 81/4/1 80/2/1
f 94/5/1 96/6/1 95/7/1
f 93/8/1 96/6/1 94/5/1
f 92/9/1 96/6/1 93/8/1
f 91/10/1 96/6/1 92/9/1
f 91/10/1 1/11/1 96/6/1
f 90/12/1 1/11/1 91/10/1
f 89/13/1 1/11/1 90/12/1
f 89/13/1 2/14/1 1/11/1
f 88/15/1 2/14/1 89/13/1
f 87/16/1 2/14/1 88/15/1
f 87/16/1 3/17/1 2/14/1
f 86/18/1 3/17/1 87/16/1
f 76/19/1 78/1/1 77/20/1
f 76/19/1 81/4/1 78/1/1
f 76/19/1 82/21/1 81/4/1
f 76/19/1 83/22/1 82/21/1
f 85/23/1 3/17/1 86/18/1
f 85/23/1 4/24/1 3/17/1
f 84/25/1 4/24/1 85/23/1
f 83/22/1 4/24/1 84/25/1
f 83/22/1 5/26/1 4/24/1
f 76/19/1 5/26/1 83/22/1
f 76/19/1 75/27/1 5/26/1
f 75/27/1 109/28/1 5/26/1
f 109/28/1 108/29/1 5/26/1
f 108/29/1 6/30/1 5/26/1
f 74/31/1 109/28/1 75/27/1
f 74/31/1 110/32/1 109/28/1
f 107/33/1 6/30/1 108/29/1
f 107/33/1 7/34/1 6/30/1
f 106/35/1 7/34/1 107/33/1
f 105/36/1 7/34/1 106/35/1
f 105/36/1 8/37/1 7/34/1
f 104/38/1 8/37/1 105/36/1
f 103/39/1 8/37/1 104/38/1
f 103/39/1 9/40/1 8/37/1
f 102/41/1 9/40/1 103/39/1
f 101/42/1 9/40/1 102/41/1
f 101/42/1 10/43/1 9/40/1
f 100/44/1 10/43/1 101/42/1
f 99/45/1 10/43/1 100/44/1
f 99/45/1 11/46/1 10/43/1
f 98/47/1 11/46/1 99/45/1
f 97/48/1 11/46/1 98/47/1
f 97/48/1 12/49/1 11/46/1
f 111/50/1 12/49/1 97/48/1
f 72/51/1 74/31/1 73/52/1
f 72/51/1 110/32/1 74/31/1
f 72/51/1 111/50/1 110/32/1
f 72/51/1 12/49/1 111/50/1
f 72/51/1 13/53/1 12/49/1
f 72/51/1 14/54/1 13/53/1
f 71/55/1 14/54/1 72/51/1
f 70/56/1 15/57/1 71/55/1
f 15/57/1 14/54/1 71/55/1
f 70/56/1 16/58/1 15/57/1
f 70/56/1 17/59/1 16/58/1
f 70/56/1 18/60/1 17/59/1
f 69/61/1 18/60/1 70/56/1
f 69/61/1 19/62/1 18/60/1
f 69/61/1 20/63/1 19/62/1
f 68/64/1 20/63/1 69/61/1
f 68/64/1 21/65/1 20/63/1
f 68/64/1 22/66/1 21/65/1
f 67/67/1 22/66/1 68/64/1
f 67/67/1 23/68/1 22/66/1
f 67/67/1 24/69/1 23/68/1
f 66/70/1 24/69/1 67/67/1
f 66/70/1 25/71/1 24/69/1
f 66/70/1 26/72/1 25/71/1
f 65/73/1 26/72/1 66/70/1
f 65/73/1 27/74/1 26/72/1
f 65/73/1 28/75/1 27/74/1
f 65/73/1 116/76/1 28/75/1
f 116/76/1 29/77/1 28/75/1
f 64/78/1 116/76/1 65/73/1
f 63/79/1 116/76/1 64/78/1
f 62/80/1 116/76/1 63/79/1
f 61/81/1 117/82/1 62/80/1
f 117/82/1 116/76/1 62/80/1
f 61/81/1 35/83/1 117/82/1
f 35/83/1 118/84/1 117/82/1
f 119/85/1 29/77/1 116/76/1
f 60/86/1 35/83/1 61/81/1
f 60/86/1 36/87/1 35/83/1
f 34/88/1 118/84/1 35/83/1
f 59/89/1 36/87/1 60/86/1
f 59/89/1 37/90/1 36/87/1
f 59/89/1 38/91/1 37/90/1
f 58/92/1 38/91/1 59/89/1
f 57/93/1 38/91/1 58/92/1
f 57/93/1 39/94/1 38/91/1
f 56/95/1 39/94/1 57/93/1
f 56/95/1 40/96/1 39/94/1
f 55/97/1 40/96/1 56/95/1
f 55/97/1 41/98/1 40/96/1
f 54/99/1 41/98/1 55/97/1
f 54/99/1 42/100/1 41/98/1
f 53/101/1 42/100/1 54/99/1
f 52/102/1 42/100/1 53/101/1
f 52/102/1 43/103/1 42/100/1
f 51/104/1 43/103/1 52/102/1
f 51/104/1 44/105/1 43/103/1
f 50/106/1 44/105/1 51/104/1
f 50/106/1 45/107/1 44/105/1
f 49/108/1 45/107/1 50/106/1
f 49/108/1 46/109/1 45/107/1
f 48/110/1 46/109/1 49/108/1
f 48/110/1 47/111/1 46/109/1
f 34/88/1 114/112/1 118/84/1
f 114/112/1 119/85/1 118/84/1
f 114/112/1 113/113/1 119/85/1
f 113/113/1 29/77/1 119/85/1
f 34/88/1 115/114/1 114/112/1
f 112/115/1 29/77/1 113/113/1
f 34/88/1 32/116/1 115/114/1
f 32/116/1 112/115/1 115/114/1
f 32/116/1 31/117/1 112/115/1
f 31/117/1 29/77/1 112/115/1
f 34/88/1 33/118/1 32/116/1
f 30/119/1 29/77/1 31/117/1
f 296/120/1 298/121/1 297/122/1
f 296/120/1 299/123/1 298/121/1
f 295/124/1 299/123/1 296/120/1
f 295/124/1 300/125/1 299/123/1
f 258/126/1 121/127/1 120/11/1
f 256/128/1 254/129/1 257/130/1
f 254/129/1 258/126/1 257/130/1
f 254/129/1 121/127/1 258/126/1
f 294/131/1 300/125/1 295/124/1
f 294/131/1 428/132/1 300/125/1
f 428/132/1 301/133/1 300/125/1
f 294/131/1 429/134/1 428/132/1
f 427/135/1 301/133/1 428/132/1
f 293/136/1 429/134/1 294/131/1
f 254/129/1 122/137/1 121/127/1
f 427/135/1 302/138/1 301/133/1
f 293/136/1 430/139/1 429/134/1
f 426/140/1 302/138/1 427/135/1
f 292/141/1 430/139/1 293/136/1
f 254/129/1 253/142/1 122/137/1
f 253/142/1 123/143/1 122/137/1
f 426/140/1 303/144/1 302/138/1
f 292/141/1 431/145/1 430/139/1
f 425/146/1 303/144/1 426/140/1
f 292/141/1 432/147/1 431/145/1
f 256/128/1 255/148/1 254/129/1
f 252/149/1 123/143/1 253/142/1
f 424/150/1 303/144/1 425/146/1
f 291/151/1 432/147/1 292/141/1
f 252/149/1 124/152/1 123/143/1
f 424/150/1 304/153/1 303/144/1
f 291/151/1 433/154/1 432/147/1
f 423/155/1 304/153/1 424/150/1
f 251/156/1 124/152/1 252/149/1
f 290/157/1 433/154/1 291/151/1
f 423/155/1 305/158/1 304/153/1
f 251/156/1 125/159/1 124/152/1
f 290/157/1 434/160/1 433/154/1
f 422/161/1 305/158/1 423/155/1
f 250/162/1 125/159/1 251/156/1
f 422/161/1 306/163/1 305/158/1
f 290/157/1 435/164/1 434/160/1
f 289/165/1 435/164/1 290/157/1
f 421/166/1 306/163/1 422/161/1
f 250/162/1 126/167/1 125/159/1
f 249/168/1 126/167/1 250/162/1
f 289/165/1 436/169/1 435/164/1
f 420/170/1 306/163/1 421/166/1
f 420/170/1 307/171/1 306/163/1
f 288/172/1 436/169/1 289/165/1
f 249/168/1 127/173/1 126/167/1
f 288/172/1 437/174/1 436/169/1
f 419/175/1 307/171/1 420/170/1
f 248/176/1 127/173/1 249/168/1
f 419/175/1 308/177/1 307/171/1
f 287/178/1 437/174/1 288/172/1
f 287/178/1 438/179/1 437/174/1
f 418/180/1 308/177/1 419/175/1
f 418/180/1 309/181/1 308/177/1
f 248/176/1 128/182/1 127/173/1
f 247/183/1 128/182/1 248/176/1
f 286/184/1 438/179/1 287/178/1
f 286/184/1 439/185/1 438/179/1
f 417/186/1 309/181/1 418/180/1
f 417/186/1 310/187/1 309/181/1
f 286/184/1 440/188/1 439/185/1
f 285/189/1 440/188/1 286/184/1
f 416/190/1 310/187/1 417/186/1
f 416/190/1 311/191/1 310/187/1
f 246/192/1 128/182/1 247/183/1
f 246/192/1 129/193/1 128/182/1
f 416/190/1 312/194/1 311/191/1
f 416/190/1 313/195/1 312/194/1
f 285/189/1 416/190/1 440/188/1
f 285/189/1 313/195/1 416/190/1
f 284/196/1 313/195/1 285/189/1
f 284/196/1 334/197/1 313/195/1
f 334/197/1 314/198/1 313/195/1
f 283/199/1 261/200/1 284/196/1
f 261/200/1 334/197/1 284/196/1
f 261/200/1 335/201/1 334/197/1
f 333/202/1 314/198/1 334/197/1
f 283/199/1 262/203/1 261/200/1
f 260/204/1 335/201/1 261/200/1
f 333/202/1 315/205/1 314/198/1
f 282/206/1 262/203/1 283/199/1
f 332/207/1 315/205/1 333/202/1
f 245/208/1 129/193/1 246/192/1
f 282/206/1 263/209/1 262/203/1
f 281/210/1 263/209/1 282/206/1
f 245/208/1 130/211/1 129/193/1
f 332/207/1 316/212/1 315/205/1
f 331/213/1 316/212/1 332/207/1
f 281/210/1 264/214/1 263/209/1
f 280/215/1 264/214/1 281/210/1
f 330/216/1 316/212/1 331/213/1
f 330/216/1 317/217/1 316/212/1
f 280/215/1 265/218/1 264/214/1
f 329/219/1 317/217/1 330/216/1
f 279/220/1 265/218/1 280/215/1
f 329/219/1 318/221/1 317/217/1
f 279/220/1 266/222/1 265/218/1
f 328/223/1 318/221/1 329/219/1
f 278/224/1 266/222/1 279/220/1
f 328/223/1 319/225/1 318/221/1
f 327/226/1 319/225/1 328/223/1
f 278/224/1 267/227/1 266/222/1
f 244/228/1 130/211/1 245/208/1
f 277/229/1 267/227/1 278/224/1
f 326/230/1 319/225/1 327/226/1
f 277/229/1 268/231/1 267/227/1
f 326/230/1 320/232/1 319/225/1
f 244/228/1 131/233/1 130/211/1
f 325/234/1 320/232/1 326/230/1
f 276/235/1 268/231/1 277/229/1
f 276/235/1 269/236/1 268/231/1
f 325/234/1 321/237/1 320/232/1
f 324/238/1 321/237/1 325/234/1
f 276/235/1 270/239/1 269/236/1
f 275/240/1 270/239/1 276/235/1
f 323/241/1 321/237/1 324/238/1
f 323/241/1 322/242/1 321/237/1
f 275/240/1 271/243/1 270/239/1
f 274/244/1 271/243/1 275/240/1
f 243/245/1 131/233/1 244/228/1
f 274/244/1 272/246/1 271/243/1
f 273/247/1 272/246/1 274/244/1
f 243/245/1 132/248/1 131/233/1
f 259/249/1 335/201/1 260/204/1
f 415/250/1 336/251/1 259/249/1
f 336/251/2 335/201/2 259/249/2
f 415/250/1 337/252/1 336/251/1
f 242/253/1 132/248/1 243/245/1
f 242/253/1 133/254/1 132/248/1
f 241/255/1 133/254/1 242/253/1
f 241/255/1 134/256/1 133/254/1
f 240/257/1 134/256/1 241/255/1
f 240/257/1 135/258/1 134/256/1
f 239/259/1 135/258/1 240/257/1
f 239/259/1 136/260/1 135/258/1
f 238/261/1 136/260/1 239/259/1
f 413/262/1 455/263/1 414/264/1
f 455/263/1 415/250/1 414/264/1
f 455/263/1 337/252/1 415/250/1
f 455/263/1 338/265/1 337/252/1
f 455/263/1 454/266/1 338/265/1
f 454/266/1 460/267/1 338/265/1
f 460/267/1 459/268/1 338/265/1
f 459/268/1 339/269/1 338/265/1
f 238/261/1 137/270/1 136/260/1
f 237/271/1 137/270/1 238/261/1
f 237/271/1 138/272/1 137/270/1
f 236/273/1 138/272/1 237/271/1
f 236/273/1 139/274/1 138/272/1
f 235/275/1 139/274/1 236/273/1
f 413/262/1 456/276/1 455/263/1
f 453/277/1 460/267/1 454/266/1
f 453/277/1 461/85/1 460/267/1
f 458/278/1 339/269/1 459/268/1
f 235/275/1 140/279/1 139/274/1
f 234/280/1 140/279/1 235/275/1
f 234/280/1 141/281/1 140/279/1
f 233/282/1 141/281/1 234/280/1
f 232/283/1 141/281/1 233/282/1
f 232/283/1 142/284/1 141/281/1
f 231/285/1 142/284/1 232/283/1
f 231/285/1 143/286/1 142/284/1
f 230/287/1 143/286/1 231/285/1
f 230/287/1 144/288/1 143/286/1
f 229/289/1 144/288/1 230/287/1
f 452/290/1 461/85/1 453/277/1
f 229/289/1 145/291/1 144/288/1
f 452/290/1 457/292/1 461/85/1
f 451/293/1 457/292/1 452/290/1
f 450/294/1 457/292/1 451/293/1
f 228/295/1 145/291/1 229/289/1
f 449/296/1 457/292/1 450/294/1
f 227/297/1 145/291/1 228/295/1
f 227/297/1 146/298/1 145/291/1
f 448/299/1 457/292/1 449/296/1
f 447/300/1 457/292/1 448/299/1
f 226/301/1 146/298/1 227/297/1
f 446/302/1 457/292/1 447/300/1
f 445/303/1 457/292/1 446/302/1
f 226/301/1 147/304/1 146/298/1
f 225/305/1 147/304/1 226/301/1
f 444/306/1 457/292/1 445/303/1
f 443/307/1 457/292/1 444/306/1
f 224/308/1 147/304/1 225/305/1
f 442/309/1 457/292/1 443/307/1
f 224/308/1 148/310/1 147/304/1
f 223/311/1 148/310/1 224/308/1
f 441/312/1 457/292/1 442/309/1
f 413/262/1 441/312/1 456/276/1
f 413/262/1 457/292/1 441/312/1
f 413/262/1 458/278/1 457/292/1
f 413/262/1 339/269/1 458/278/1
f 222/313/1 148/310/1 223/311/1
f 222/313/1 149/314/1 148/310/1
f 221/315/1 149/314/1 222/313/1
f 220/316/1 149/314/1 221/315/1
f 219/317/1 149/314/1 220/316/1
f 219/317/1 150/318/1 149/314/1
f 218/319/1 150/318/1 219/317/1
f 217/320/1 150/318/1 218/319/1
f 216/321/1 150/318/1 217/320/1
f 216/321/1 151/322/1 150/318/1
f 215/323/1 151/322/1 216/321/1
f 214/324/1 151/322/1 215/323/1
f 213/325/1 151/322/1 214/324/1
f 212/326/1 151/322/1 213/325/1
f 211/327/1 151/322/1 212/326/1
f 210/328/1 151/322/1 211/327/1
f 209/329/1 151/322/1 210/328/1
f 192/330/1 194/331/1 193/332/1
f 192/330/1 195/333/1 194/331/1
f 208/334/1 151/322/1 209/329/1
f 192/330/1 196/335/1 195/333/1
f 207/336/1 151/322/1 208/334/1
f 192/330/1 197/337/1 196/335/1
f 206/338/1 151/322/1 207/336/1
f 192/330/1 198/339/1 197/337/1
f 205/340/1 151/322/1 206/338/1
f 192/330/1 199/341/1 198/339/1
f 204/342/1 151/322/1 205/340/1
f 192/330/1 200/343/1 199/341/1
f 203/344/1 151/322/1 204/342/1
f 192/330/1 201/345/1 200/343/1
f 202/346/1 151/322/1 203/344/1
f 192/330/1 202/346/1 201/345/1
f 192/330/1 151/322/1 202/346/1
f 192/330/1 152/347/1 151/322/1
f 191/348/1 152/347/1 192/330/1
f 190/349/1 152/347/1 191/348/1
f 190/349/1 153/350/1 152/347/1
f 189/351/1 153/350/1 190/349/1
f 189/351/1 154/352/1 153/350/1
f 188/353/1 154/352/1 189/351/1
f 412/354/1 339/269/1 413/262/1
f 411/355/1 340/356/1 412/354/1
f 340/356/1 339/269/1 412/354/1
f 411/355/1 341/357/1 340/356/1
f 187/358/1 154/352/1 188/353/1
f 187/358/1 155/359/1 154/352/1
f 186/360/1 155/359/1 187/358/1
f 186/360/1 156/361/1 155/359/1
f 185/362/1 156/361/1 186/360/1
f 185/362/1 157/363/1 156/361/1
f 184/364/1 157/363/1 185/362/1
f 184/364/1 158/365/1 157/363/1
f 410/366/1 341/357/1 411/355/1
f 184/364/1 159/367/1 158/365/1
f 183/368/1 159/367/1 184/364/1
f 183/368/1 160/369/1 159/367/1
f 183/368/1 161/370/1 160/369/1
f 410/366/1 376/371/1 341/357/1
f 376/371/1 342/372/1 341/357/1
f 183/368/1 162/373/1 161/370/1
f 182/374/1 162/373/1 183/368/1
f 182/374/1 163/375/1 162/373/1
f 182/374/1 164/376/1 163/375/1
f 182/374/1 165/377/1 164/376/1
f 181/378/1 165/377/1 182/374/1
f 181/378/1 166/379/1 165/377/1
f 181/378/1 167/380/1 166/379/1
f 181/378/1 168/381/1 167/380/1
f 181/378/1 169/382/1 168/381/1
f 181/378/1 170/383/1 169/382/1
f 181/378/1 171/384/1 170/383/1
f 181/378/1 172/385/1 171/384/1
f 180/386/1 172/385/1 181/378/1
f 180/386/1 173/387/1 172/385/1
f 179/388/1 173/387/1 180/386/1
f 179/388/1 174/389/1 173/387/1
f 178/390/1 174/389/1 179/388/1
f 178/390/1 175/391/1 174/389/1
f 177/392/1 175/391/1 178/390/1
f 177/392/1 176/393/1 175/391/1
f 409/394/1 376/371/1 410/366/1
f 409/394/1 377/395/1 376/371/1
f 375/396/1 342/372/1 376/371/1
f 375/396/1 343/397/1 342/372/1
f 408/398/1 377/395/1 409/394/1
f 408/398/1 378/399/1 377/395/1
f 374/400/1 343/397/1 375/396/1
f 374/400/1 344/401/1 343/397/1
f 407/402/1 378/399/1 408/398/1
f 407/402/1 379/403/1 378/399/1
f 406/404/1 379/403/1 407/402/1
f 374/400/1 345/405/1 344/401/1
f 373/406/1 345/405/1 374/400/1
f 406/404/1 380/407/1 379/403/1
f 405/408/1 380/407/1 406/404/1
f 373/406/1 346/409/1 345/405/1
f 372/410/1 346/409/1 373/406/1
f 405/408/1 381/411/1 380/407/1
f 372/410/1 347/412/1 346/409/1
f 404/413/1 381/411/1 405/408/1
f 371/414/1 347/412/1 372/410/1
f 404/413/1 382/415/1 381/411/1
f 371/414/1 348/416/1 347/412/1
f 403/417/1 382/415/1 404/413/1
f 371/414/1 349/418/1 348/416/1
f 370/419/1 349/418/1 371/414/1
f 402/420/1 382/415/1 403/417/1
f 402/420/1 383/421/1 382/415/1
f 370/419/1 350/422/1 349/418/1
f 401/423/1 383/421/1 402/420/1
f 369/424/1 350/422/1 370/419/1
f 369/424/1 351/425/1 350/422/1
f 401/423/1 384/426/1 383/421/1
f 369/424/1 352/427/1 351/425/1
f 400/428/1 384/426/1 401/423/1
f 368/429/1 352/427/1 369/424/1
f 400/428/1 385/430/1 384/426/1
f 368/429/1 353/431/1 352/427/1
f 368/429/1 354/432/1 353/431/1
f 399/433/1 385/430/1 400/428/1
f 368/429/1 355/434/1 354/432/1
f 398/435/1 385/430/1 399/433/1
f 367/436/1 355/434/1 368/429/1
f 367/436/1 356/437/1 355/434/1
f 397/438/1 385/430/1 398/435/1
f 397/438/1 386/439/1 385/430/1
f 367/436/1 357/440/1 356/437/1
f 396/441/1 386/439/1 397/438/1
f 395/442/1 386/439/1 396/441/1
f 367/436/1 358/443/1 357/440/1
f 366/444/1 358/443/1 367/436/1
f 394/445/1 386/439/1 395/442/1
f 366/444/1 359/446/1 358/443/1
f 394/445/1 387/447/1 386/439/1
f 393/448/1 387/447/1 394/445/1
f 366/444/1 360/449/1 359/446/1
f 392/450/1 387/447/1 393/448/1
f 365/451/1 360/449/1 366/444/1
f 365/451/1 361/452/1 360/449/1
f 391/453/1 387/447/1 392/450/1
f 365/451/1 362/454/1 361/452/1
f 391/453/1 390/455/1 387/447/1
f 390/455/1 389/456/1 387/447/1
f 389/456/1 388/457/1 387/447/1
f 364/458/1 363/459/1 365/451/1
f 363/459/1 362/454/1 365/451/1
f 487/460/1 485/461/1 488/462/1
f 485/461/1 489/463/1 488/462/1
f 485/461/1 484/464/1 489/463/1
f 484/464/1 482/465/1 489/463/1
f 487/460/1 486/466/1 485/461/1
f 483/467/1 482/465/1 484/464/1
f 491/468/1 493/469/1 492/470/1
f 491/468/1 490/471/1 493/469/1
f 495/472/1 497/85/1 496/473/1
f 495/472/1 494/474/1 497/85/1
f 479/475/1 467/476/1 480/477/1
f 467/476/1 481/478/1 480/477/1
f 467/476/1 466/479/1 481/478/1
f 466/479/1 474/480/1 481/478/1
f 479/475/1 468/481/1 467/476/1
f 469/482/1 474/480/1 466/479/1
f 479/475/1 464/483/1 468/481/1
f 464/483/1 469/482/1 468/481/1
f 464/483/1 463/484/1 469/482/1
f 463/484/1 474/480/1 469/482/1
f 479/475/1 465/485/1 464/483/1
f 462/11/1 474/480/1 463/484/1
f 479/475/1 472/486/1 465/485/1
f 472/486/1 462/11/1 465/485/1
f 472/486/1 471/487/1 462/11/1
f 471/487/1 474/480/1 462/11/1
f 479/475/1 473/488/1 472/486/1
f 470/489/1 474/480/1 471/487/1
f 479/475/1 477/490/1 473/488/1
f 477/490/1 470/489/1 473/488/1
f 477/490/1 476/491/1 470/489/1
f 476/491/1 474/480/1 470/489/1
f 479/475/1 478/492/1 477/490/1
f 475/493/1 474/480/1 476/491/1
f 580/494/1 582/495/1 581/496/1
f 580/494/1 583/497/1 582/495/1
f 579/498/1 583/497/1 580/494/1
f 579/498/1 584/499/1 583/497/1
f 578/500/1 584/499/1 579/498/1
f 578/500/1 585/501/1 584/499/1
f 577/502/1 585/501/1 578/500/1
f 577/502/1 586/503/1 585/501/1
f 576/86/1 533/504/1 577/502/1
f 533/504/1 642/505/1 577/502/1
f 642/505/1 586/503/1 577/502/1
f 533/504/1 643/506/1 642/505/1
f 641/507/1 586/503/1 642/505/1
f 576/86/1 534/508/1 533/504/1
f 532/509/1 643/506/1 533/504/1
f 641/507/1 587/510/1 586/503/1
f 640/511/1 587/510/1 641/507/1
f 576/86/1 535/512/1 534/508/1
f 575/513/1 535/512/1 576/86/1
f 639/514/1 587/510/1 640/511/1
f 532/509/1 644/515/1 643/506/1
f 575/513/1 536/516/1 535/512/1
f 531/517/1 644/515/1 532/509/1
f 638/518/1 587/510/1 639/514/1
f 638/518/1 588/519/1 587/510/1
f 575/513/1 537/520/1 536/516/1
f 531/517/1 645/521/1 644/515/1
f 574/522/1 537/520/1 575/513/1
f 530/523/1 645/521/1 531/517/1
f 637/524/1 588/519/1 638/518/1
f 574/522/1 538/525/1 537/520/1
f 637/524/1 589/526/1 588/519/1
f 636/527/1 589/526/1 637/524/1
f 529/528/1 645/521/1 530/523/1
f 529/528/1 646/529/1 645/521/1
f 573/530/1 538/525/1 574/522/1
f 573/530/1 539/531/1 538/525/1
f 528/532/1 646/529/1 529/528/1
f 635/533/1 589/526/1 636/527/1
f 528/532/1 647/534/1 646/529/1
f 635/533/1 590/535/1 589/526/1
f 527/536/1 647/534/1 528/532/1
f 527/536/1 648/537/1 647/534/1
f 634/538/1 590/535/1 635/533/1
f 573/530/1 540/539/1 539/531/1
f 572/540/1 540/539/1 573/530/1
f 526/541/1 648/537/1 527/536/1
f 526/541/1 649/542/1 648/537/1
f 634/538/1 591/543/1 590/535/1
f 633/544/1 591/543/1 634/538/1
f 572/540/1 541/545/1 540/539/1
f 525/546/1 649/542/1 526/541/1
f 525/546/1 650/547/1 649/542/1
f 571/548/1 541/545/1 572/540/1
f 632/549/1 591/543/1 633/544/1
f 524/550/1 650/547/1 525/546/1
f 571/548/1 542/551/1 541/545/1
f 524/550/1 651/552/1 650/547/1
f 632/549/1 592/553/1 591/543/1
f 523/554/1 651/552/1 524/550/1
f 523/554/1 652/555/1 651/552/1
f 631/556/1 592/553/1 632/549/1
f 571/548/1 543/557/1 542/551/1
f 570/558/1 543/557/1 571/548/1
f 522/559/1 652/555/1 523/554/1
f 522/559/1 653/560/1 652/555/1
f 631/556/1 593/561/1 592/553/1
f 521/562/1 653/560/1 522/559/1
f 630/563/1 593/561/1 631/556/1
f 570/558/1 544/564/1 543/557/1
f 521/562/1 654/85/1 653/560/1
f 520/565/1 654/85/1 521/562/1
f 569/566/1 544/564/1 570/558/1
f 520/565/1 546/567/1 654/85/1
f 629/568/1 593/561/1 630/563/1
f 569/566/1 545/569/1 544/564/1
f 629/568/1 594/570/1 593/561/1
f 519/571/1 546/567/1 520/565/1
f 569/566/1 498/11/1 545/569/1
f 628/572/1 594/570/1 629/568/1
f 568/573/1 498/11/1 569/566/1
f 519/571/1 547/574/1 546/567/1
f 628/572/1 595/575/1 594/570/1
f 518/576/1 547/574/1 519/571/1
f 568/573/1 499/577/1 498/11/1
f 627/578/1 595/575/1 628/572/1
f 567/579/1 499/577/1 568/573/1
f 517/580/1 547/574/1 518/576/1
f 567/579/1 500/581/1 499/577/1
f 517/580/1 548/582/1 547/574/1
f 627/578/1 596/583/1 595/575/1
f 626/584/1 596/583/1 627/578/1
f 567/579/1 501/585/1 500/581/1
f 516/586/1 548/582/1 517/580/1
f 566/587/1 501/585/1 567/579/1
f 516/586/1 549/588/1 548/582/1
f 566/587/1 502/589/1 501/585/1
f 515/590/1 549/588/1 516/586/1
f 626/584/1 597/591/1 596/583/1
f 625/592/1 597/591/1 626/584/1
f 565/593/1 502/589/1 566/587/1
f 565/593/1 503/594/1 502/589/1
f 514/595/1 549/588/1 515/590/1
f 514/595/1 550/596/1 549/588/1
f 565/593/1 504/597/1 503/594/1
f 624/598/1 597/591/1 625/592/1
f 513/599/1 550/596/1 514/595/1
f 564/600/1 504/597/1 565/593/1
f 564/600/1 505/601/1 504/597/1
f 624/598/1 598/602/1 597/591/1
f 512/603/1 550/596/1 513/599/1
f 564/600/1 506/604/1 505/601/1
f 623/605/1 598/602/1 624/598/1
f 512/603/1 551/606/1 550/596/1
f 511/607/1 551/606/1 512/603/1
f 564/600/1 507/608/1 506/604/1
f 510/609/1 551/606/1 511/607/1
f 564/600/1 508/610/1 507/608/1
f 563/611/1 508/610/1 564/600/1
f 509/612/1 551/606/1 510/609/1
f 563/611/1 509/612/1 508/610/1
f 563/611/1 551/606/1 509/612/1
f 622/613/1 598/602/1 623/605/1
f 622/613/1 599/614/1 598/602/1
f 563/611/1 552/615/1 551/606/1
f 562/616/1 552/615/1 563/611/1
f 621/617/1 599/614/1 622/613/1
f 562/616/1 553/618/1 552/615/1
f 561/619/1 553/618/1 562/616/1
f 621/617/1 600/620/1 599/614/1
f 620/621/1 600/620/1 621/617/1
f 561/619/1 554/622/1 553/618/1
f 560/623/1 554/622/1 561/619/1
f 619/624/1 600/620/1 620/621/1
f 618/625/1 600/620/1 619/624/1
f 560/623/1 555/626/1 554/622/1
f 559/627/1 555/626/1 560/623/1
f 618/625/1 601/628/1 600/620/1
f 617/629/1 601/628/1 618/625/1
f 616/630/1 601/628/1 617/629/1
f 615/631/1 601/628/1 616/630/1
f 559/627/1 556/632/1 555/626/1
f 558/633/1 556/632/1 559/627/1
f 614/634/1 601/628/1 615/631/1
f 613/635/1 601/628/1 614/634/1
f 612/636/1 601/628/1 613/635/1
f 611/637/1 601/628/1 612/636/1
f 610/638/1 601/628/1 611/637/1
f 609/639/1 601/628/1 610/638/1
f 558/633/1 557/640/1 556/632/1
f 608/641/1 601/628/1 609/639/1
f 607/642/1 601/628/1 608/641/1
f 606/643/1 601/628/1 607/642/1
f 605/644/1 601/628/1 606/643/1
f 605/644/1 602/645/1 601/628/1
f 605/644/1 603/646/1 602/645/1
f 605/644/1 604/647/1 603/646/1
f 737/648/1 739/85/1 738/649/1
f 737/648/1 655/11/1 739/85/1
f 737/648/1 656/650/1 655/11/1
f 737/648/1 657/651/1 656/650/1
f 737/648/1 658/652/1 657/651/1
f 737/648/1 659/653/1 658/652/1
f 736/654/1 659/653/1 737/648/1
f 736/654/1 660/655/1 659/653/1
f 736/654/1 661/656/1 660/655/1
f 736/654/1 662/607/1 661/656/1
f 736/654/1 663/657/1 662/607/1
f 735/658/1 663/657/1 736/654/1
f 735/658/1 664/659/1 663/657/1
f 735/658/1 665/660/1 664/659/1
f 735/658/1 666/661/1 665/660/1
f 735/658/1 667/476/1 666/661/1
f 734/662/1 667/476/1 735/658/1
f 734/662/1 668/663/1 667/476/1
f 734/662/1 669/550/1 668/663/1
f 733/664/1 669/550/1 734/662/1
f 733/664/1 670/665/1 669/550/1
f 732/507/1 702/666/1 733/664/1
f 702/666/1 670/665/1 733/664/1
f 702/666/1 671/667/1 670/665/1
f 732/507/1 703/465/1 702/666/1
f 701/668/1 671/667/1 702/666/1
f 700/669/1 671/667/1 701/668/1
f 731/670/1 703/465/1 732/507/1
f 731/670/1 704/526/1 703/465/1
f 700/669/1 672/671/1 671/667/1
f 699/672/1 672/671/1 700/669/1
f 731/670/1 705/673/1 704/526/1
f 699/672/1 673/674/1 672/671/1
f 730/675/1 705/673/1 731/670/1
f 698/676/1 673/674/1 699/672/1
f 730/675/1 706/677/1 705/673/1
f 698/676/1 674/678/1 673/674/1
f 697/86/1 674/678/1 698/676/1
f 730/675/1 707/679/1 706/677/1
f 729/680/1 707/679/1 730/675/1
f 696/681/1 674/678/1 697/86/1
f 729/680/1 708/682/1 707/679/1
f 696/681/1 675/683/1 674/678/1
f 728/684/1 708/682/1 729/680/1
f 695/685/1 675/683/1 696/681/1
f 728/684/1 709/686/1 708/682/1
f 695/685/1 676/520/1 675/683/1
f 694/687/1 676/520/1 695/685/1
f 728/684/1 710/688/1 709/686/1
f 727/470/1 710/688/1 728/684/1
f 694/687/1 677/689/1 676/520/1
f 693/690/1 677/689/1 694/687/1
f 727/470/1 711/645/1 710/688/1
f 726/691/1 711/645/1 727/470/1
f 726/691/1 712/692/1 711/645/1
f 692/693/1 677/689/1 693/690/1
f 692/693/1 678/694/1 677/689/1
f 691/490/1 678/694/1 692/693/1
f 726/691/1 713/695/1 712/692/1
f 691/490/1 679/486/1 678/694/1
f 691/490/1 680/696/1 679/486/1
f 725/572/1 713/695/1 726/691/1
f 691/490/1 681/697/1 680/696/1
f 724/698/1 713/695/1 725/572/1
f 691/490/1 682/699/1 681/697/1
f 723/700/1 713/695/1 724/698/1
f 691/490/1 683/596/1 682/699/1
f 722/701/1 713/695/1 723/700/1
f 691/490/1 684/702/1 683/596/1
f 721/703/1 713/695/1 722/701/1
f 691/490/1 685/704/1 684/702/1
f 690/611/1 689/705/1 691/490/1
f 689/705/1 688/706/1 691/490/1
f 688/706/1 687/707/1 691/490/1
f 687/707/1 686/708/1 691/490/1
f 686/708/1 685/704/1 691/490/1
f 720/709/1 713/695/1 721/703/1
f 720/709/1 719/710/1 713/695/1
f 719/710/1 718/631/1 713/695/1
f 718/631/1 717/711/1 713/695/1
f 717/711/1 716/712/1 713/695/1
f 716/712/1 715/460/1 713/695/1
f 715/460/1 714/713/1 713/695/1
f 741/596/1 743/85/1 742/645/1
f 741/596/1 740/11/1 743/85/1
f 817/714/1 819/715/1 818/716/1
f 816/717/1 819/715/1 817/714/1
f 816/717/1 820/718/1 819/715/1
f 815/719/1 820/718/1 816/717/1
f 814/720/1 820/718/1 815/719/1
f 814/720/1 821/721/1 820/718/1
f 813/722/1 821/721/1 814/720/1
f 812/723/1 821/721/1 813/722/1
f 812/723/1 822/724/1 821/721/1
f 811/725/1 822/724/1 812/723/1
f 810/726/1 822/724/1 811/725/1
f 810/726/1 823/727/1 822/724/1
f 809/728/1 823/727/1 810/726/1
f 808/729/1 823/727/1 809/728/1
f 807/730/1 823/727/1 808/729/1
f 807/730/1 824/731/1 823/727/1
f 806/732/1 824/731/1 807/730/1
f 805/733/1 824/731/1 806/732/1
f 804/734/1 824/731/1 805/733/1
f 803/735/1 824/731/1 804/734/1
f 802/736/1 824/731/1 803/735/1
f 801/737/1 824/731/1 802/736/1
f 800/738/1 824/731/1 801/737/1
f 799/739/1 824/731/1 800/738/1
f 799/739/1 825/740/1 824/731/1
f 798/741/1 825/740/1 799/739/1
f 797/742/1 825/740/1 798/741/1
f 796/743/1 825/740/1 797/742/1
f 795/744/1 825/740/1 796/743/1
f 794/745/1 825/740/1 795/744/1
f 793/746/1 792/747/1 794/745/1
f 792/747/1 791/748/1 794/745/1
f 791/748/1 790/749/1 794/745/1
f 790/749/1 789/750/1 794/745/1
f 789/750/1 788/751/1 794/745/1
f 788/751/1 787/752/1 794/745/1
f 787/752/1 786/753/1 794/745/1
f 786/753/1 785/596/1 794/745/1
f 785/596/1 784/754/1 794/745/1
f 784/754/1 783/755/1 794/745/1
f 783/755/1 782/756/1 794/745/1
f 782/756/1 781/757/1 794/745/1
f 781/757/1 779/758/1 794/745/1
f 779/758/1 778/759/1 794/745/1
f 778/759/1 777/760/1 794/745/1
f 777/760/1 776/761/1 794/745/1
f 776/761/1 775/762/1 794/745/1
f 775/762/1 774/763/1 794/745/1
f 774/763/1 773/764/1 794/745/1
f 773/764/1 772/765/1 794/745/1
f 772/765/1 771/766/1 794/745/1
f 771/766/1 770/767/1 794/745/1
f 770/767/1 867/85/1 794/745/1
f 867/85/1 825/740/1 794/745/1
f 866/768/1 825/740/1 867/85/1
f 865/769/1 825/740/1 866/768/1
f 865/769/1 826/645/1 825/740/1
f 864/770/1 826/645/1 865/769/1
f 863/771/1 826/645/1 864/770/1
f 862/772/1 826/645/1 863/771/1
f 862/772/1 827/773/1 826/645/1
f 861/774/1 827/773/1 862/772/1
f 781/757/3 780/775/3 779/758/3
f 860/776/1 827/773/1 861/774/1
f 860/776/1 828/777/1 827/773/1
f 859/778/1 828/777/1 860/776/1
f 858/779/1 828/777/1 859/778/1
f 858/779/1 829/780/1 828/777/1
f 857/781/1 829/780/1 858/779/1
f 856/782/1 829/780/1 857/781/1
f 856/782/1 830/783/1 829/780/1
f 855/784/1 830/783/1 856/782/1
f 854/785/1 830/783/1 855/784/1
f 854/785/1 831/786/1 830/783/1
f 853/787/1 831/786/1 854/785/1
f 853/787/1 832/788/1 831/786/1
f 852/789/1 832/788/1 853/787/1
f 852/789/1 833/790/1 832/788/1
f 851/791/1 833/790/1 852/789/1
f 851/791/1 834/792/1 833/790/1
f 850/793/1 834/792/1 851/791/1
f 849/794/1 834/792/1 850/793/1
f 849/794/1 835/795/1 834/792/1
f 848/796/1 835/795/1 849/794/1
f 848/796/1 836/797/1 835/795/1
f 847/798/1 836/797/1 848/796/1
f 846/799/1 836/797/1 847/798/1
f 846/799/1 837/800/1 836/797/1
f 845/801/1 837/800/1 846/799/1
f 844/802/1 837/800/1 845/801/1
f 844/802/1 838/803/1 837/800/1
f 843/804/1 838/803/1 844/802/1
f 842/805/1 838/803/1 843/804/1
f 842/805/1 839/806/1 838/803/1
f 842/805/1 840/807/1 839/806/1
f 842/805/1 841/808/1 840/807/1
f 756/809/1 758/810/1 757/811/1
f 756/809/1 759/812/1 758/810/1
f 756/809/1 760/813/1 759/812/1
f 756/809/1 761/814/1 760/813/1
f 756/809/1 762/815/1 761/814/1
f 756/809/1 763/816/1 762/815/1
f 756/809/1 764/817/1 763/816/1
f 756/809/1 765/818/1 764/817/1
f 756/809/1 766/819/1 765/818/1
f 756/809/1 767/820/1 766/819/1
f 756/809/1 768/821/1 767/820/1
f 756/809/1 769/822/1 768/821/1
f 756/809/1 744/11/1 769/822/1
f 755/823/1 744/11/1 756/809/1
f 754/824/1 744/11/1 755/823/1
f 753/825/1 744/11/1 754/824/1
f 752/826/1 744/11/1 753/825/1
f 751/827/1 744/11/1 752/826/1
f 750/828/1 744/11/1 751/827/1
f 749/829/1 744/11/1 750/828/1
f 748/830/1 744/11/1 749/829/1
f 747/831/1 744/11/1 748/830/1
f 746/832/1 744/11/1 747/831/1
f 745/833/1 744/11/1 746/832/1
f 905/834/1 907/835/1 906/550/1
f 904/836/1 907/835/1 905/834/1
f 904/836/1 908/837/1 907/835/1
f 903/838/1 908/837/1 904/836/1
f 903/838/1 909/839/1 908/837/1
f 902/840/1 909/839/1 903/838/1
f 902/840/1 910/841/1 909/839/1
f 901/842/1 910/841/1 902/840/1
f 900/843/1 910/841/1 901/842/1
f 900/843/1 911/844/1 910/841/1
f 899/845/1 911/844/1 900/843/1
f 899/845/1 912/846/1 911/844/1
f 898/847/1 912/846/1 899/845/1
f 898/847/1 913/848/1 912/846/1
f 897/849/1 913/848/1 898/847/1
f 897/849/1 914/850/1 913/848/1
f 896/851/1 914/850/1 897/849/1
f 896/851/1 915/852/1 914/850/1
f 896/851/1 916/853/1 915/852/1
f 895/854/1 916/853/1 896/851/1
f 895/854/1 917/855/1 916/853/1
f 894/856/1 917/855/1 895/854/1
f 894/856/1 918/857/1 917/855/1
f 894/856/1 919/858/1 918/857/1
f 893/859/1 919/858/1 894/856/1
f 893/859/1 920/860/1 919/858/1
f 880/861/1 882/862/1 881/863/1
f 880/861/1 883/864/1 882/862/1
f 880/861/1 884/865/1 883/864/1
f 880/861/1 885/866/1 884/865/1
f 880/861/1 886/867/1 885/866/1
f 880/861/1 887/607/1 886/867/1
f 880/861/1 888/868/1 887/607/1
f 931/869/1 933/870/1 932/871/1
f 880/861/1 889/872/1 888/868/1
f 930/873/1 933/870/1 931/869/1
f 880/861/1 890/874/1 889/872/1
f 929/875/1 933/870/1 930/873/1
f 880/861/1 891/876/1 890/874/1
f 928/877/1 933/870/1 929/875/1
f 880/861/1 892/878/1 891/876/1
f 927/879/1 933/870/1 928/877/1
f 880/861/1 893/859/1 892/878/1
f 926/880/1 933/870/1 927/879/1
f 925/520/1 933/870/1 926/880/1
f 880/861/1 920/860/1 893/859/1
f 924/881/1 933/870/1 925/520/1
f 923/882/1 933/870/1 924/881/1
f 922/883/1 933/870/1 923/882/1
f 921/884/1 933/870/1 922/883/1
f 920/860/1 933/870/1 921/884/1
f 880/861/1 933/870/1 920/860/1
f 879/885/1 933/870/1 880/861/1
f 878/886/1 933/870/1 879/885/1
f 877/887/1 933/870/1 878/886/1
f 876/888/1 933/870/1 877/887/1
f 875/889/1 933/870/1 876/888/1
f 874/890/1 933/870/1 875/889/1
f 873/891/1 933/870/1 874/890/1
f 872/892/1 933/870/1 873/891/1
f 871/893/1 933/870/1 872/892/1
f 871/893/1 934/894/1 933/870/1
f 870/895/1 934/894/1 871/893/1
f 870/895/1 935/896/1 934/894/1
f 869/897/1 935/896/1 870/895/1
f 869/897/1 936/898/1 935/896/1
f 869/897/1 937/899/1 936/898/1
f 868/11/1 937/899/1 869/897/1
f 868/11/1 938/900/1 937/899/1
f 868/11/1 939/901/1 938/900/1
f 1096/85/1 946/902/1 868/11/1
f 946/902/1 939/901/1 868/11/1
f 946/902/1 940/903/1 939/901/1
f 946/902/1 941/904/1 940/903/1
f 946/902/1 942/905/1 941/904/1
f 946/902/1 943/906/1 942/905/1
f 946/902/1 944/596/1 943/906/1
f 946/902/1 945/907/1 944/596/1
f 1096/85/1 947/908/1 946/902/1
f 1022/909/1 1024/910/1 1023/911/1
f 1021/912/1 1024/910/1 1022/909/1
f 1021/912/1 1025/913/1 1024/910/1
f 1083/914/1 1085/915/1 1084/916/1
f 1083/914/1 1086/917/1 1085/915/1
f 1083/914/1 1087/918/1 1086/917/1
f 1020/645/1 1025/913/1 1021/912/1
f 1083/914/1 1088/919/1 1087/918/1
f 1020/645/1 1026/920/1 1025/913/1
f 1083/914/1 1089/921/1 1088/919/1
f 1083/914/1 1090/922/1 1089/921/1
f 1083/914/1 1091/923/1 1090/922/1
f 1083/914/1 1092/924/1 1091/923/1
f 1019/925/1 1026/920/1 1020/645/1
f 959/926/1 961/927/1 960/928/1
f 1083/914/1 1093/929/1 1092/924/1
f 958/930/1 961/927/1 959/926/1
f 1083/914/1 1094/931/1 1093/929/1
f 957/932/1 961/927/1 958/930/1
f 1019/925/1 1027/933/1 1026/920/1
f 956/934/1 961/927/1 957/932/1
f 1083/914/1 1095/935/1 1094/931/1
f 955/936/1 961/927/1 956/934/1
f 1083/914/1 1096/85/1 1095/935/1
f 954/937/1 961/927/1 955/936/1
f 1083/914/1 947/908/1 1096/85/1
f 953/938/1 961/927/1 954/937/1
f 952/939/1 961/927/1 953/938/1
f 951/940/1 961/927/1 952/939/1
f 950/941/1 961/927/1 951/940/1
f 949/942/1 961/927/1 950/941/1
f 948/943/1 961/927/1 949/942/1
f 1083/914/1 948/943/1 947/908/1
f 1083/914/1 961/927/1 948/943/1
f 1018/944/1 1027/933/1 1019/925/1
f 1018/944/1 1028/945/1 1027/933/1
f 1017/946/1 1028/945/1 1018/944/1
f 1017/946/1 1029/947/1 1028/945/1
f 1082/948/1 961/927/1 1083/914/1
f 1081/949/1 961/927/1 1082/948/1
f 1016/950/1 1029/947/1 1017/946/1
f 1080/951/1 961/927/1 1081/949/1
f 1079/952/1 961/927/1 1080/951/1
f 1016/950/1 1030/953/1 1029/947/1
f 1078/954/1 961/927/1 1079/952/1
f 1077/507/1 961/927/1 1078/954/1
f 1015/955/1 1030/953/1 1016/950/1
f 1076/956/1 961/927/1 1077/507/1
f 1075/957/1 961/927/1 1076/956/1
f 1074/958/1 961/927/1 1075/957/1
f 1074/958/1 962/959/1 961/927/1
f 1073/960/1 962/959/1 1074/958/1
f 1073/960/1 963/611/1 962/959/1
f 1072/961/1 963/611/1 1073/960/1
f 1072/961/1 964/962/1 963/611/1
f 1071/963/1 964/962/1 1072/961/1
f 1071/963/1 965/964/1 964/962/1
f 1015/955/1 1031/965/1 1030/953/1
f 1071/963/1 966/966/1 965/964/1
f 1070/967/1 974/968/1 1071/963/1
f 974/968/1 966/966/1 1071/963/1
f 974/968/1 967/969/1 966/966/1
f 974/968/1 968/970/1 967/969/1
f 974/968/1 969/971/1 968/970/1
f 974/968/1 970/972/1 969/971/1
f 974/968/1 971/973/1 970/972/1
f 1014/974/1 1031/965/1 1015/955/1
f 974/968/1 972/975/1 971/973/1
f 974/968/1 973/976/1 972/975/1
f 1070/967/1 975/977/1 974/968/1
f 1069/978/1 975/977/1 1070/967/1
f 1069/978/1 976/979/1 975/977/1
f 1014/974/1 1032/980/1 1031/965/1
f 1013/981/1 1032/980/1 1014/974/1
f 1068/982/1 976/979/1 1069/978/1
f 1068/982/1 977/983/1 976/979/1
f 1068/982/1 978/984/1 977/983/1
f 1067/985/1 978/984/1 1068/982/1
f 1013/981/1 1033/986/1 1032/980/1
f 1012/987/1 1033/986/1 1013/981/1
f 1067/985/1 979/988/1 978/984/1
f 1066/989/1 979/988/1 1067/985/1
f 1066/989/1 980/990/1 979/988/1
f 1065/991/1 980/990/1 1066/989/1
f 1011/992/1 1033/986/1 1012/987/1
f 1011/992/1 1034/993/1 1033/986/1
f 1065/991/1 981/994/1 980/990/1
f 1064/995/1 981/994/1 1065/991/1
f 1064/995/1 982/86/1 981/994/1
f 1010/996/1 1034/993/1 1011/992/1
f 1063/997/1 982/86/1 1064/995/1
f 1063/997/1 983/998/1 982/86/1
f 1010/996/1 1035/999/1 1034/993/1
f 1063/997/1 984/1000/1 983/998/1
f 1062/1001/1 984/1000/1 1063/997/1
f 1009/1002/1 1035/999/1 1010/996/1
f 1062/1001/1 985/1003/1 984/1000/1
f 1061/1004/1 985/1003/1 1062/1001/1
f 1061/1004/1 986/1005/1 985/1003/1
f 1009/1002/1 1036/1006/1 1035/999/1
f 1060/1007/1 986/1005/1 1061/1004/1
f 1060/1007/1 987/1008/1 986/1005/1
f 1059/1009/1 987/1008/1 1060/1007/1
f 1008/1010/1 1036/1006/1 1009/1002/1
f 1058/572/1 987/1008/1 1059/1009/1
f 1058/572/1 988/1011/1 987/1008/1
f 1008/1010/1 1037/1012/1 1036/1006/1
f 1007/1013/1 1037/1012/1 1008/1010/1
f 1058/572/1 989/1014/1 988/1011/1
f 1057/1015/1 989/1014/1 1058/572/1
f 1006/1016/1 1037/1012/1 1007/1013/1
f 1006/1016/1 1038/1017/1 1037/1012/1
f 1057/1015/1 990/1018/1 989/1014/1
f 1005/1019/1 1038/1017/1 1006/1016/1
f 1057/1015/1 991/1020/1 990/1018/1
f 1056/1021/1 991/1020/1 1057/1015/1
f 1004/1022/1 1038/1017/1 1005/1019/1
f 1004/1022/1 1039/631/1 1038/1017/1
f 1056/1021/1 992/1023/1 991/1020/1
f 1003/1024/1 1039/631/1 1004/1022/1
f 1056/1021/1 993/1025/1 992/1023/1
f 1055/1026/1 993/1025/1 1056/1021/1
f 1003/1024/1 1040/1027/1 1039/631/1
f 1002/1028/1 1040/1027/1 1003/1024/1
f 1055/1026/1 994/1029/1 993/1025/1
f 1001/526/1 1040/1027/1 1002/1028/1
f 1055/1026/1 995/1030/1 994/1029/1
f 1054/1031/1 995/1030/1 1055/1026/1
f 1000/1032/1 1040/1027/1 1001/526/1
f 1054/1031/1 996/1033/1 995/1030/1
f 1000/1032/1 1041/1034/1 1040/1027/1
f 999/1035/1 1041/1034/1 1000/1032/1
f 1054/1031/1 997/1036/1 996/1033/1
f 998/1037/1 1041/1034/1 999/1035/1
f 1054/1031/1 998/1037/1 997/1036/1
f 1054/1031/1 1041/1034/1 998/1037/1
f 1053/1038/1 1041/1034/1 1054/1031/1
f 1053/1038/1 1042/1039/1 1041/1034/1
f 1052/1040/1 1042/1039/1 1053/1038/1
f 1052/1040/1 1043/1041/1 1042/1039/1
f 1051/1042/1 1043/1041/1 1052/1040/1
f 1051/1042/1 1044/1043/1 1043/1041/1
f 1050/1044/1 1044/1043/1 1051/1042/1
f 1050/1044/1 1045/1045/1 1044/1043/1
f 1049/1046/1 1045/1045/1 1050/1044/1
f 1049/1046/1 1046/1047/1 1045/1045/1
f 1048/1048/1 1046/1047/1 1049/1046/1
f 1048/1048/1 1047/1049/1 1046/1047/1
f 1174/1/2 1175/3/2 1176/2/2
f 1174/1/2 1176/2/2 1177/4/2
f 1190/5/2 1191/7/2 1192/6/2
f 1189/8/2 1190/5/2 1192/6/2
f 1188/9/2 1189/8/2 1192/6/2
f 1187/10/2 1188/9/2 1192/6/2
f 1187/10/2 1192/6/2 1097/11/2
f 1186/12/2 1187/10/2 1097/11/2
f 1185/13/2 1186/12/2 1097/11/2
f 1185/13/2 1097/11/2 1098/14/2
f 1184/15/2 1185/13/2 1098/14/2
f 1183/16/2 1184/15/2 1098/14/2
f 1183/16/2 1098/14/2 1099/17/2
f 1182/18/2 1183/16/2 1099/17/2
f 1172/19/2 1173/20/2 1174/1/2
f 1172/19/2 1174/1/2 1177/4/2
f 1172/19/2 1177/4/2 1178/21/2
f 1172/19/2 1178/21/2 1179/22/2
f 1181/23/2 1182/18/2 1099/17/2
f 1181/23/2 1099/17/2 1100/24/2
f 1180/25/2 1181/23/2 1100/24/2
f 1179/22/2 1180/25/2 1100/24/2
f 1179/22/2 1100/24/2 1101/26/2
f 1172/19/2 1179/22/2 1101/26/2
f 1172/19/2 1101/26/2 1171/27/2
f 1171/27/2 1101/26/2 1205/28/2
f 1205/28/2 1101/26/2 1204/29/2
f 1204/29/2 1101/26/2 1102/30/2
f 1170/31/2 1171/27/2 1205/28/2
f 1170/31/2 1205/28/2 1206/32/2
f 1203/33/2 1204/29/2 1102/30/2
f 1203/33/2 1102/30/2 1103/34/2
f 1202/35/2 1203/33/2 1103/34/2
f 1201/36/2 1202/35/2 1103/34/2
f 1201/36/2 1103/34/2 1104/37/2
f 1200/38/2 1201/36/2 1104/37/2
f 1199/39/2 1200/38/2 1104/37/2
f 1199/39/2 1104/37/2 1105/40/2
f 1198/41/2 1199/39/2 1105/40/2
f 1197/42/2 1198/41/2 1105/40/2
f 1197/42/2 1105/40/2 1106/43/2
f 1196/44/2 1197/42/2 1106/43/2
f 1195/45/2 1196/44/2 1106/43/2
f 1195/45/2 1106/43/2 1107/46/2
f 1194/47/2 1195/45/2 1107/46/2
f 1193/48/2 1194/47/2 1107/46/2
f 1193/48/2 1107/46/2 1108/49/2
f 1207/50/2 1193/48/2 1108/49/2
f 1168/51/2 1169/52/2 1170/31/2
f 1168/51/2 1170/31/2 1206/32/2
f 1168/51/2 1206/32/2 1207/50/2
f 1168/51/2 1207/50/2 1108/49/2
f 1168/51/2 1108/49/2 1109/53/2
f 1168/51/2 1109/53/2 1110/54/2
f 1167/55/1 1168/51/1 1110/54/1
f 1166/56/2 1167/55/2 1111/57/2
f 1111/57/1 1167/55/1 1110/54/1
f 1166/56/2 1111/57/2 1112/58/2
f 1166/56/2 1112/58/2 1113/59/2
f 1166/56/2 1113/59/2 1114/60/2
f 1165/61/2 1166/56/2 1114/60/2
f 1165/61/2 1114/60/2 1115/62/2
f 1165/61/2 1115/62/2 1116/63/2
f 1164/64/2 1165/61/2 1116/63/2
f 1164/64/2 1116/63/2 1117/65/2
f 1164/64/2 1117/65/2 1118/66/2
f 1163/67/2 1164/64/2 1118/66/2
f 1163/67/2 1118/66/2 1119/68/2
f 1163/67/2 1119/68/2 1120/69/2
f 1162/70/2 1163/67/2 1120/69/2
f 1162/70/2 1120/69/2 1121/71/2
f 1162/70/2 1121/71/2 1122/72/2
f 1161/73/2 1162/70/2 1122/72/2
f 1161/73/2 1122/72/2 1123/74/2
f 1161/73/2 1123/74/2 1124/75/2
f 1161/73/2 1124/75/2 1212/76/2
f 1212/76/2 1124/75/2 1125/77/2
f 1160/78/2 1161/73/2 1212/76/2
f 1159/79/2 1160/78/2 1212/76/2
f 1158/80/2 1159/79/2 1212/76/2
f 1157/81/2 1158/80/2 1213/82/2
f 1213/82/2 1158/80/2 1212/76/2
f 1157/81/2 1213/82/2 1131/83/2
f 1131/83/2 1213/82/2 1214/84/2
f 1215/85/2 1212/76/2 1125/77/2
f 1156/86/2 1157/81/2 1131/83/2
f 1156/86/2 1131/83/2 1132/87/2
f 1130/88/2 1131/83/2 1214/84/2
f 1155/89/2 1156/86/2 1132/87/2
f 1155/89/2 1132/87/2 1133/90/2
f 1155/89/2 1133/90/2 1134/91/2
f 1154/92/2 1155/89/2 1134/91/2
f 1153/93/2 1154/92/2 1134/91/2
f 1153/93/2 1134/91/2 1135/94/2
f 1152/95/2 1153/93/2 1135/94/2
f 1152/95/2 1135/94/2 1136/96/2
f 1151/97/2 1152/95/2 1136/96/2
f 1151/97/2 1136/96/2 1137/98/2
f 1150/99/2 1151/97/2 1137/98/2
f 1150/99/2 1137/98/2 1138/100/2
f 1149/101/2 1150/99/2 1138/100/2
f 1148/102/2 1149/101/2 1138/100/2
f 1148/102/2 1138/100/2 1139/103/2
f 1147/104/2 1148/102/2 1139/103/2
f 1147/104/2 1139/103/2 1140/105/2
f 1146/106/2 1147/104/2 1140/105/2
f 1146/106/2 1140/105/2 1141/107/2
f 1145/108/2 1146/106/2 1141/107/2
f 1145/108/2 1141/107/2 1142/109/2
f 1144/110/2 1145/108/2 1142/109/2
f 1144/110/2 1142/109/2 1143/111/2
f 1130/88/2 1214/84/2 1210/112/2
f 1210/112/2 1214/84/2 1215/85/2
f 1210/112/2 1215/85/2 1209/113/2
f 1209/113/2 1215/85/2 1125/77/2
f 1130/88/2 1210/112/2 1211/114/2
f 1208/115/2 1209/113/2 1125/77/2
f 1130/88/2 1211/114/2 1128/116/2
f 1128/116/2 1211/114/2 1208/115/2
f 1128/116/2 1208/115/2 1127/117/2
f 1127/117/2 1208/115/2 1125/77/2
f 1130/88/2 1128/116/2 1129/118/2
f 1126/119/2 1127/117/2 1125/77/2
f 1392/120/2 1393/122/2 1394/121/2
f 1392/120/2 1394/121/2 1395/123/2
f 1391/124/2 1392/120/2 1395/123/2
f 1391/124/2 1395/123/2 1396/125/2
f 1354/126/2 1216/11/2 1217/127/2
f 1352/128/2 1353/130/2 1350/129/2
f 1350/129/2 1353/130/2 1354/126/2
f 1350/129/2 1354/126/2 1217/127/2
f 1390/131/2 1391/124/2 1396/125/2
f 1390/131/2 1396/125/2 1524/132/2
f 1524/132/2 1396/125/2 1397/133/2
f 1390/131/2 1524/132/2 1525/134/2
f 1523/135/2 1524/132/2 1397/133/2
f 1389/136/2 1390/131/2 1525/134/2
f 1350/129/2 1217/127/2 1218/137/2
f 1523/135/2 1397/133/2 1398/138/2
f 1389/136/2 1525/134/2 1526/139/2
f 1522/140/2 1523/135/2 1398/138/2
f 1388/141/2 1389/136/2 1526/139/2
f 1350/129/2 1218/137/2 1349/142/2
f 1349/142/2 1218/137/2 1219/143/2
f 1522/140/2 1398/138/2 1399/144/2
f 1388/141/2 1526/139/2 1527/145/2
f 1521/146/2 1522/140/2 1399/144/2
f 1388/141/2 1527/145/2 1528/147/2
f 1352/128/2 1350/129/2 1351/148/2
f 1348/149/2 1349/142/2 1219/143/2
f 1520/150/2 1521/146/2 1399/144/2
f 1387/151/2 1388/141/2 1528/147/2
f 1348/149/2 1219/143/2 1220/152/2
f 1520/150/2 1399/144/2 1400/153/2
f 1387/151/2 1528/147/2 1529/154/2
f 1519/155/2 1520/150/2 1400/153/2
f 1347/156/2 1348/149/2 1220/152/2
f 1386/157/2 1387/151/2 1529/154/2
f 1519/155/2 1400/153/2 1401/158/2
f 1347/156/2 1220/152/2 1221/159/2
f 1386/157/2 1529/154/2 1530/160/2
f 1518/161/2 1519/155/2 1401/158/2
f 1346/162/2 1347/156/2 1221/159/2
f 1518/161/2 1401/158/2 1402/163/2
f 1386/157/2 1530/160/2 1531/164/2
f 1385/165/2 1386/157/2 1531/164/2
f 1517/166/2 1518/161/2 1402/163/2
f 1346/162/2 1221/159/2 1222/167/2
f 1345/168/2 1346/162/2 1222/167/2
f 1385/165/2 1531/164/2 1532/169/2
f 1516/170/2 1517/166/2 1402/163/2
f 1516/170/2 1402/163/2 1403/171/2
f 1384/172/2 1385/165/2 1532/169/2
f 1345/168/2 1222/167/2 1223/173/2
f 1384/172/2 1532/169/2 1533/174/2
f 1515/175/2 1516/170/2 1403/171/2
f 1344/176/2 1345/168/2 1223/173/2
f 1515/175/2 1403/171/2 1404/177/2
f 1383/178/2 1384/172/2 1533/174/2
f 1383/178/2 1533/174/2 1534/179/2
f 1514/180/2 1515/175/2 1404/177/2
f 1514/180/2 1404/177/2 1405/181/2
f 1344/176/2 1223/173/2 1224/182/2
f 1343/183/2 1344/176/2 1224/182/2
f 1382/184/2 1383/178/2 1534/179/2
f 1382/184/2 1534/179/2 1535/185/2
f 1513/186/2 1514/180/2 1405/181/2
f 1513/186/2 1405/181/2 1406/187/2
f 1382/184/2 1535/185/2 1536/188/2
f 1381/189/2 1382/184/2 1536/188/2
f 1512/190/2 1513/186/2 1406/187/2
f 1512/190/2 1406/187/2 1407/191/2
f 1342/192/2 1343/183/2 1224/182/2
f 1342/192/2 1224/182/2 1225/193/2
f 1512/190/2 1407/191/2 1408/194/2
f 1512/190/2 1408/194/2 1409/195/2
f 1381/189/2 1536/188/2 1512/190/2
f 1381/189/2 1512/190/2 1409/195/2
f 1380/196/2 1381/189/2 1409/195/2
f 1380/196/2 1409/195/2 1430/197/2
f 1430/197/2 1409/195/2 1410/198/2
f 1379/199/2 1380/196/2 1357/200/2
f 1357/200/2 1380/196/2 1430/197/2
f 1357/200/2 1430/197/2 1431/201/2
f 1429/202/2 1430/197/2 1410/198/2
f 1379/199/2 1357/200/2 1358/203/2
f 1356/204/2 1357/200/2 1431/201/2
f 1429/202/2 1410/198/2 1411/205/2
f 1378/206/2 1379/199/2 1358/203/2
f 1428/207/2 1429/202/2 1411/205/2
f 1341/208/2 1342/192/2 1225/193/2
f 1378/206/2 1358/203/2 1359/209/2
f 1377/210/2 1378/206/2 1359/209/2
f 1341/208/2 1225/193/2 1226/211/2
f 1428/207/2 1411/205/2 1412/212/2
f 1427/213/2 1428/207/2 1412/212/2
f 1377/210/2 1359/209/2 1360/214/2
f 1376/215/2 1377/210/2 1360/214/2
f 1426/216/2 1427/213/2 1412/212/2
f 1426/216/2 1412/212/2 1413/217/2
f 1376/215/2 1360/214/2 1361/218/2
f 1425/219/2 1426/216/2 1413/217/2
f 1375/220/2 1376/215/2 1361/218/2
f 1425/219/2 1413/217/2 1414/221/2
f 1375/220/2 1361/218/2 1362/222/2
f 1424/223/2 1425/219/2 1414/221/2
f 1374/224/2 1375/220/2 1362/222/2
f 1424/223/2 1414/221/2 1415/225/2
f 1423/226/2 1424/223/2 1415/225/2
f 1374/224/2 1362/222/2 1363/227/2
f 1340/228/2 1341/208/2 1226/211/2
f 1373/229/2 1374/224/2 1363/227/2
f 1422/230/2 1423/226/2 1415/225/2
f 1373/229/2 1363/227/2 1364/231/2
f 1422/230/2 1415/225/2 1416/232/2
f 1340/228/2 1226/211/2 1227/233/2
f 1421/234/2 1422/230/2 1416/232/2
f 1372/235/2 1373/229/2 1364/231/2
f 1372/235/2 1364/231/2 1365/236/2
f 1421/234/2 1416/232/2 1417/237/2
f 1420/238/2 1421/234/2 1417/237/2
f 1372/235/2 1365/236/2 1366/239/2
f 1371/240/2 1372/235/2 1366/239/2
f 1419/241/2 1420/238/2 1417/237/2
f 1419/241/2 1417/237/2 1418/242/2
f 1371/240/2 1366/239/2 1367/243/2
f 1370/244/2 1371/240/2 1367/243/2
f 1339/245/2 1340/228/2 1227/233/2
f 1370/244/2 1367/243/2 1368/246/2
f 1369/247/2 1370/244/2 1368/246/2
f 1339/245/2 1227/233/2 1228/248/2
f 1355/249/1 1356/204/1 1431/201/1
f 1511/250/2 1355/249/2 1432/251/2
f 1432/251/1 1355/249/1 1431/201/1
f 1511/250/2 1432/251/2 1433/252/2
f 1338/253/2 1339/245/2 1228/248/2
f 1338/253/2 1228/248/2 1229/254/2
f 1337/255/2 1338/253/2 1229/254/2
f 1337/255/2 1229/254/2 1230/256/2
f 1336/257/2 1337/255/2 1230/256/2
f 1336/257/2 1230/256/2 1231/258/2
f 1335/259/2 1336/257/2 1231/258/2
f 1335/259/2 1231/258/2 1232/260/2
f 1334/261/2 1335/259/2 1232/260/2
f 1509/262/2 1510/264/2 1551/263/2
f 1551/263/2 1510/264/2 1511/250/2
f 1551/263/2 1511/250/2 1433/252/2
f 1551/263/2 1433/252/2 1434/265/2
f 1551/263/2 1434/265/2 1550/266/2
f 1550/266/2 1434/265/2 1556/267/2
f 1556/267/2 1434/265/2 1555/268/2
f 1555/268/2 1434/265/2 1435/269/2
f 1334/261/2 1232/260/2 1233/270/2
f 1333/271/2 1334/261/2 1233/270/2
f 1333/271/2 1233/270/2 1234/272/2
f 1332/273/2 1333/271/2 1234/272/2
f 1332/273/2 1234/272/2 1235/274/2
f 1331/275/2 1332/273/2 1235/274/2
f 1509/262/2 1551/263/2 1552/276/2
f 1549/277/2 1550/266/2 1556/267/2
f 1549/277/2 1556/267/2 1557/85/2
f 1554/278/2 1555/268/2 1435/269/2
f 1331/275/2 1235/274/2 1236/279/2
f 1330/280/2 1331/275/2 1236/279/2
f 1330/280/2 1236/279/2 1237/281/2
f 1329/282/2 1330/280/2 1237/281/2
f 1328/283/2 1329/282/2 1237/281/2
f 1328/283/2 1237/281/2 1238/284/2
f 1327/285/2 1328/283/2 1238/284/2
f 1327/285/2 1238/284/2 1239/286/2
f 1326/287/2 1327/285/2 1239/286/2
f 1326/287/2 1239/286/2 1240/288/2
f 1325/289/2 1326/287/2 1240/288/2
f 1548/290/2 1549/277/2 1557/85/2
f 1325/289/2 1240/288/2 1241/291/2
f 1548/290/2 1557/85/2 1553/292/2
f 1547/293/2 1548/290/2 1553/292/2
f 1546/294/2 1547/293/2 1553/292/2
f 1324/295/2 1325/289/2 1241/291/2
f 1545/296/2 1546/294/2 1553/292/2
f 1323/297/2 1324/295/2 1241/291/2
f 1323/297/2 1241/291/2 1242/298/2
f 1544/299/2 1545/296/2 1553/292/2
f 1543/300/2 1544/299/2 1553/292/2
f 1322/301/2 1323/297/2 1242/298/2
f 1542/302/2 1543/300/2 1553/292/2
f 1541/303/2 1542/302/2 1553/292/2
f 1322/301/2 1242/298/2 1243/304/2
f 1321/305/2 1322/301/2 1243/304/2
f 1540/306/2 1541/303/2 1553/292/2
f 1539/307/2 1540/306/2 1553/292/2
f 1320/308/2 1321/305/2 1243/304/2
f 1538/309/2 1539/307/2 1553/292/2
f 1320/308/2 1243/304/2 1244/310/2
f 1319/311/2 1320/308/2 1244/310/2
f 1537/312/2 1538/309/2 1553/292/2
f 1509/262/2 1552/276/2 1537/312/2
f 1509/262/2 1537/312/2 1553/292/2
f 1509/262/2 1553/292/2 1554/278/2
f 1509/262/2 1554/278/2 1435/269/2
f 1318/313/2 1319/311/2 1244/310/2
f 1318/313/2 1244/310/2 1245/314/2
f 1317/315/2 1318/313/2 1245/314/2
f 1316/316/2 1317/315/2 1245/314/2
f 1315/317/2 1316/316/2 1245/314/2
f 1315/317/2 1245/314/2 1246/318/2
f 1314/319/2 1315/317/2 1246/318/2
f 1313/320/2 1314/319/2 1246/318/2
f 1312/321/2 1313/320/2 1246/318/2
f 1312/321/2 1246/318/2 1247/322/2
f 1311/323/2 1312/321/2 1247/322/2
f 1310/324/2 1311/323/2 1247/322/2
f 1309/325/2 1310/324/2 1247/322/2
f 1308/326/2 1309/325/2 1247/322/2
f 1307/327/2 1308/326/2 1247/322/2
f 1306/328/2 1307/327/2 1247/322/2
f 1305/329/2 1306/328/2 1247/322/2
f 1288/330/2 1289/332/2 1290/331/2
f 1288/330/2 1290/331/2 1291/333/2
f 1304/334/2 1305/329/2 1247/322/2
f 1288/330/2 1291/333/2 1292/335/2
f 1303/336/2 1304/334/2 1247/322/2
f 1288/330/2 1292/335/2 1293/337/2
f 1302/338/2 1303/336/2 1247/322/2
f 1288/330/2 1293/337/2 1294/339/2
f 1301/340/2 1302/338/2 1247/322/2
f 1288/330/2 1294/339/2 1295/341/2
f 1300/342/2 1301/340/2 1247/322/2
f 1288/330/2 1295/341/2 1296/343/2
f 1299/344/2 1300/342/2 1247/322/2
f 1288/330/2 1296/343/2 1297/345/2
f 1298/346/2 1299/344/2 1247/322/2
f 1288/330/2 1297/345/2 1298/346/2
f 1288/330/2 1298/346/2 1247/322/2
f 1288/330/2 1247/322/2 1248/347/2
f 1287/348/2 1288/330/2 1248/347/2
f 1286/349/2 1287/348/2 1248/347/2
f 1286/349/2 1248/347/2 1249/350/2
f 1285/351/2 1286/349/2 1249/350/2
f 1285/351/2 1249/350/2 1250/352/2
f 1284/353/2 1285/351/2 1250/352/2
f 1508/354/1 1509/262/1 1435/269/1
f 1507/355/2 1508/354/2 1436/356/2
f 1436/356/2 1508/354/2 1435/269/2
f 1507/355/2 1436/356/2 1437/357/2
f 1283/358/2 1284/353/2 1250/352/2
f 1283/358/2 1250/352/2 1251/359/2
f 1282/360/2 1283/358/2 1251/359/2
f 1282/360/2 1251/359/2 1252/361/2
f 1281/362/2 1282/360/2 1252/361/2
f 1281/362/2 1252/361/2 1253/363/2
f 1280/364/2 1281/362/2 1253/363/2
f 1280/364/2 1253/363/2 1254/365/2
f 1506/366/2 1507/355/2 1437/357/2
f 1280/364/2 1254/365/2 1255/367/2
f 1279/368/2 1280/364/2 1255/367/2
f 1279/368/2 1255/367/2 1256/369/2
f 1279/368/2 1256/369/2 1257/370/2
f 1506/366/2 1437/357/2 1472/371/2
f 1472/371/2 1437/357/2 1438/372/2
f 1279/368/2 1257/370/2 1258/373/2
f 1278/374/2 1279/368/2 1258/373/2
f 1278/374/2 1258/373/2 1259/375/2
f 1278/374/2 1259/375/2 1260/376/2
f 1278/374/2 1260/376/2 1261/377/2
f 1277/378/2 1278/374/2 1261/377/2
f 1277/378/2 1261/377/2 1262/379/2
f 1277/378/2 1262/379/2 1263/380/2
f 1277/378/2 1263/380/2 1264/381/2
f 1277/378/2 1264/381/2 1265/382/2
f 1277/378/2 1265/382/2 1266/383/2
f 1277/378/2 1266/383/2 1267/384/2
f 1277/378/2 1267/384/2 1268/385/2
f 1276/386/2 1277/378/2 1268/385/2
f 1276/386/2 1268/385/2 1269/387/2
f 1275/388/2 1276/386/2 1269/387/2
f 1275/388/2 1269/387/2 1270/389/2
f 1274/390/2 1275/388/2 1270/389/2
f 1274/390/2 1270/389/2 1271/391/2
f 1273/392/2 1274/390/2 1271/391/2
f 1273/392/2 1271/391/2 1272/393/2
f 1505/394/2 1506/366/2 1472/371/2
f 1505/394/2 1472/371/2 1473/395/2
f 1471/396/2 1472/371/2 1438/372/2
f 1471/396/2 1438/372/2 1439/397/2
f 1504/398/2 1505/394/2 1473/395/2
f 1504/398/2 1473/395/2 1474/399/2
f 1470/400/2 1471/396/2 1439/397/2
f 1470/400/2 1439/397/2 1440/401/2
f 1503/402/2 1504/398/2 1474/399/2
f 1503/402/2 1474/399/2 1475/403/2
f 1502/404/2 1503/402/2 1475/403/2
f 1470/400/2 1440/401/2 1441/405/2
f 1469/406/2 1470/400/2 1441/405/2
f 1502/404/2 1475/403/2 1476/407/2
f 1501/408/2 1502/404/2 1476/407/2
f 1469/406/2 1441/405/2 1442/409/2
f 1468/410/2 1469/406/2 1442/409/2
f 1501/408/2 1476/407/2 1477/411/2
f 1468/410/2 1442/409/2 1443/412/2
f 1500/413/2 1501/408/2 1477/411/2
f 1467/414/2 1468/410/2 1443/412/2
f 1500/413/2 1477/411/2 1478/415/2
f 1467/414/2 1443/412/2 1444/416/2
f 1499/417/2 1500/413/2 1478/415/2
f 1467/414/2 1444/416/2 1445/418/2
f 1466/419/2 1467/414/2 1445/418/2
f 1498/420/2 1499/417/2 1478/415/2
f 1498/420/2 1478/415/2 1479/421/2
f 1466/419/2 1445/418/2 1446/422/2
f 1497/423/2 1498/420/2 1479/421/2
f 1465/424/2 1466/419/2 1446/422/2
f 1465/424/2 1446/422/2 1447/425/2
f 1497/423/2 1479/421/2 1480/426/2
f 1465/424/2 1447/425/2 1448/427/2
f 1496/428/2 1497/423/2 1480/426/2
f 1464/429/2 1465/424/2 1448/427/2
f 1496/428/2 1480/426/2 1481/430/2
f 1464/429/2 1448/427/2 1449/431/2
f 1464/429/2 1449/431/2 1450/432/2
f 1495/433/2 1496/428/2 1481/430/2
f 1464/429/2 1450/432/2 1451/434/2
f 1494/435/2 1495/433/2 1481/430/2
f 1463/436/2 1464/429/2 1451/434/2
f 1463/436/2 1451/434/2 1452/437/2
f 1493/438/2 1494/435/2 1481/430/2
f 1493/438/2 1481/430/2 1482/439/2
f 1463/436/2 1452/437/2 1453/440/2
f 1492/441/2 1493/438/2 1482/439/2
f 1491/442/2 1492/441/2 1482/439/2
f 1463/436/2 1453/440/2 1454/443/2
f 1462/444/2 1463/436/2 1454/443/2
f 1490/445/2 1491/442/2 1482/439/2
f 1462/444/2 1454/443/2 1455/446/2
f 1490/445/2 1482/439/2 1483/447/2
f 1489/448/2 1490/445/2 1483/447/2
f 1462/444/2 1455/446/2 1456/449/2
f 1488/450/2 1489/448/2 1483/447/2
f 1461/451/2 1462/444/2 1456/449/2
f 1461/451/2 1456/449/2 1457/452/2
f 1487/453/2 1488/450/2 1483/447/2
f 1461/451/2 1457/452/2 1458/454/2
f 1487/453/2 1483/447/2 1486/455/2
f 1486/455/2 1483/447/2 1485/456/2
f 1485/456/2 1483/447/2 1484/457/2
f 1460/458/2 1461/451/2 1459/459/2
f 1459/459/2 1461/451/2 1458/454/2
f 1583/460/2 1584/462/2 1581/461/2
f 1581/461/2 1584/462/2 1585/463/2
f 1581/461/2 1585/463/2 1580/464/2
f 1580/464/2 1585/463/2 1578/465/2
f 1583/460/2 1581/461/2 1582/466/2
f 1579/467/2 1580/464/2 1578/465/2
f 1587/468/2 1588/470/2 1589/469/2
f 1587/468/2 1589/469/2 1586/471/2
f 1591/472/2 1592/473/2 1593/85/2
f 1591/472/2 1593/85/2 1590/474/2
f 1575/475/2 1576/477/2 1563/476/2
f 1563/476/2 1576/477/2 1577/478/2
f 1563/476/2 1577/478/2 1562/479/2
f 1562/479/2 1577/478/2 1570/480/2
f 1575/475/2 1563/476/2 1564/481/2
f 1565/482/2 1562/479/2 1570/480/2
f 1575/475/2 1564/481/2 1560/483/2
f 1560/483/2 1564/481/2 1565/482/2
f 1560/483/2 1565/482/2 1559/484/2
f 1559/484/2 1565/482/2 1570/480/2
f 1575/475/2 1560/483/2 1561/485/2
f 1558/11/2 1559/484/2 1570/480/2
f 1575/475/2 1561/485/2 1568/486/2
f 1568/486/2 1561/485/2 1558/11/2
f 1568/486/2 1558/11/2 1567/487/2
f 1567/487/2 1558/11/2 1570/480/2
f 1575/475/2 1568/486/2 1569/488/2
f 1566/489/2 1567/487/2 1570/480/2
f 1575/475/2 1569/488/2 1573/490/2
f 1573/490/2 1569/488/2 1566/489/2
f 1573/490/2 1566/489/2 1572/491/2
f 1572/491/2 1566/489/2 1570/480/2
f 1575/475/2 1573/490/2 1574/492/2
f 1571/493/2 1572/491/2 1570/480/2
f 1676/494/2 1677/496/2 1678/495/2
f 1676/494/2 1678/495/2 1679/497/2
f 1675/498/2 1676/494/2 1679/497/2
f 1675/498/2 1679/497/2 1680/499/2
f 1674/500/2 1675/498/2 1680/499/2
f 1674/500/2 1680/499/2 1681/501/2
f 1673/502/2 1674/500/2 1681/501/2
f 1673/502/2 1681/501/2 1682/503/2
f 1672/86/2 1673/502/2 1629/504/2
f 1629/504/2 1673/502/2 1738/505/2
f 1738/505/2 1673/502/2 1682/503/2
f 1629/504/2 1738/505/2 1739/506/2
f 1737/507/2 1738/505/2 1682/503/2
f 1672/86/2 1629/504/2 1630/508/2
f 1628/509/2 1629/504/2 1739/506/2
f 1737/507/2 1682/503/2 1683/510/2
f 1736/511/2 1737/507/2 1683/510/2
f 1672/86/2 1630/508/2 1631/512/2
f 1671/513/2 1672/86/2 1631/512/2
f 1735/514/2 1736/511/2 1683/510/2
f 1628/509/2 1739/506/2 1740/515/2
f 1671/513/2 1631/512/2 1632/516/2
f 1627/517/2 1628/509/2 1740/515/2
f 1734/518/2 1735/514/2 1683/510/2
f 1734/518/2 1683/510/2 1684/519/2
f 1671/513/2 1632/516/2 1633/520/2
f 1627/517/2 1740/515/2 1741/521/2
f 1670/522/2 1671/513/2 1633/520/2
f 1626/523/2 1627/517/2 1741/521/2
f 1733/524/2 1734/518/2 1684/519/2
f 1670/522/2 1633/520/2 1634/525/2
f 1733/524/2 1684/519/2 1685/526/2
f 1732/527/2 1733/524/2 1685/526/2
f 1625/528/2 1626/523/2 1741/521/2
f 1625/528/2 1741/521/2 1742/529/2
f 1669/530/2 1670/522/2 1634/525/2
f 1669/530/2 1634/525/2 1635/531/2
f 1624/532/2 1625/528/2 1742/529/2
f 1731/533/2 1732/527/2 1685/526/2
f 1624/532/2 1742/529/2 1743/534/2
f 1731/533/2 1685/526/2 1686/535/2
f 1623/536/2 1624/532/2 1743/534/2
f 1623/536/2 1743/534/2 1744/537/2
f 1730/538/2 1731/533/2 1686/535/2
f 1669/530/2 1635/531/2 1636/539/2
f 1668/540/2 1669/530/2 1636/539/2
f 1622/541/2 1623/536/2 1744/537/2
f 1622/541/2 1744/537/2 1745/542/2
f 1730/538/2 1686/535/2 1687/543/2
f 1729/544/2 1730/538/2 1687/543/2
f 1668/540/2 1636/539/2 1637/545/2
f 1621/546/2 1622/541/2 1745/542/2
f 1621/546/2 1745/542/2 1746/547/2
f 1667/548/2 1668/540/2 1637/545/2
f 1728/549/2 1729/544/2 1687/543/2
f 1620/550/2 1621/546/2 1746/547/2
f 1667/548/2 1637/545/2 1638/551/2
f 1620/550/2 1746/547/2 1747/552/2
f 1728/549/2 1687/543/2 1688/553/2
f 1619/554/2 1620/550/2 1747/552/2
f 1619/554/2 1747/552/2 1748/555/2
f 1727/556/2 1728/549/2 1688/553/2
f 1667/548/2 1638/551/2 1639/557/2
f 1666/558/2 1667/548/2 1639/557/2
f 1618/559/2 1619/554/2 1748/555/2
f 1618/559/2 1748/555/2 1749/560/2
f 1727/556/2 1688/553/2 1689/561/2
f 1617/562/2 1618/559/2 1749/560/2
f 1726/563/2 1727/556/2 1689/561/2
f 1666/558/2 1639/557/2 1640/564/2
f 1617/562/2 1749/560/2 1750/85/2
f 1616/565/2 1617/562/2 1750/85/2
f 1665/566/2 1666/558/2 1640/564/2
f 1616/565/2 1750/85/2 1642/567/2
f 1725/568/2 1726/563/2 1689/561/2
f 1665/566/2 1640/564/2 1641/569/2
f 1725/568/2 1689/561/2 1690/570/2
f 1615/571/2 1616/565/2 1642/567/2
f 1665/566/2 1641/569/2 1594/11/2
f 1724/572/2 1725/568/2 1690/570/2
f 1664/573/2 1665/566/2 1594/11/2
f 1615/571/2 1642/567/2 1643/574/2
f 1724/572/2 1690/570/2 1691/575/2
f 1614/576/2 1615/571/2 1643/574/2
f 1664/573/2 1594/11/2 1595/577/2
f 1723/578/2 1724/572/2 1691/575/2
f 1663/579/2 1664/573/2 1595/577/2
f 1613/580/2 1614/576/2 1643/574/2
f 1663/579/2 1595/577/2 1596/581/2
f 1613/580/2 1643/574/2 1644/582/2
f 1723/578/2 1691/575/2 1692/583/2
f 1722/584/2 1723/578/2 1692/583/2
f 1663/579/2 1596/581/2 1597/585/2
f 1612/586/2 1613/580/2 1644/582/2
f 1662/587/2 1663/579/2 1597/585/2
f 1612/586/2 1644/582/2 1645/588/2
f 1662/587/2 1597/585/2 1598/589/2
f 1611/590/2 1612/586/2 1645/588/2
f 1722/584/2 1692/583/2 1693/591/2
f 1721/592/2 1722/584/2 1693/591/2
f 1661/593/2 1662/587/2 1598/589/2
f 1661/593/2 1598/589/2 1599/594/2
f 1610/595/2 1611/590/2 1645/588/2
f 1610/595/2 1645/588/2 1646/596/2
f 1661/593/2 1599/594/2 1600/597/2
f 1720/598/2 1721/592/2 1693/591/2
f 1609/599/2 1610/595/2 1646/596/2
f 1660/600/2 1661/593/2 1600/597/2
f 1660/600/2 1600/597/2 1601/601/2
f 1720/598/2 1693/591/2 1694/602/2
f 1608/603/2 1609/599/2 1646/596/2
f 1660/600/2 1601/601/2 1602/604/2
f 1719/605/2 1720/598/2 1694/602/2
f 1608/603/2 1646/596/2 1647/606/2
f 1607/607/2 1608/603/2 1647/606/2
f 1660/600/2 1602/604/2 1603/608/2
f 1606/609/2 1607/607/2 1647/606/2
f 1660/600/2 1603/608/2 1604/610/2
f 1659/611/2 1660/600/2 1604/610/2
f 1605/612/2 1606/609/2 1647/606/2
f 1659/611/2 1604/610/2 1605/612/2
f 1659/611/2 1605/612/2 1647/606/2
f 1718/613/2 1719/605/2 1694/602/2
f 1718/613/2 1694/602/2 1695/614/2
f 1659/611/2 1647/606/2 1648/615/2
f 1658/616/2 1659/611/2 1648/615/2
f 1717/617/2 1718/613/2 1695/614/2
f 1658/616/2 1648/615/2 1649/618/2
f 1657/619/2 1658/616/2 1649/618/2
f 1717/617/2 1695/614/2 1696/620/2
f 1716/621/2 1717/617/2 1696/620/2
f 1657/619/2 1649/618/2 1650/622/2
f 1656/623/2 1657/619/2 1650/622/2
f 1715/624/2 1716/621/2 1696/620/2
f 1714/625/2 1715/624/2 1696/620/2
f 1656/623/2 1650/622/2 1651/626/2
f 1655/627/2 1656/623/2 1651/626/2
f 1714/625/2 1696/620/2 1697/628/2
f 1713/629/2 1714/625/2 1697/628/2
f 1712/630/2 1713/629/2 1697/628/2
f 1711/631/2 1712/630/2 1697/628/2
f 1655/627/2 1651/626/2 1652/632/2
f 1654/633/2 1655/627/2 1652/632/2
f 1710/634/2 1711/631/2 1697/628/2
f 1709/635/2 1710/634/2 1697/628/2
f 1708/636/2 1709/635/2 1697/628/2
f 1707/637/2 1708/636/2 1697/628/2
f 1706/638/2 1707/637/2 1697/628/2
f 1705/639/2 1706/638/2 1697/628/2
f 1654/633/2 1652/632/2 1653/640/2
f 1704/641/2 1705/639/2 1697/628/2
f 1703/642/2 1704/641/2 1697/628/2
f 1702/643/2 1703/642/2 1697/628/2
f 1701/644/2 1702/643/2 1697/628/2
f 1701/644/2 1697/628/2 1698/645/2
f 1701/644/2 1698/645/2 1699/646/2
f 1701/644/2 1699/646/2 1700/647/2
f 1833/648/2 1834/649/2 1835/85/2
f 1833/648/2 1835/85/2 1751/11/2
f 1833/648/2 1751/11/2 1752/650/2
f 1833/648/2 1752/650/2 1753/651/2
f 1833/648/2 1753/651/2 1754/652/2
f 1833/648/2 1754/652/2 1755/653/2
f 1832/654/2 1833/648/2 1755/653/2
f 1832/654/2 1755/653/2 1756/655/2
f 1832/654/2 1756/655/2 1757/656/2
f 1832/654/2 1757/656/2 1758/607/2
f 1832/654/2 1758/607/2 1759/657/2
f 1831/658/2 1832/654/2 1759/657/2
f 1831/658/2 1759/657/2 1760/659/2
f 1831/658/2 1760/659/2 1761/660/2
f 1831/658/2 1761/660/2 1762/661/2
f 1831/658/2 1762/661/2 1763/476/2
f 1830/662/2 1831/658/2 1763/476/2
f 1830/662/2 1763/476/2 1764/663/2
f 1830/662/2 1764/663/2 1765/550/2
f 1829/664/2 1830/662/2 1765/550/2
f 1829/664/2 1765/550/2 1766/665/2
f 1828/507/2 1829/664/2 1798/666/2
f 1798/666/2 1829/664/2 1766/665/2
f 1798/666/2 1766/665/2 1767/667/2
f 1828/507/2 1798/666/2 1799/465/2
f 1797/668/2 1798/666/2 1767/667/2
f 1796/669/2 1797/668/2 1767/667/2
f 1827/670/2 1828/507/2 1799/465/2
f 1827/670/2 1799/465/2 1800/526/2
f 1796/669/2 1767/667/2 1768/671/2
f 1795/672/2 1796/669/2 1768/671/2
f 1827/670/2 1800/526/2 1801/673/2
f 1795/672/2 1768/671/2 1769/674/2
f 1826/675/2 1827/670/2 1801/673/2
f 1794/676/2 1795/672/2 1769/674/2
f 1826/675/2 1801/673/2 1802/677/2
f 1794/676/2 1769/674/2 1770/678/2
f 1793/86/2 1794/676/2 1770/678/2
f 1826/675/2 1802/677/2 1803/679/2
f 1825/680/2 1826/675/2 1803/679/2
f 1792/681/2 1793/86/2 1770/678/2
f 1825/680/2 1803/679/2 1804/682/2
f 1792/681/2 1770/678/2 1771/683/2
f 1824/684/2 1825/680/2 1804/682/2
f 1791/685/2 1792/681/2 1771/683/2
f 1824/684/2 1804/682/2 1805/686/2
f 1791/685/2 1771/683/2 1772/520/2
f 1790/687/2 1791/685/2 1772/520/2
f 1824/684/2 1805/686/2 1806/688/2
f 1823/470/2 1824/684/2 1806/688/2
f 1790/687/2 1772/520/2 1773/689/2
f 1789/690/2 1790/687/2 1773/689/2
f 1823/470/2 1806/688/2 1807/645/2
f 1822/691/2 1823/470/2 1807/645/2
f 1822/691/2 1807/645/2 1808/692/2
f 1788/693/2 1789/690/2 1773/689/2
f 1788/693/2 1773/689/2 1774/694/2
f 1787/490/2 1788/693/2 1774/694/2
f 1822/691/2 1808/692/2 1809/695/2
f 1787/490/2 1774/694/2 1775/486/2
f 1787/490/2 1775/486/2 1776/696/2
f 1821/572/2 1822/691/2 1809/695/2
f 1787/490/2 1776/696/2 1777/697/2
f 1820/698/2 1821/572/2 1809/695/2
f 1787/490/2 1777/697/2 1778/699/2
f 1819/700/2 1820/698/2 1809/695/2
f 1787/490/2 1778/699/2 1779/596/2
f 1818/701/2 1819/700/2 1809/695/2
f 1787/490/2 1779/596/2 1780/702/2
f 1817/703/2 1818/701/2 1809/695/2
f 1787/490/2 1780/702/2 1781/704/2
f 1786/611/2 1787/490/2 1785/705/2
f 1785/705/2 1787/490/2 1784/706/2
f 1784/706/2 1787/490/2 1783/707/2
f 1783/707/2 1787/490/2 1782/708/2
f 1782/708/2 1787/490/2 1781/704/2
f 1816/709/2 1817/703/2 1809/695/2
f 1816/709/2 1809/695/2 1815/710/2
f 1815/710/2 1809/695/2 1814/631/2
f 1814/631/2 1809/695/2 1813/711/2
f 1813/711/2 1809/695/2 1812/712/2
f 1812/712/2 1809/695/2 1811/460/2
f 1811/460/2 1809/695/2 1810/713/2
f 1837/596/2 1838/645/2 1839/85/2
f 1837/596/2 1839/85/2 1836/11/2
f 1913/714/2 1914/716/2 1915/715/2
f 1912/717/2 1913/714/2 1915/715/2
f 1912/717/2 1915/715/2 1916/718/2
f 1911/719/2 1912/717/2 1916/718/2
f 1910/720/2 1911/719/2 1916/718/2
f 1910/720/2 1916/718/2 1917/721/2
f 1909/722/2 1910/720/2 1917/721/2
f 1908/723/2 1909/722/2 1917/721/2
f 1908/723/2 1917/721/2 1918/724/2
f 1907/725/2 1908/723/2 1918/724/2
f 1906/726/2 1907/725/2 1918/724/2
f 1906/726/2 1918/724/2 1919/727/2
f 1905/728/2 1906/726/2 1919/727/2
f 1904/729/2 1905/728/2 1919/727/2
f 1903/730/2 1904/729/2 1919/727/2
f 1903/730/2 1919/727/2 1920/731/2
f 1902/732/2 1903/730/2 1920/731/2
f 1901/733/2 1902/732/2 1920/731/2
f 1900/734/2 1901/733/2 1920/731/2
f 1899/735/2 1900/734/2 1920/731/2
f 1898/736/2 1899/735/2 1920/731/2
f 1897/737/2 1898/736/2 1920/731/2
f 1896/738/2 1897/737/2 1920/731/2
f 1895/739/2 1896/738/2 1920/731/2
f 1895/739/2 1920/731/2 1921/740/2
f 1894/741/2 1895/739/2 1921/740/2
f 1893/742/2 1894/741/2 1921/740/2
f 1892/743/2 1893/742/2 1921/740/2
f 1891/744/2 1892/743/2 1921/740/2
f 1890/745/2 1891/744/2 1921/740/2
f 1889/746/2 1890/745/2 1888/747/2
f 1888/747/2 1890/745/2 1887/748/2
f 1887/748/2 1890/745/2 1886/749/2
f 1886/749/2 1890/745/2 1885/750/2
f 1885/750/2 1890/745/2 1884/751/2
f 1884/751/2 1890/745/2 1883/752/2
f 1883/752/2 1890/745/2 1882/753/2
f 1882/753/2 1890/745/2 1881/596/2
f 1881/596/2 1890/745/2 1880/754/2
f 1880/754/2 1890/745/2 1879/755/2
f 1879/755/2 1890/745/2 1878/756/2
f 1878/756/2 1890/745/2 1877/757/2
f 1877/757/2 1890/745/2 1875/758/2
f 1875/758/2 1890/745/2 1874/759/2
f 1874/759/2 1890/745/2 1873/760/2
f 1873/760/2 1890/745/2 1872/761/2
f 1872/761/2 1890/745/2 1871/762/2
f 1871/762/2 1890/745/2 1870/763/2
f 1870/763/2 1890/745/2 1869/764/2
f 1869/764/2 1890/745/2 1868/765/2
f 1868/765/2 1890/745/2 1867/766/2
f 1867/766/2 1890/745/2 1866/767/2
f 1866/767/2 1890/745/2 1963/85/2
f 1963/85/2 1890/745/2 1921/740/2
f 1962/768/2 1963/85/2 1921/740/2
f 1961/769/2 1962/768/2 1921/740/2
f 1961/769/2 1921/740/2 1922/645/2
f 1960/770/2 1961/769/2 1922/645/2
f 1959/771/2 1960/770/2 1922/645/2
f 1958/772/2 1959/771/2 1922/645/2
f 1958/772/2 1922/645/2 1923/773/2
f 1957/774/2 1958/772/2 1923/773/2
f 1877/757/4 1875/758/4 1876/775/4
f 1956/776/2 1957/774/2 1923/773/2
f 1956/776/2 1923/773/2 1924/777/2
f 1955/778/2 1956/776/2 1924/777/2
f 1954/779/2 1955/778/2 1924/777/2
f 1954/779/2 1924/777/2 1925/780/2
f 1953/781/2 1954/779/2 1925/780/2
f 1952/782/2 1953/781/2 1925/780/2
f 1952/782/2 1925/780/2 1926/783/2
f 1951/784/2 1952/782/2 1926/783/2
f 1950/785/2 1951/784/2 1926/783/2
f 1950/785/2 1926/783/2 1927/786/2
f 1949/787/2 1950/785/2 1927/786/2
f 1949/787/2 1927/786/2 1928/788/2
f 1948/789/2 1949/787/2 1928/788/2
f 1948/789/2 1928/788/2 1929/790/2
f 1947/791/2 1948/789/2 1929/790/2
f 1947/791/2 1929/790/2 1930/792/2
f 1946/793/2 1947/791/2 1930/792/2
f 1945/794/2 1946/793/2 1930/792/2
f 1945/794/2 1930/792/2 1931/795/2
f 1944/796/2 1945/794/2 1931/795/2
f 1944/796/2 1931/795/2 1932/797/2
f 1943/798/2 1944/796/2 1932/797/2
f 1942/799/2 1943/798/2 1932/797/2
f 1942/799/2 1932/797/2 1933/800/2
f 1941/801/2 1942/799/2 1933/800/2
f 1940/802/2 1941/801/2 1933/800/2
f 1940/802/2 1933/800/2 1934/803/2
f 1939/804/2 1940/802/2 1934/803/2
f 1938/805/2 1939/804/2 1934/803/2
f 1938/805/2 1934/803/2 1935/806/2
f 1938/805/2 1935/806/2 1936/807/2
f 1938/805/2 1936/807/2 1937/808/2
f 1852/809/2 1853/811/2 1854/810/2
f 1852/809/2 1854/810/2 1855/812/2
f 1852/809/2 1855/812/2 1856/813/2
f 1852/809/2 1856/813/2 1857/814/2
f 1852/809/2 1857/814/2 1858/815/2
f 1852/809/2 1858/815/2 1859/816/2
f 1852/809/2 1859/816/2 1860/817/2
f 1852/809/2 1860/817/2 1861/818/2
f 1852/809/2 1861/818/2 1862/819/2
f 1852/809/2 1862/819/2 1863/820/2
f 1852/809/2 1863/820/2 1864/821/2
f 1852/809/2 1864/821/2 1865/822/2
f 1852/809/2 1865/822/2 1840/11/2
f 1851/823/2 1852/809/2 1840/11/2
f 1850/824/2 1851/823/2 1840/11/2
f 1849/825/2 1850/824/2 1840/11/2
f 1848/826/2 1849/825/2 1840/11/2
f 1847/827/2 1848/826/2 1840/11/2
f 1846/828/2 1847/827/2 1840/11/2
f 1845/829/2 1846/828/2 1840/11/2
f 1844/830/2 1845/829/2 1840/11/2
f 1843/831/2 1844/830/2 1840/11/2
f 1842/832/2 1843/831/2 1840/11/2
f 1841/833/2 1842/832/2 1840/11/2
f 2001/834/2 2002/550/2 2003/835/2
f 2000/836/2 2001/834/2 2003/835/2
f 2000/836/2 2003/835/2 2004/837/2
f 1999/838/2 2000/836/2 2004/837/2
f 1999/838/2 2004/837/2 2005/839/2
f 1998/840/2 1999/838/2 2005/839/2
f 1998/840/2 2005/839/2 2006/841/2
f 1997/842/2 1998/840/2 2006/841/2
f 1996/843/2 1997/842/2 2006/841/2
f 1996/843/2 2006/841/2 2007/844/2
f 1995/845/2 1996/843/2 2007/844/2
f 1995/845/2 2007/844/2 2008/846/2
f 1994/847/2 1995/845/2 2008/846/2
f 1994/847/2 2008/846/2 2009/848/2
f 1993/849/2 1994/847/2 2009/848/2
f 1993/849/2 2009/848/2 2010/850/2
f 1992/851/2 1993/849/2 2010/850/2
f 1992/851/2 2010/850/2 2011/852/2
f 1992/851/2 2011/852/2 2012/853/2
f 1991/854/2 1992/851/2 2012/853/2
f 1991/854/2 2012/853/2 2013/855/2
f 1990/856/2 1991/854/2 2013/855/2
f 1990/856/2 2013/855/2 2014/857/2
f 1990/856/2 2014/857/2 2015/858/2
f 1989/859/2 1990/856/2 2015/858/2
f 1989/859/2 2015/858/2 2016/860/2
f 1976/861/2 1977/863/2 1978/862/2
f 1976/861/2 1978/862/2 1979/864/2
f 1976/861/2 1979/864/2 1980/865/2
f 1976/861/2 1980/865/2 1981/866/2
f 1976/861/2 1981/866/2 1982/867/2
f 1976/861/2 1982/867/2 1983/607/2
f 1976/861/2 1983/607/2 1984/868/2
f 2027/869/2 2028/871/2 2029/870/2
f 1976/861/2 1984/868/2 1985/872/2
f 2026/873/2 2027/869/2 2029/870/2
f 1976/861/2 1985/872/2 1986/874/2
f 2025/875/2 2026/873/2 2029/870/2
f 1976/861/2 1986/874/2 1987/876/2
f 2024/877/2 2025/875/2 2029/870/2
f 1976/861/2 1987/876/2 1988/878/2
f 2023/879/2 2024/877/2 2029/870/2
f 1976/861/2 1988/878/2 1989/859/2
f 2022/880/2 2023/879/2 2029/870/2
f 2021/520/2 2022/880/2 2029/870/2
f 1976/861/2 1989/859/2 2016/860/2
f 2020/881/2 2021/520/2 2029/870/2
f 2019/882/2 2020/881/2 2029/870/2
f 2018/883/2 2019/882/2 2029/870/2
f 2017/884/2 2018/883/2 2029/870/2
f 2016/860/2 2017/884/2 2029/870/2
f 1976/861/2 2016/860/2 2029/870/2
f 1975/885/2 1976/861/2 2029/870/2
f 1974/886/2 1975/885/2 2029/870/2
f 1973/887/2 1974/886/2 2029/870/2
f 1972/888/2 1973/887/2 2029/870/2
f 1971/889/2 1972/888/2 2029/870/2
f 1970/890/2 1971/889/2 2029/870/2
f 1969/891/2 1970/890/2 2029/870/2
f 1968/892/2 1969/891/2 2029/870/2
f 1967/893/2 1968/892/2 2029/870/2
f 1967/893/2 2029/870/2 2030/894/2
f 1966/895/2 1967/893/2 2030/894/2
f 1966/895/2 2030/894/2 2031/896/2
f 1965/897/2 1966/895/2 2031/896/2
f 1965/897/2 2031/896/2 2032/898/2
f 1965/897/2 2032/898/2 2033/899/2
f 1964/11/2 1965/897/2 2033/899/2
f 1964/11/2 2033/899/2 2034/900/2
f 1964/11/2 2034/900/2 2035/901/2
f 2192/85/2 1964/11/2 2042/902/2
f 2042/902/2 1964/11/2 2035/901/2
f 2042/902/2 2035/901/2 2036/903/2
f 2042/902/2 2036/903/2 2037/904/2
f 2042/902/2 2037/904/2 2038/905/2
f 2042/902/2 2038/905/2 2039/906/2
f 2042/902/2 2039/906/2 2040/596/2
f 2042/902/2 2040/596/2 2041/907/2
f 2192/85/2 2042/902/2 2043/908/2
f 2118/909/2 2119/911/2 2120/910/2
f 2117/912/2 2118/909/2 2120/910/2
f 2117/912/2 2120/910/2 2121/913/2
f 2179/914/2 2180/916/2 2181/915/2
f 2179/914/2 2181/915/2 2182/917/2
f 2179/914/2 2182/917/2 2183/918/2
f 2116/645/2 2117/912/2 2121/913/2
f 2179/914/2 2183/918/2 2184/919/2
f 2116/645/2 2121/913/2 2122/920/2
f 2179/914/2 2184/919/2 2185/921/2
f 2179/914/2 2185/921/2 2186/922/2
f 2179/914/2 2186/922/2 2187/923/2
f 2179/914/2 2187/923/2 2188/924/2
f 2115/925/2 2116/645/2 2122/920/2
f 2055/926/2 2056/928/2 2057/927/2
f 2179/914/2 2188/924/2 2189/929/2
f 2054/930/2 2055/926/2 2057/927/2
f 2179/914/2 2189/929/2 2190/931/2
f 2053/932/2 2054/930/2 2057/927/2
f 2115/925/2 2122/920/2 2123/933/2
f 2052/934/2 2053/932/2 2057/927/2
f 2179/914/2 2190/931/2 2191/935/2
f 2051/936/2 2052/934/2 2057/927/2
f 2179/914/2 2191/935/2 2192/85/2
f 2050/937/2 2051/936/2 2057/927/2
f 2179/914/2 2192/85/2 2043/908/2
f 2049/938/2 2050/937/2 2057/927/2
f 2048/939/2 2049/938/2 2057/927/2
f 2047/940/2 2048/939/2 2057/927/2
f 2046/941/2 2047/940/2 2057/927/2
f 2045/942/2 2046/941/2 2057/927/2
f 2044/943/2 2045/942/2 2057/927/2
f 2179/914/2 2043/908/2 2044/943/2
f 2179/914/2 2044/943/2 2057/927/2
f 2114/944/2 2115/925/2 2123/933/2
f 2114/944/2 2123/933/2 2124/945/2
f 2113/946/2 2114/944/2 2124/945/2
f 2113/946/2 2124/945/2 2125/947/2
f 2178/948/2 2179/914/2 2057/927/2
f 2177/949/2 2178/948/2 2057/927/2
f 2112/950/2 2113/946/2 2125/947/2
f 2176/951/2 2177/949/2 2057/927/2
f 2175/952/2 2176/951/2 2057/927/2
f 2112/950/2 2125/947/2 2126/953/2
f 2174/954/2 2175/952/2 2057/927/2
f 2173/507/2 2174/954/2 2057/927/2
f 2111/955/2 2112/950/2 2126/953/2
f 2172/956/2 2173/507/2 2057/927/2
f 2171/957/2 2172/956/2 2057/927/2
f 2170/958/2 2171/957/2 2057/927/2
f 2170/958/2 2057/927/2 2058/959/2
f 2169/960/2 2170/958/2 2058/959/2
f 2169/960/2 2058/959/2 2059/611/2
f 2168/961/2 2169/960/2 2059/611/2
f 2168/961/2 2059/611/2 2060/962/2
f 2167/963/2 2168/961/2 2060/962/2
f 2167/963/2 2060/962/2 2061/964/2
f 2111/955/2 2126/953/2 2127/965/2
f 2167/963/2 2061/964/2 2062/966/2
f 2166/967/2 2167/963/2 2070/968/2
f 2070/968/2 2167/963/2 2062/966/2
f 2070/968/2 2062/966/2 2063/969/2
f 2070/968/2 2063/969/2 2064/970/2
f 2070/968/2 2064/970/2 2065/971/2
f 2070/968/2 2065/971/2 2066/972/2
f 2070/968/2 2066/972/2 2067/973/2
f 2110/974/2 2111/955/2 2127/965/2
f 2070/968/2 2067/973/2 2068/975/2
f 2070/968/2 2068/975/2 2069/976/2
f 2166/967/2 2070/968/2 2071/977/2
f 2165/978/2 2166/967/2 2071/977/2
f 2165/978/2 2071/977/2 2072/979/2
f 2110/974/2 2127/965/2 2128/980/2
f 2109/981/2 2110/974/2 2128/980/2
f 2164/982/2 2165/978/2 2072/979/2
f 2164/982/2 2072/979/2 2073/983/2
f 2164/982/2 2073/983/2 2074/984/2
f 2163/985/2 2164/982/2 2074/984/2
f 2109/981/2 2128/980/2 2129/986/2
f 2108/987/2 2109/981/2 2129/986/2
f 2163/985/2 2074/984/2 2075/988/2
f 2162/989/2 2163/985/2 2075/988/2
f 2162/989/2 2075/988/2 2076/990/2
f 2161/991/2 2162/989/2 2076/990/2
f 2107/992/2 2108/987/2 2129/986/2
f 2107/992/2 2129/986/2 2130/993/2
f 2161/991/2 2076/990/2 2077/994/2
f 2160/995/2 2161/991/2 2077/994/2
f 2160/995/2 2077/994/2 2078/86/2
f 2106/996/2 2107/992/2 2130/993/2
f 2159/997/2 2160/995/2 2078/86/2
f 2159/997/2 2078/86/2 2079/998/2
f 2106/996/2 2130/993/2 2131/999/2
f 2159/997/2 2079/998/2 2080/1000/2
f 2158/1001/2 2159/997/2 2080/1000/2
f 2105/1002/2 2106/996/2 2131/999/2
f 2158/1001/2 2080/1000/2 2081/1003/2
f 2157/1004/2 2158/1001/2 2081/1003/2
f 2157/1004/2 2081/1003/2 2082/1005/2
f 2105/1002/2 2131/999/2 2132/1006/2
f 2156/1007/2 2157/1004/2 2082/1005/2
f 2156/1007/2 2082/1005/2 2083/1008/2
f 2155/1009/2 2156/1007/2 2083/1008/2
f 2104/1010/2 2105/1002/2 2132/1006/2
f 2154/572/2 2155/1009/2 2083/1008/2
f 2154/572/2 2083/1008/2 2084/1011/2
f 2104/1010/2 2132/1006/2 2133/1012/2
f 2103/1013/2 2104/1010/2 2133/1012/2
f 2154/572/2 2084/1011/2 2085/1014/2
f 2153/1015/2 2154/572/2 2085/1014/2
f 2102/1016/2 2103/1013/2 2133/1012/2
f 2102/1016/2 2133/1012/2 2134/1017/2
f 2153/1015/2 2085/1014/2 2086/1018/2
f 2101/1019/2 2102/1016/2 2134/1017/2
f 2153/1015/2 2086/1018/2 2087/1020/2
f 2152/1021/2 2153/1015/2 2087/1020/2
f 2100/1022/2 2101/1019/2 2134/1017/2
f 2100/1022/2 2134/1017/2 2135/631/2
f 2152/1021/2 2087/1020/2 2088/1023/2
f 2099/1024/2 2100/1022/2 2135/631/2
f 2152/1021/2 2088/1023/2 2089/1025/2
f 2151/1026/2 2152/1021/2 2089/1025/2
f 2099/1024/2 2135/631/2 2136/1027/2
f 2098/1028/2 2099/1024/2 2136/1027/2
f 2151/1026/2 2089/1025/2 2090/1029/2
f 2097/526/2 2098/1028/2 2136/1027/2
f 2151/1026/2 2090/1029/2 2091/1030/2
f 2150/1031/2 2151/1026/2 2091/1030/2
f 2096/1032/2 2097/526/2 2136/1027/2
f 2150/1031/2 2091/1030/2 2092/1033/2
f 2096/1032/2 2136/1027/2 2137/1034/2
f 2095/1035/2 2096/1032/2 2137/1034/2
f 2150/1031/2 2092/1033/2 2093/1036/2
f 2094/1037/2 2095/1035/2 2137/1034/2
f 2150/1031/2 2093/1036/2 2094/1037/2
f 2150/1031/2 2094/1037/2 2137/1034/2
f 2149/1038/2 2150/1031/2 2137/1034/2
f 2149/1038/2 2137/1034/2 2138/1039/2
f 2148/1040/2 2149/1038/2 2138/1039/2
f 2148/1040/2 2138/1039/2 2139/1041/2
f 2147/1042/2 2148/1040/2 2139/1041/2
f 2147/1042/2 2139/1041/2 2140/1043/2
f 2146/1044/2 2147/1042/2 2140/1043/2
f 2146/1044/2 2140/1043/2 2141/1045/2
f 2145/1046/2 2146/1044/2 2141/1045/2
f 2145/1046/2 2141/1045/2 2142/1047/2
f 2144/1048/2 2145/1046/2 2142/1047/2
f 2144/1048/2 2142/1047/2 2143/1049/2
s 1
f 2196/1050/5 2193/11/6 2194/1051/6
f 2198/1052/7 2195/1053/5 2196/1050/5
f 2200/1054/8 2197/1055/7 2198/1052/7
f 2202/1056/9 2199/1057/8 2200/1054/8
f 2204/1058/10 2201/1059/9 2202/1056/9
f 2206/1060/11 2203/1061/10 2204/1058/10
f 2208/1062/12 2205/1063/13 2206/1060/11
f 2210/1064/14 2207/1065/12 2208/1062/12
f 2212/1066/15 2209/1067/14 2210/1064/14
f 2214/1068/16 2211/1069/15 2212/1066/15
f 2216/1070/17 2213/1071/18 2214/1068/16
f 2218/1072/19 2215/1073/17 2216/1070/17
f 2220/1074/20 2217/1075/21 2218/1072/19
f 2222/1076/22 2219/1077/20 2220/1074/20
f 2224/1078/23 2221/1079/22 2222/1076/22
f 2226/1080/24 2223/1081/23 2224/1078/23
f 2228/1082/25 2225/1083/24 2226/1080/24
f 2230/1084/26 2227/1085/25 2228/1082/25
f 2232/1086/27 2229/1087/26 2230/1084/26
f 2234/1088/28 2231/1089/27 2232/1086/27
f 2236/1090/29 2233/1091/28 2234/1088/28
f 2238/1092/30 2235/1093/29 2236/1090/29
f 2240/1094/31 2237/1095/30 2238/1092/30
f 2242/1096/32 2239/1097/31 2240/1094/31
f 2244/1098/33 2241/1099/32 2242/1096/32
f 2246/1100/34 2243/1101/35 2244/1098/33
f 2248/1102/36 2245/1103/34 2246/1100/34
f 2250/1104/37 2247/1105/38 2248/1102/36
f 2252/1106/39 2249/1107/37 2250/1104/37
f 2254/1108/40 2251/1109/39 2252/1106/39
f 2256/1110/41 2253/1111/40 2254/1108/40
f 2258/1112/42 2255/1113/41 2256/1110/41
f 2260/1114/43 2257/1115/44 2258/1112/42
f 2262/1116/45 2259/1117/46 2260/1114/43
f 2264/1118/47 2261/1119/48 2262/1116/45
f 2266/1120/49 2263/1121/47 2264/1118/47
f 2268/1122/50 2265/1123/49 2266/1120/49
f 2270/1124/51 2267/1125/50 2268/1122/50
f 2272/1126/52 2269/1127/51 2270/1124/51
f 2274/1128/53 2271/1129/52 2272/1126/52
f 2276/1130/54 2273/1131/53 2274/1128/53
f 2278/1132/55 2275/1133/54 2276/1130/54
f 2280/1134/56 2277/1135/55 2278/1132/55
f 2282/1136/57 2279/1137/56 2280/1134/56
f 2284/1138/58 2281/1139/57 2282/1136/57
f 2286/1140/59 2283/1141/60 2284/1138/58
f 2288/1142/61 2285/1143/59 2286/1140/59
f 2290/1144/62 2287/1145/63 2288/1142/61
f 2292/1146/64 2289/1147/65 2290/1144/62
f 2294/1148/66 2291/1149/64 2292/1146/64
f 2296/1150/67 2293/1151/68 2294/1148/66
f 2298/1152/69 2295/1153/70 2296/1150/67
f 2300/1154/71 2297/1155/69 2298/1152/69
f 2302/1156/72 2299/1157/71 2300/1154/71
f 2304/1158/73 2301/1159/72 2302/1156/72
f 2306/1160/74 2303/1161/73 2304/1158/73
f 2308/1162/75 2305/1163/74 2306/1160/74
f 2310/1164/76 2307/1165/75 2308/1162/75
f 2312/1166/77 2309/1167/76 2310/1164/76
f 2314/1168/78 2311/1169/77 2312/1166/77
f 2316/1170/79 2313/1171/78 2314/1168/78
f 2318/1172/80 2315/1173/79 2316/1170/79
f 2320/1174/81 2317/1175/80 2318/1172/80
f 2322/1176/82 2319/1177/81 2320/1174/81
f 2324/1178/83 2321/1179/84 2322/1176/82
f 2326/1180/85 2323/1181/83 2324/1178/83
f 2328/1182/86 2325/1183/85 2326/1180/85
f 2330/1184/87 2327/1185/86 2328/1182/86
f 2332/1186/88 2329/1187/87 2330/1184/87
f 2334/1188/89 2331/1189/88 2332/1186/88
f 2336/1190/90 2333/1191/89 2334/1188/89
f 2338/1192/91 2335/1193/90 2336/1190/90
f 2340/1194/92 2337/1195/91 2338/1192/91
f 2342/1196/93 2339/1197/92 2340/1194/92
f 2344/1198/94 2341/1199/93 2342/1196/93
f 2346/1200/95 2343/1201/94 2344/1198/94
f 2348/1202/96 2345/1203/95 2346/1200/95
f 2350/1204/97 2347/1205/96 2348/1202/96
f 2352/1206/98 2349/1207/97 2350/1204/97
f 2354/1208/99 2351/1209/100 2352/1206/98
f 2356/1210/101 2353/1211/99 2354/1208/99
f 2358/1212/102 2355/1213/101 2356/1210/101
f 2360/1214/103 2357/1215/102 2358/1212/102
f 2362/1216/104 2359/1217/103 2360/1214/103
f 2364/1218/105 2361/1219/104 2362/1216/104
f 2366/1220/106 2363/1221/105 2364/1218/105
f 2368/1222/107 2365/1223/106 2366/1220/106
f 2370/1224/108 2367/1225/107 2368/1222/107
f 2372/1226/109 2369/1227/108 2370/1224/108
f 2374/1228/110 2371/1229/109 2372/1226/109
f 2376/1230/111 2373/1231/110 2374/1228/110
f 2378/1232/112 2375/1233/111 2376/1230/111
f 2380/1234/113 2377/1235/112 2378/1232/112
f 2382/1236/114 2379/1237/113 2380/1234/113
f 2384/1238/115 2381/1239/114 2382/1236/114
f 2386/1240/116 2383/1241/115 2384/1238/115
f 2388/1242/117 2385/1243/116 2386/1240/116
f 2390/1244/118 2387/1245/117 2388/1242/117
f 2392/1246/119 2389/1247/118 2390/1244/118
f 2394/1248/120 2391/1249/119 2392/1246/119
f 2396/1250/121 2393/1251/120 2394/1248/120
f 2398/1252/122 2395/1253/121 2396/1250/121
f 2400/1254/123 2397/1255/122 2398/1252/122
f 2402/1256/124 2399/1257/123 2400/1254/123
f 2404/1258/125 2401/1259/124 2402/1256/124
f 2406/1260/126 2403/1261/125 2404/1258/125
f 2408/1262/127 2405/1263/128 2406/1260/126
f 2410/1264/129 2407/1265/127 2408/1262/127
f 2412/1266/130 2409/1267/129 2410/1264/129
f 2414/1268/131 2411/1269/130 2412/1266/130
f 2416/1270/132 2413/1271/131 2414/1268/131
f 2418/1272/133 2415/1273/132 2416/1270/132
f 2420/1274/134 2417/1275/133 2418/1272/133
f 2422/1276/135 2419/1277/134 2420/1274/134
f 2424/1278/136 2421/1279/137 2422/1276/135
f 2426/1280/138 2423/1281/136 2424/1278/136
f 2428/1282/139 2425/1283/138 2426/1280/138
f 2430/1284/140 2427/1285/141 2428/1282/139
f 2432/1286/142 2429/1287/143 2430/1284/140
f 2434/1288/144 2431/1289/142 2432/1286/142
f 2436/1290/145 2433/1291/144 2434/1288/144
f 2438/1292/146 2435/1293/145 2436/1290/145
f 2440/1294/147 2437/1295/146 2438/1292/146
f 2442/1296/148 2439/1297/147 2440/1294/147
f 2444/1298/149 2441/1299/148 2442/1296/148
f 2446/1300/150 2443/1301/149 2444/1298/149
f 2448/1302/151 2445/1303/150 2446/1300/150
f 2450/1304/152 2447/1305/151 2448/1302/151
f 2452/1306/153 2449/1307/152 2450/1304/152
f 2454/1308/154 2451/1309/153 2452/1306/153
f 2456/1310/155 2453/1311/154 2454/1308/154
f 2458/1312/156 2455/1313/155 2456/1310/155
f 2460/1314/157 2457/1315/156 2458/1312/156
f 2462/1316/158 2459/1317/157 2460/1314/157
f 2464/1318/159 2461/1319/158 2462/1316/158
f 2466/1320/160 2463/1321/159 2464/1318/159
f 2468/1322/161 2465/1323/160 2466/1320/160
f 2470/1324/162 2467/1325/161 2468/1322/161
f 2472/1326/163 2469/1327/162 2470/1324/162
f 2474/1328/164 2471/1329/163 2472/1326/163
f 2476/1330/165 2473/1331/164 2474/1328/164
f 2478/1332/166 2475/1333/165 2476/1330/165
f 2480/1334/167 2477/1335/166 2478/1332/166
f 2482/1336/168 2479/1337/169 2480/1334/167
f 2484/1338/170 2481/1339/168 2482/1336/168
f 2486/1340/171 2483/1341/170 2484/1338/170
f 2488/1342/172 2485/1343/171 2486/1340/171
f 2490/1344/173 2487/1345/172 2488/1342/172
f 2492/1346/174 2489/1347/173 2490/1344/173
f 2494/1348/175 2491/1349/174 2492/1346/174
f 2496/1350/176 2493/1351/175 2494/1348/175
f 2498/1352/177 2495/1353/176 2496/1350/176
f 2500/1354/178 2497/1355/177 2498/1352/177
f 2502/1356/179 2499/1357/178 2500/1354/178
f 2504/1358/180 2501/1359/179 2502/1356/179
f 2506/1360/181 2503/1361/180 2504/1358/180
f 2508/1362/182 2505/1363/181 2506/1360/181
f 2510/1364/183 2507/1365/182 2508/1362/182
f 2512/1366/184 2509/1367/183 2510/1364/183
f 2514/1368/185 2511/1369/184 2512/1366/184
f 2516/1370/186 2513/1371/185 2514/1368/185
f 2518/1372/187 2515/1373/186 2516/1370/186
f 2520/1374/188 2517/1375/187 2518/1372/187
f 2522/1376/189 2519/1377/188 2520/1374/188
f 2524/1378/190 2521/1379/189 2522/1376/189
f 2526/1380/191 2523/1381/190 2524/1378/190
f 2528/1382/192 2525/1383/191 2526/1380/191
f 2530/1384/193 2527/1385/192 2528/1382/192
f 2532/1386/194 2529/1387/195 2530/1384/193
f 2534/1388/196 2531/1389/194 2532/1386/194
f 2536/1390/197 2533/1391/196 2534/1388/196
f 2538/1392/198 2535/1393/197 2536/1390/197
f 2540/1394/199 2537/1395/198 2538/1392/198
f 2542/1396/200 2539/1397/199 2540/1394/199
f 2544/1398/201 2541/1399/200 2542/1396/200
f 2546/1400/202 2543/1401/201 2544/1398/201
f 2548/1402/203 2545/1403/202 2546/1400/202
f 2550/1404/204 2547/1405/203 2548/1402/203
f 2552/1406/205 2549/1407/204 2550/1404/204
f 2554/1408/206 2551/1409/205 2552/1406/205
f 2556/1410/207 2553/1411/206 2554/1408/206
f 2558/1412/208 2555/1413/207 2556/1410/207
f 2560/1414/209 2557/1415/208 2558/1412/208
f 2562/1416/210 2559/1417/209 2560/1414/209
f 2564/1418/211 2561/1419/210 2562/1416/210
f 2566/1420/212 2563/1421/213 2564/1418/211
f 2568/1422/214 2565/1423/215 2566/1420/212
f 2570/1424/216 2567/1425/214 2568/1422/214
f 2572/1426/217 2569/1427/216 2570/1424/216
f 2574/1428/218 2571/1429/217 2572/1426/217
f 2576/1430/219 2573/1431/218 2574/1428/218
f 2578/1432/220 2575/1433/221 2576/1430/219
f 2580/1434/222 2577/1435/220 2578/1432/220
f 2582/1436/223 2579/1437/224 2580/1434/222
f 2584/1438/225 2581/1439/223 2582/1436/223
f 2586/1440/226 2583/1441/227 2584/1438/225
f 2588/1442/228 2585/1443/226 2586/1440/226
f 2590/1444/229 2587/1445/228 2588/1442/228
f 2592/1446/230 2589/1447/229 2590/1444/229
f 2594/1448/231 2591/1449/230 2592/1446/230
f 2596/1450/232 2593/1451/231 2594/1448/231
f 2598/1452/233 2595/1453/232 2596/1450/232
f 2600/1454/234 2597/1455/233 2598/1452/233
f 2602/1456/235 2599/1457/234 2600/1454/234
f 2604/1458/236 2601/1459/235 2602/1456/235
f 2606/1460/237 2603/1461/236 2604/1458/236
f 2608/1462/238 2605/1463/237 2606/1460/237
f 2610/1464/239 2607/1465/238 2608/1462/238
f 2612/1466/240 2609/1467/239 2610/1464/239
f 2614/1468/241 2611/1469/240 2612/1466/240
f 2616/1470/242 2613/1471/241 2614/1468/241
f 2618/1472/243 2615/1473/242 2616/1470/242
f 2620/1474/244 2617/1475/243 2618/1472/243
f 2622/1476/245 2619/1477/244 2620/1474/244
f 2624/1478/246 2621/1479/245 2622/1476/245
f 2626/1480/247 2623/1481/246 2624/1478/246
f 2628/1482/248 2625/1483/247 2626/1480/247
f 2630/1484/249 2627/1485/248 2628/1482/248
f 2632/1486/250 2629/1487/249 2630/1484/249
f 2634/1488/251 2631/1489/250 2632/1486/250
f 2636/1490/252 2633/1491/251 2634/1488/251
f 2638/1492/253 2635/1493/254 2636/1490/252
f 2640/1494/255 2637/1495/253 2638/1492/253
f 2642/1496/256 2639/1497/255 2640/1494/255
f 2644/1498/257 2641/1499/256 2642/1496/256
f 2646/1500/258 2643/1501/257 2644/1498/257
f 2648/1502/259 2645/1503/258 2646/1500/258
f 2650/1504/260 2647/1505/259 2648/1502/259
f 2194/1506/6 2649/1507/261 2650/1504/260
f 2654/1508/262 2651/11/263 2652/1051/263
f 2656/1509/264 2653/1510/262 2654/1508/262
f 2658/1511/265 2655/1512/264 2656/1509/264
f 2660/1513/266 2657/1514/265 2658/1511/265
f 2662/1515/267 2659/1516/266 2660/1513/266
f 2664/1517/268 2661/1518/267 2662/1515/267
f 2666/1519/269 2663/1520/268 2664/1517/268
f 2668/1521/270 2665/656/271 2666/1519/269
f 2670/1522/272 2667/1523/270 2668/1521/270
f 2672/1524/273 2669/1525/272 2670/1522/272
f 2674/1526/274 2671/1527/273 2672/1524/273
f 2676/1528/275 2673/1529/274 2674/1526/274
f 2678/1530/276 2675/1531/275 2676/1528/275
f 2680/1532/277 2677/1533/278 2678/1530/276
f 2682/1534/279 2679/476/277 2680/1532/277
f 2684/1535/280 2681/1536/279 2682/1534/279
f 2686/1537/281 2683/1538/280 2684/1535/280
f 2688/1539/282 2685/1540/281 2686/1537/281
f 2690/1541/283 2687/1542/282 2688/1539/282
f 2692/1543/284 2689/1544/283 2690/1541/283
f 2694/1545/285 2691/1546/284 2692/1543/284
f 2696/1547/286 2693/674/285 2694/1545/285
f 2698/1548/287 2695/1549/286 2696/1547/286
f 2700/1550/288 2697/1551/289 2698/1548/287
f 2702/1552/290 2699/1553/288 2700/1550/288
f 2704/1554/291 2701/1555/290 2702/1552/290
f 2706/1556/292 2703/1557/291 2704/1554/291
f 2708/1558/293 2705/1559/292 2706/1556/292
f 2710/1560/294 2707/486/295 2708/1558/293
f 2712/1561/296 2709/1562/294 2710/1560/294
f 2714/1563/297 2711/1564/296 2712/1561/296
f 2716/1565/298 2713/1566/297 2714/1563/297
f 2718/1567/299 2715/1568/298 2716/1565/298
f 2720/1569/300 2717/1570/299 2718/1567/299
f 2722/1571/301 2719/1572/300 2720/1569/300
f 2724/1573/302 2721/704/301 2722/1571/301
f 2726/1574/303 2723/1575/302 2724/1573/302
f 2728/1576/304 2725/1577/303 2726/1574/303
f 2730/1578/305 2727/1579/304 2728/1576/304
f 2732/1580/306 2729/1581/305 2730/1578/305
f 2734/1582/307 2731/1583/308 2732/1580/306
f 2736/1584/309 2733/1585/307 2734/1582/307
f 2738/1586/310 2735/490/309 2736/1584/309
f 2740/1587/311 2737/1588/310 2738/1586/310
f 2742/1589/312 2739/1590/311 2740/1587/311
f 2744/1591/313 2741/1592/312 2742/1589/312
f 2746/1593/314 2743/1594/313 2744/1591/313
f 2748/1595/315 2745/1596/314 2746/1593/314
f 2750/1597/316 2747/1598/315 2748/1595/315
f 2752/1599/317 2749/86/316 2750/1597/316
f 2754/1600/318 2751/1601/317 2752/1599/317
f 2756/1602/319 2753/1603/318 2754/1600/318
f 2758/1604/320 2755/1605/319 2756/1602/319
f 2760/1606/321 2757/1607/320 2758/1604/320
f 2762/1608/322 2759/1609/321 2760/1606/321
f 2764/1610/323 2761/1611/322 2762/1608/322
f 2766/1612/324 2763/465/323 2764/1610/323
f 2768/1613/325 2765/1614/324 2766/1612/324
f 2770/1615/326 2767/1616/325 2768/1613/325
f 2772/1617/327 2769/1618/326 2770/1615/326
f 2774/1619/328 2771/1620/327 2772/1617/327
f 2776/1621/329 2773/1622/328 2774/1619/328
f 2778/1623/330 2775/1624/329 2776/1621/329
f 2780/1625/331 2777/686/332 2778/1623/330
f 2782/1626/333 2779/1627/331 2780/1625/331
f 2784/1628/334 2781/1629/333 2782/1626/333
f 2786/1630/335 2783/1631/334 2784/1628/334
f 2788/1632/336 2785/1633/335 2786/1630/335
f 2790/1634/337 2787/1635/336 2788/1632/336
f 2792/1636/338 2789/1637/337 2790/1634/337
f 2794/1638/339 2791/460/338 2792/1636/338
f 2796/1639/340 2793/1640/339 2794/1638/339
f 2798/1641/341 2795/1642/340 2796/1639/340
f 2800/1643/342 2797/1644/341 2798/1641/341
f 2802/1645/343 2799/1646/342 2800/1643/342
f 2804/1647/344 2801/1648/343 2802/1645/343
f 2806/1649/345 2803/1650/344 2804/1647/344
f 2808/1651/346 2805/703/345 2806/1649/345
f 2810/1652/347 2807/1653/346 2808/1651/346
f 2812/1654/348 2809/1655/347 2810/1652/347
f 2814/1656/349 2811/1657/348 2812/1654/348
f 2816/1658/350 2813/1659/349 2814/1656/349
f 2818/1660/351 2815/1661/350 2816/1658/350
f 2820/1662/352 2817/1663/351 2818/1660/351
f 2822/1664/353 2819/470/352 2820/1662/352
f 2824/1665/354 2821/1666/353 2822/1664/353
f 2826/1667/355 2823/1668/354 2824/1665/354
f 2828/1669/356 2825/1670/355 2826/1667/355
f 2830/1671/357 2827/1672/356 2828/1669/356
f 2832/1673/358 2829/1674/357 2830/1671/357
f 2834/1675/359 2831/1676/358 2832/1673/358
f 2836/1677/360 2833/664/361 2834/1675/359
f 2838/1678/362 2835/1679/360 2836/1677/360
f 2840/1680/363 2837/1681/362 2838/1678/362
f 2842/1682/364 2839/1683/363 2840/1680/363
f 2844/1684/365 2841/1685/364 2842/1682/364
f 2846/1686/366 2843/1687/365 2844/1684/365
f 2652/1506/263 2845/1688/366 2846/1686/366
f 2850/1689/367 2847/11/368 2848/1051/368
f 2852/1690/369 2849/597/367 2850/1689/367
f 2854/1691/370 2851/609/369 2852/1690/369
f 2856/1692/371 2853/586/370 2854/1691/370
f 2858/1693/372 2855/559/371 2856/1692/371
f 2860/1694/373 2857/532/372 2858/1693/372
f 2862/1695/374 2859/508/373 2860/1694/373
f 2864/1696/375 2861/539/374 2862/1695/374
f 2866/1697/376 2863/567/375 2864/1696/375
f 2868/1698/377 2865/615/376 2866/1697/376
f 2870/1699/378 2867/633/377 2868/1698/377
f 2872/1700/379 2869/600/378 2870/1699/378
f 2874/1597/380 2871/558/379 2872/1700/379
f 2876/1701/381 2873/86/380 2874/1597/380
f 2878/1702/382 2875/495/381 2876/1701/381
f 2880/1703/383 2877/519/382 2878/1702/382
f 2882/1704/384 2879/570/383 2880/1703/383
f 2884/1705/385 2881/620/384 2882/1704/384
f 2886/1706/386 2883/643/385 2884/1705/385
f 2888/1707/387 2885/636/386 2886/1706/386
f 2890/1708/388 2887/625/387 2888/1707/387
f 2892/1709/389 2889/598/388 2890/1708/388
f 2894/1710/390 2891/563/389 2892/1709/389
f 2896/1711/391 2893/527/390 2894/1710/390
f 2898/1712/392 2895/505/391 2896/1711/391
f 2848/1506/368 2897/537/392 2898/1712/392
f 2902/1713/393 2899/11/394 2900/1051/394
f 2904/1597/395 2901/520/393 2902/1713/393
f 2906/1714/396 2903/86/395 2904/1597/395
f 2900/1506/394 2905/631/396 2906/1714/396
f 2910/1715/397 2907/11/398 2908/1051/398
f 2912/1716/399 2909/1717/397 2910/1715/397
f 2914/1718/400 2911/1719/399 2912/1716/399
f 2916/1720/401 2913/1721/400 2914/1718/400
f 2918/1722/402 2915/1723/401 2916/1720/401
f 2920/1724/403 2917/1725/402 2918/1722/402
f 2922/1726/404 2919/1727/403 2920/1724/403
f 2924/1728/405 2921/1729/404 2922/1726/404
f 2926/1730/406 2923/1731/405 2924/1728/405
f 2928/1732/407 2925/1733/406 2926/1730/406
f 2930/1734/408 2927/1735/407 2928/1732/407
f 2932/1736/409 2929/1737/408 2930/1734/408
f 2934/1738/410 2931/1739/409 2932/1736/409
f 2936/1740/411 2933/1741/410 2934/1738/410
f 2938/1742/412 2935/1743/411 2936/1740/411
f 2940/1744/413 2937/1745/412 2938/1742/412
f 2942/1746/414 2939/1747/413 2940/1744/413
f 2944/1748/415 2941/482/414 2942/1746/414
f 2946/1749/416 2943/1750/415 2944/1748/415
f 2948/1751/417 2945/1752/416 2946/1749/416
f 2950/1753/418 2947/1754/417 2948/1751/417
f 2952/1755/419 2949/1756/420 2950/1753/418
f 2954/1757/421 2951/1758/419 2952/1755/419
f 2956/1759/422 2953/1760/421 2954/1757/421
f 2958/1761/423 2955/1762/422 2956/1759/422
f 2960/1763/424 2957/1764/423 2958/1761/423
f 2962/1765/425 2959/1766/424 2960/1763/424
f 2964/1767/426 2961/1768/425 2962/1765/425
f 2966/1769/427 2963/1770/426 2964/1767/426
f 2968/1771/428 2965/1772/427 2966/1769/427
f 2970/1773/429 2967/1774/428 2968/1771/428
f 2972/1775/430 2969/1776/429 2970/1773/429
f 2974/1777/431 2971/1778/430 2972/1775/430
f 2976/1779/432 2973/1780/431 2974/1777/431
f 2978/1781/433 2975/491/432 2976/1779/432
f 2980/1782/434 2977/1783/433 2978/1781/433
f 2982/1784/435 2979/1785/434 2980/1782/434
f 2984/1786/436 2981/1787/435 2982/1784/435
f 2986/1788/437 2983/1789/436 2984/1786/436
f 2988/1790/438 2985/1791/437 2986/1788/437
f 2990/1792/439 2987/1793/438 2988/1790/438
f 2992/1794/440 2989/1795/439 2990/1792/439
f 2994/1796/441 2991/1797/440 2992/1794/440
f 2996/1798/442 2993/1799/441 2994/1796/441
f 2998/1800/443 2995/1801/442 2996/1798/442
f 3000/1802/444 2997/1803/443 2998/1800/443
f 3002/1804/445 2999/1805/444 3000/1802/444
f 3004/1806/446 3001/1807/447 3002/1804/445
f 3006/1808/448 3003/1809/446 3004/1806/446
f 3008/1810/449 3005/1811/448 3006/1808/448
f 3010/1812/450 3007/1813/449 3008/1810/449
f 3012/1814/451 3009/467/450 3010/1812/450
f 3014/1815/452 3011/1816/451 3012/1814/451
f 3016/1817/453 3013/1818/452 3014/1815/452
f 3018/1819/454 3015/1820/453 3016/1817/453
f 3020/1821/455 3017/1822/456 3018/1819/454
f 3022/1823/457 3019/1824/455 3020/1821/455
f 3024/1825/458 3021/1826/457 3022/1823/457
f 3026/1827/459 3023/1828/458 3024/1825/458
f 3028/1829/460 3025/1830/459 3026/1827/459
f 3030/1831/461 3027/1832/460 3028/1829/460
f 3032/1833/462 3029/1834/461 3030/1831/461
f 3034/1835/463 3031/1836/462 3032/1833/462
f 3036/1837/464 3033/1838/463 3034/1835/463
f 3038/1839/465 3035/1840/464 3036/1837/464
f 3040/1841/466 3037/1842/465 3038/1839/465
f 3042/1843/467 3039/1844/466 3040/1841/466
f 3044/1845/468 3041/1846/467 3042/1843/467
f 3046/1847/469 3043/471/468 3044/1845/468
f 3048/1848/470 3045/1849/469 3046/1847/469
f 3050/1850/471 3047/1851/470 3048/1848/470
f 3052/1852/472 3049/1853/473 3050/1850/471
f 3054/1854/474 3051/1855/472 3052/1852/472
f 3056/1856/475 3053/1857/474 3054/1854/474
f 3058/1858/476 3055/1859/475 3056/1856/475
f 3060/1860/477 3057/1861/476 3058/1858/476
f 3062/1862/478 3059/1863/477 3060/1860/477
f 3064/1864/479 3061/1865/478 3062/1862/478
f 3066/1866/480 3063/1867/479 3064/1864/479
f 3068/1868/481 3065/1869/480 3066/1866/480
f 3070/1870/482 3067/1871/481 3068/1868/481
f 3072/1872/483 3069/1873/482 3070/1870/482
f 3074/1874/484 3071/1875/483 3072/1872/483
f 3076/1876/485 3073/1877/484 3074/1874/484
f 2908/1506/398 3075/1878/485 3076/1876/485
f 3080/1879/486 3077/11/487 3078/1051/487
f 3082/1880/488 3079/1881/486 3080/1879/486
f 3084/1882/489 3081/1883/488 3082/1880/488
f 3086/1884/490 3083/1885/489 3084/1882/489
f 3088/1886/491 3085/607/490 3086/1884/490
f 3090/1887/492 3087/1888/491 3088/1886/491
f 3092/1889/493 3089/1890/492 3090/1887/492
f 3094/1891/494 3091/1892/493 3092/1889/493
f 3096/1893/495 3093/550/494 3094/1891/494
f 3098/1894/496 3095/1895/495 3096/1893/495
f 3100/1896/497 3097/1897/496 3098/1894/496
f 3102/1713/498 3099/1898/497 3100/1896/497
f 3104/1899/499 3101/520/498 3102/1713/498
f 3106/1900/500 3103/1901/499 3104/1899/499
f 3108/1902/501 3105/1903/500 3106/1900/500
f 3110/1904/502 3107/1905/501 3108/1902/501
f 3112/1906/503 3109/596/502 3110/1904/502
f 3114/1907/504 3111/1908/503 3112/1906/503
f 3116/1909/505 3113/1910/504 3114/1907/504
f 3118/1911/506 3115/1912/505 3116/1909/505
f 3120/1913/507 3117/611/506 3118/1911/506
f 3122/1914/508 3119/1915/507 3120/1913/507
f 3124/1916/509 3121/1917/508 3122/1914/508
f 3126/1597/510 3123/1918/509 3124/1916/509
f 3128/1919/511 3125/86/510 3126/1597/510
f 3130/1920/512 3127/1921/513 3128/1919/511
f 3132/1922/514 3129/1923/512 3130/1920/512
f 3134/1924/515 3131/1925/514 3132/1922/514
f 3136/1926/516 3133/526/515 3134/1924/515
f 3138/1927/517 3135/1928/516 3136/1926/516
f 3140/1929/518 3137/1930/517 3138/1927/517
f 3142/1931/519 3139/1932/518 3140/1929/518
f 3144/1933/520 3141/645/519 3142/1931/519
f 3146/1934/521 3143/1935/520 3144/1933/520
f 3148/1936/522 3145/1937/521 3146/1934/521
f 3150/1714/523 3147/1938/524 3148/1936/522
f 3152/1939/525 3149/631/523 3150/1714/523
f 3154/1940/526 3151/1941/525 3152/1939/525
f 3156/1942/527 3153/1943/526 3154/1940/526
f 3158/1944/528 3155/1945/527 3156/1942/527
f 3160/1946/529 3157/572/528 3158/1944/528
f 3162/1947/530 3159/1948/531 3160/1946/529
f 3164/1949/532 3161/1950/530 3162/1947/530
f 3166/1951/533 3163/1952/532 3164/1949/532
f 3168/1953/534 3165/507/533 3166/1951/533
f 3170/1954/535 3167/1955/536 3168/1953/534
f 3172/1956/537 3169/1957/535 3170/1954/535
f 3078/1506/487 3171/1958/537 3172/1956/537
f 3176/1959/538 3173/11/539 3174/1051/539
f 3178/1960/540 3175/1961/538 3176/1959/538
f 3180/1962/541 3177/1963/540 3178/1960/540
f 3182/1964/542 3179/1965/541 3180/1962/541
f 3184/1966/543 3181/1967/542 3182/1964/542
f 3186/1968/544 3183/1969/543 3184/1966/543
f 3188/1970/545 3185/1971/544 3186/1968/544
f 3190/1972/546 3187/1973/545 3188/1970/545
f 3192/1974/547 3189/1975/546 3190/1972/546
f 3194/1976/548 3191/1977/547 3192/1974/547
f 3196/1978/549 3193/1979/548 3194/1976/548
f 3198/1980/550 3195/1981/549 3196/1978/549
f 3200/1982/551 3197/1983/550 3198/1980/550
f 3202/1984/552 3199/1985/551 3200/1982/551
f 3204/1986/553 3201/1987/552 3202/1984/552
f 3206/1988/554 3203/1989/553 3204/1986/553
f 3208/1990/555 3205/1991/554 3206/1988/554
f 3210/1992/556 3207/1993/555 3208/1990/555
f 3212/1994/557 3209/1995/556 3210/1992/556
f 3214/1996/558 3211/1997/557 3212/1994/557
f 3216/1998/559 3213/1999/558 3214/1996/558
f 3218/2000/560 3215/2001/559 3216/1998/559
f 3220/2002/561 3217/2003/560 3218/2000/560
f 3222/2004/562 3219/2005/561 3220/2002/561
f 3224/2006/563 3221/2007/562 3222/2004/562
f 3226/2008/564 3223/2009/563 3224/2006/563
f 3228/2010/565 3225/2011/564 3226/2008/564
f 3230/2012/566 3227/2013/565 3228/2010/565
f 3232/2014/567 3229/2015/566 3230/2012/566
f 3234/2016/568 3231/2017/567 3232/2014/567
f 3236/2018/569 3233/2019/568 3234/2016/568
f 3238/2020/570 3235/2021/569 3236/2018/569
f 3240/2022/571 3237/2023/570 3238/2020/570
f 3242/2024/572 3239/2025/571 3240/2022/571
f 3244/2026/573 3241/2027/572 3242/2024/572
f 3246/2028/574 3243/2029/573 3244/2026/573
f 3248/2030/575 3245/2031/574 3246/2028/574
f 3250/2032/576 3247/2033/575 3248/2030/575
f 3252/2034/577 3249/2035/576 3250/2032/576
f 3254/2036/578 3251/2037/577 3252/2034/577
f 3256/2038/579 3253/2039/578 3254/2036/578
f 3258/2040/580 3255/2041/579 3256/2038/579
f 3260/2042/581 3257/2043/580 3258/2040/580
f 3262/2044/582 3259/2045/581 3260/2042/581
f 3264/2046/583 3261/2047/582 3262/2044/582
f 3266/2048/584 3263/2049/583 3264/2046/583
f 3268/2050/585 3265/2051/584 3266/2048/584
f 3270/2052/586 3267/2053/585 3268/2050/585
f 3272/2054/587 3269/2055/586 3270/2052/586
f 3274/2056/588 3271/2057/587 3272/2054/587
f 3276/2058/589 3273/2059/588 3274/2056/588
f 3278/2060/590 3275/2061/589 3276/2058/589
f 3280/2062/591 3277/2063/590 3278/2060/590
f 3282/2064/592 3279/2065/591 3280/2062/591
f 3284/2066/593 3281/2067/592 3282/2064/592
f 3286/2068/594 3283/2069/593 3284/2066/593
f 3288/2070/595 3285/2071/594 3286/2068/594
f 3290/2072/596 3287/2073/595 3288/2070/595
f 3292/2074/597 3289/2075/596 3290/2072/596
f 3294/2076/598 3291/2077/599 3292/2074/597
f 3296/2078/79 3293/2079/598 3294/2076/598
f 3298/2080/600 3295/2081/79 3296/2078/79
f 3300/2082/601 3297/2083/600 3298/2080/600
f 3302/2084/602 3299/2085/601 3300/2082/601
f 3304/2086/603 3301/2087/602 3302/2084/602
f 3306/2088/294 3303/2089/603 3304/2086/603
f 3308/2090/604 3305/2091/294 3306/2088/294
f 3310/2092/605 3307/2093/604 3308/2090/604
f 3312/2094/606 3309/2095/605 3310/2092/605
f 3314/2096/607 3311/2097/606 3312/2094/606
f 3316/2098/608 3313/2099/607 3314/2096/607
f 3318/2100/609 3315/2101/608 3316/2098/608
f 3320/2102/610 3317/2103/609 3318/2100/609
f 3322/2104/611 3319/2105/610 3320/2102/610
f 3324/2106/612 3321/2107/611 3322/2104/611
f 3326/2108/613 3323/2109/612 3324/2106/612
f 3328/2110/614 3325/2111/613 3326/2108/613
f 3330/2112/615 3327/2113/614 3328/2110/614
f 3332/2114/616 3329/2115/615 3330/2112/615
f 3334/2116/617 3331/2117/616 3332/2114/616
f 3336/2118/618 3333/2119/617 3334/2116/617
f 3338/2120/619 3335/2121/618 3336/2118/618
f 3340/2122/620 3337/2123/619 3338/2120/619
f 3342/2124/621 3339/2125/620 3340/2122/620
f 3344/2126/622 3341/2127/623 3342/2124/621
f 3346/2128/624 3343/2129/622 3344/2126/622
f 3348/2130/625 3345/2131/624 3346/2128/624
f 3350/2132/626 3347/2133/625 3348/2130/625
f 3352/2134/627 3349/2135/626 3350/2132/626
f 3354/2136/628 3351/2137/627 3352/2134/627
f 3356/2138/629 3353/2139/628 3354/2136/628
f 3358/2140/630 3355/2141/629 3356/2138/629
f 3360/2142/631 3357/2143/630 3358/2140/630
f 3362/2144/632 3359/2145/631 3360/2142/631
f 3364/2146/633 3361/2147/632 3362/2144/632
f 3366/2148/634 3363/2149/633 3364/2146/633
f 3368/2150/635 3365/2151/634 3366/2148/634
f 3370/2152/636 3367/2153/635 3368/2150/635
f 3372/2154/637 3369/2155/636 3370/2152/636
f 3374/2156/638 3371/2157/637 3372/2154/637
f 3376/2158/639 3373/2159/640 3374/2156/638
f 3378/2160/641 3375/2161/639 3376/2158/639
f 3380/2162/642 3377/2163/641 3378/2160/641
f 3382/2164/643 3379/2165/642 3380/2162/642
f 3384/2166/644 3381/2167/643 3382/2164/643
f 3386/2168/645 3383/2169/644 3384/2166/644
f 3388/2170/646 3385/2171/645 3386/2168/645
f 3390/2172/647 3387/2173/646 3388/2170/646
f 3174/1506/539 3389/2174/647 3390/2172/647
f 3394/1887/393 3391/11/394 3392/1051/394
f 3396/1713/393 3393/1890/393 3394/1887/393
f 3398/1907/394 3395/520/393 3396/1713/393
f 3400/1597/394 3397/1910/394 3398/1907/394
f 3402/1927/393 3399/86/394 3400/1597/394
f 3404/1714/395 3401/1930/393 3402/1927/393
f 3406/1947/396 3403/631/395 3404/1714/395
f 3392/1506/394 3405/1950/396 3406/1947/396
f 3410/1713/393 3407/11/394 3408/1051/394
f 3412/1597/395 3409/520/393 3410/1713/393
f 3414/1714/396 3411/86/395 3412/1597/395
f 3408/1506/394 3413/631/396 3414/1714/396
f 3418/1713/393 3415/11/394 3416/1051/394
f 3420/1597/395 3417/520/393 3418/1713/393
f 3422/1714/396 3419/86/395 3420/1597/395
f 3416/1506/394 3421/631/396 3422/1714/396
f 3426/1713/393 3423/11/395 3424/1051/395
f 3428/1597/394 3425/520/393 3426/1713/393
f 3430/1714/396 3427/86/394 3428/1597/394
f 3424/1506/395 3429/631/396 3430/1714/396
f 3434/1713/394 3431/11/393 3432/1051/393
f 3436/1597/396 3433/520/394 3434/1713/394
f 3438/1714/395 3435/86/396 3436/1597/396
f 3432/1506/393 3437/631/395 3438/1714/395
f 3442/1713/393 3439/11/395 3440/1051/395
f 3444/1597/394 3441/520/393 3442/1713/393
f 3446/1714/396 3443/86/394 3444/1597/394
f 3440/1506/395 3445/631/396 3446/1714/396
f 3450/1887/393 3447/11/394 3448/1051/394
f 3452/1713/393 3449/1890/393 3450/1887/393
f 3454/1907/394 3451/520/393 3452/1713/393
f 3456/1597/394 3453/1910/394 3454/1907/394
f 3458/1927/393 3455/86/394 3456/1597/394
f 3460/1714/395 3457/1930/393 3458/1927/393
f 3462/1947/396 3459/631/395 3460/1714/395
f 3448/1506/394 3461/1950/396 3462/1947/396
f 3466/2175/648 3463/11/649 3464/1051/649
f 3468/2176/650 3465/2177/648 3466/2175/648
f 3470/2178/651 3467/2179/650 3468/2176/650
f 3472/2180/652 3469/2181/651 3470/2178/651
f 3474/2182/653 3471/2183/652 3472/2180/652
f 3476/2184/654 3473/2185/653 3474/2182/653
f 3478/2186/655 3475/2187/654 3476/2184/654
f 3480/2188/656 3477/2189/655 3478/2186/655
f 3482/2190/657 3479/2191/658 3480/2188/656
f 3484/2192/659 3481/2193/657 3482/2190/657
f 3486/2194/660 3483/2195/659 3484/2192/659
f 3488/2196/661 3485/2197/660 3486/2194/660
f 3490/2198/662 3487/2199/661 3488/2196/661
f 3492/2200/663 3489/2201/662 3490/2198/662
f 3494/2202/664 3491/2203/663 3492/2200/663
f 3496/2204/665 3493/2205/664 3494/2202/664
f 3498/2206/666 3495/2207/665 3496/2204/665
f 3500/2208/667 3497/2209/666 3498/2206/666
f 3502/2210/668 3499/2211/669 3500/2208/667
f 3504/2212/670 3501/2213/668 3502/2210/668
f 3506/2214/671 3503/2215/670 3504/2212/670
f 3508/2216/672 3505/2217/671 3506/2214/671
f 3510/2218/673 3507/2219/672 3508/2216/672
f 3512/2220/674 3509/2221/673 3510/2218/673
f 3514/2222/675 3511/2223/674 3512/2220/674
f 3516/2224/676 3513/2225/675 3514/2222/675
f 3518/2226/677 3515/2227/676 3516/2224/676
f 3520/2228/70 3517/2229/677 3518/2226/677
f 3522/2230/678 3519/2231/70 3520/2228/70
f 3524/2232/679 3521/2233/678 3522/2230/678
f 3526/2234/680 3523/2235/679 3524/2232/679
f 3528/2236/681 3525/2237/680 3526/2234/680
f 3530/2238/682 3527/2239/681 3528/2236/681
f 3532/2240/683 3529/2241/684 3530/2238/682
f 3534/2242/685 3531/2243/686 3532/2240/683
f 3536/2244/687 3533/2245/688 3534/2242/685
f 3538/2246/689 3535/2247/690 3536/2244/687
f 3540/2248/691 3537/2249/689 3538/2246/689
f 3542/2250/692 3539/2251/691 3540/2248/691
f 3544/2252/693 3541/2253/694 3542/2250/692
f 3546/2254/695 3543/2255/696 3544/2252/693
f 3548/2256/697 3545/2257/695 3546/2254/695
f 3550/2258/698 3547/2259/697 3548/2256/697
f 3552/2260/699 3549/2261/700 3550/2258/698
f 3554/2262/701 3551/2263/702 3552/2260/699
f 3556/2264/703 3553/2265/701 3554/2262/701
f 3558/2266/704 3555/2267/703 3556/2264/703
f 3560/2268/705 3557/2269/704 3558/2266/704
f 3562/2270/706 3559/2271/705 3560/2268/705
f 3564/2272/707 3561/2273/706 3562/2270/706
f 3566/2274/708 3563/2275/707 3564/2272/707
f 3568/2276/709 3565/2277/708 3566/2274/708
f 3570/2278/710 3567/2279/709 3568/2276/709
f 3572/2280/711 3569/2281/710 3570/2278/710
f 3574/2282/712 3571/2283/711 3572/2280/711
f 3576/2284/713 3573/2285/712 3574/2282/712
f 3578/2286/714 3575/2287/713 3576/2284/713
f 3580/2288/715 3577/2289/714 3578/2286/714
f 3582/2290/716 3579/2291/715 3580/2288/715
f 3584/2292/717 3581/2293/716 3582/2290/716
f 3586/2294/718 3583/2295/717 3584/2292/717
f 3588/2296/719 3585/2297/720 3586/2294/718
f 3590/2298/721 3587/2299/722 3588/2296/719
f 3592/2300/723 3589/2301/721 3590/2298/721
f 3594/2302/724 3591/2303/723 3592/2300/723
f 3596/2304/725 3593/2305/726 3594/2302/724
f 3598/2306/727 3595/2307/725 3596/2304/725
f 3600/2308/728 3597/2309/727 3598/2306/727
f 3602/2310/729 3599/2311/728 3600/2308/728
f 3604/2312/730 3601/2313/731 3602/2310/729
f 3606/2314/732 3603/2315/733 3604/2312/730
f 3608/2316/734 3605/2317/735 3606/2314/732
f 3610/2318/736 3607/2319/734 3608/2316/734
f 3612/2320/737 3609/2321/736 3610/2318/736
f 3614/2322/738 3611/2323/737 3612/2320/737
f 3616/2324/739 3613/2325/738 3614/2322/738
f 3618/2326/740 3615/2327/739 3616/2324/739
f 3620/2328/741 3617/2329/740 3618/2326/740
f 3622/2330/742 3619/2331/741 3620/2328/741
f 3624/2332/743 3621/2333/742 3622/2330/742
f 3626/2334/744 3623/2335/743 3624/2332/743
f 3628/2336/745 3625/2337/744 3626/2334/744
f 3630/2338/746 3627/2339/745 3628/2336/745
f 3632/2340/747 3629/2341/746 3630/2338/746
f 3634/2342/748 3631/2343/747 3632/2340/747
f 3636/2344/749 3633/2345/748 3634/2342/748
f 3638/2346/750 3635/2347/749 3636/2344/749
f 3640/2348/751 3637/2349/750 3638/2346/750
f 3642/2350/752 3639/2351/751 3640/2348/751
f 3644/2352/753 3641/2353/752 3642/2350/752
f 3646/2354/754 3643/2355/755 3644/2352/753
f 3648/2356/756 3645/2357/757 3646/2354/754
f 3650/2358/758 3647/2359/759 3648/2356/756
f 3652/2360/760 3649/2361/758 3650/2358/758
f 3654/2362/761 3651/2363/760 3652/2360/760
f 3656/2364/762 3653/2365/761 3654/2362/761
f 3658/2366/763 3655/2367/762 3656/2364/762
f 3660/2368/764 3657/2369/765 3658/2366/763
f 3662/2370/766 3659/2371/767 3660/2368/764
f 3664/2372/768 3661/2373/766 3662/2370/766
f 3666/2374/769 3663/2375/768 3664/2372/768
f 3668/2376/770 3665/2377/769 3666/2374/769
f 3670/2378/771 3667/2379/770 3668/2376/770
f 3672/2380/772 3669/2381/773 3670/2378/771
f 3674/2382/774 3671/2383/772 3672/2380/772
f 3676/2384/775 3673/2385/774 3674/2382/774
f 3678/2386/776 3675/2387/775 3676/2384/775
f 3680/2388/222 3677/2389/776 3678/2386/776
f 3682/2390/777 3679/2391/222 3680/2388/222
f 3684/2392/778 3681/2393/777 3682/2390/777
f 3686/2394/779 3683/2395/778 3684/2392/778
f 3688/2396/780 3685/2397/779 3686/2394/779
f 3690/2398/781 3687/2399/780 3688/2396/780
f 3692/2400/782 3689/2401/781 3690/2398/781
f 3694/2402/783 3691/2403/782 3692/2400/782
f 3696/2404/784 3693/2405/783 3694/2402/783
f 3698/2406/785 3695/2407/784 3696/2404/784
f 3700/2408/786 3697/2409/785 3698/2406/785
f 3702/2410/787 3699/2411/786 3700/2408/786
f 3704/2412/788 3701/2413/787 3702/2410/787
f 3706/2414/789 3703/2415/790 3704/2412/788
f 3708/2416/791 3705/2417/789 3706/2414/789
f 3710/2418/792 3707/2419/791 3708/2416/791
f 3712/2420/793 3709/2421/792 3710/2418/792
f 3714/2422/794 3711/2423/793 3712/2420/793
f 3716/2424/795 3713/2425/794 3714/2422/794
f 3718/2426/796 3715/2427/795 3716/2424/795
f 3720/2428/797 3717/2429/796 3718/2426/796
f 3722/2430/798 3719/2431/797 3720/2428/797
f 3724/2432/799 3721/2433/798 3722/2430/798
f 3726/2434/800 3723/2435/799 3724/2432/799
f 3728/2436/801 3725/2437/802 3726/2434/800
f 3730/2438/803 3727/2439/801 3728/2436/801
f 3732/2440/394 3729/2441/803 3730/2438/803
f 3734/2442/394 3731/2443/394 3732/2440/394
f 3736/2444/393 3733/2445/394 3734/2442/394
f 3738/2446/395 3735/2447/393 3736/2444/393
f 3740/2448/804 3737/2449/395 3738/2446/395
f 3464/1506/649 3739/2450/804 3740/2448/804
f 3744/2451/393 3741/11/393 3742/1051/393
f 3746/2452/805 3743/2453/393 3744/2451/393
f 3748/2454/806 3745/2455/805 3746/2452/805
f 3750/2456/807 3747/2457/806 3748/2454/806
f 3752/2458/808 3749/2459/807 3750/2456/807
f 3754/2460/809 3751/2461/808 3752/2458/808
f 3756/2462/810 3753/2463/809 3754/2460/809
f 3758/2464/811 3755/2465/812 3756/2462/810
f 3760/2466/813 3757/2467/814 3758/2464/811
f 3762/2468/815 3759/2469/813 3760/2466/813
f 3764/2470/816 3761/2471/815 3762/2468/815
f 3766/2472/817 3763/2473/818 3764/2470/816
f 3768/2474/819 3765/2475/820 3766/2472/817
f 3770/2476/821 3767/2477/819 3768/2474/819
f 3772/2478/822 3769/2479/821 3770/2476/821
f 3774/2480/823 3771/2481/824 3772/2478/822
f 3776/2482/825 3773/2483/826 3774/2480/823
f 3778/2484/827 3775/2485/825 3776/2482/825
f 3780/2486/828 3777/2487/827 3778/2484/827
f 3782/2488/829 3779/2489/828 3780/2486/828
f 3784/2490/830 3781/2491/829 3782/2488/829
f 3786/2492/831 3783/2493/830 3784/2490/830
f 3788/2494/832 3785/2495/831 3786/2492/831
f 3790/2496/833 3787/2497/832 3788/2494/832
f 3792/2498/834 3789/2499/833 3790/2496/833
f 3794/2500/835 3791/2501/836 3792/2498/834
f 3796/2502/837 3793/2503/835 3794/2500/835
f 3798/2504/838 3795/2505/837 3796/2502/837
f 3800/2506/839 3797/2507/838 3798/2504/838
f 3802/2508/840 3799/2509/839 3800/2506/839
f 3804/2510/841 3801/2511/840 3802/2508/840
f 3806/2512/842 3803/2513/841 3804/2510/841
f 3808/2514/843 3805/2515/842 3806/2512/842
f 3810/2516/844 3807/2517/845 3808/2514/843
f 3812/2518/846 3809/2519/844 3810/2516/844
f 3814/2520/847 3811/2521/846 3812/2518/846
f 3816/2522/848 3813/2523/847 3814/2520/847
f 3818/2524/849 3815/2525/848 3816/2522/848
f 3820/2526/850 3817/2527/849 3818/2524/849
f 3822/2528/851 3819/2529/850 3820/2526/850
f 3824/2530/852 3821/2531/851 3822/2528/851
f 3826/2532/579 3823/2533/852 3824/2530/852
f 3828/2534/853 3825/2535/579 3826/2532/579
f 3830/2536/854 3827/2537/853 3828/2534/853
f 3832/2538/855 3829/2539/854 3830/2536/854
f 3834/2540/856 3831/2541/855 3832/2538/855
f 3836/2542/857 3833/2543/856 3834/2540/856
f 3838/2544/858 3835/2545/857 3836/2542/857
f 3840/2546/859 3837/2547/858 3838/2544/858
f 3842/2548/860 3839/2549/861 3840/2546/859
f 3844/2550/862 3841/2551/860 3842/2548/860
f 3846/2552/863 3843/2553/864 3844/2550/862
f 3848/2554/865 3845/2555/866 3846/2552/863
f 3850/2556/867 3847/2557/865 3848/2554/865
f 3852/2558/868 3849/2559/867 3850/2556/867
f 3854/2560/869 3851/2561/870 3852/2558/868
f 3856/2562/871 3853/2563/872 3854/2560/869
f 3858/2564/873 3855/2565/871 3856/2562/871
f 3860/2566/874 3857/2567/873 3858/2564/873
f 3862/2568/875 3859/2569/876 3860/2566/874
f 3864/2570/877 3861/2571/878 3862/2568/875
f 3866/2572/879 3863/2573/880 3864/2570/877
f 3868/2574/881 3865/2575/882 3866/2572/879
f 3870/2576/883 3867/2577/881 3868/2574/881
f 3872/2578/884 3869/2579/883 3870/2576/883
f 3874/2580/885 3871/2581/886 3872/2578/884
f 3876/2582/887 3873/2583/885 3874/2580/885
f 3878/2584/888 3875/2585/887 3876/2582/887
f 3880/2586/889 3877/2587/888 3878/2584/888
f 3882/2588/890 3879/2589/889 3880/2586/889
f 3884/2590/891 3881/2591/892 3882/2588/890
f 3886/2592/893 3883/2593/891 3884/2590/891
f 3888/2594/894 3885/2595/893 3886/2592/893
f 3890/2596/895 3887/2597/894 3888/2594/894
f 3892/2598/896 3889/2599/895 3890/2596/895
f 3894/2600/394 3891/2601/896 3892/2598/896
f 3896/2602/394 3893/2603/394 3894/2600/394
f 3898/2604/396 3895/2605/394 3896/2602/394
f 3900/2606/396 3897/2607/396 3898/2604/396
f 3902/2608/394 3899/2609/396 3900/2606/396
f 3904/2610/897 3901/2611/394 3902/2608/394
f 3906/2612/898 3903/2613/899 3904/2610/897
f 3908/2614/900 3905/2615/898 3906/2612/898
f 3910/2616/901 3907/2617/900 3908/2614/900
f 3912/2618/902 3909/2619/901 3910/2616/901
f 3914/2620/903 3911/2621/902 3912/2618/902
f 3916/2622/904 3913/2623/903 3914/2620/903
f 3918/2624/905 3915/2625/904 3916/2622/904
f 3920/2626/906 3917/2627/905 3918/2624/905
f 3922/2628/907 3919/2629/906 3920/2626/906
f 3924/2630/908 3921/2631/907 3922/2628/907
f 3926/2632/909 3923/2633/908 3924/2630/908
f 3928/2634/910 3925/2635/909 3926/2632/909
f 3930/2636/911 3927/2637/912 3928/2634/910
f 3932/2638/913 3929/2639/914 3930/2636/911
f 3934/2640/915 3931/2641/913 3932/2638/913
f 3936/2642/916 3933/2643/915 3934/2640/915
f 3938/2644/917 3935/2645/918 3936/2642/916
f 3940/2646/919 3937/2647/917 3938/2644/917
f 3942/2648/920 3939/2649/921 3940/2646/919
f 3944/2650/922 3941/2651/923 3942/2648/920
f 3946/2652/924 3943/2653/925 3944/2650/922
f 3948/2654/926 3945/2655/927 3946/2652/924
f 3950/2656/928 3947/2657/926 3948/2654/926
f 3952/2658/929 3949/2659/928 3950/2656/928
f 3954/2660/930 3951/2661/931 3952/2658/929
f 3956/2662/932 3953/2663/930 3954/2660/930
f 3958/2664/933 3955/2665/932 3956/2662/932
f 3960/2666/934 3957/2667/933 3958/2664/933
f 3962/2668/935 3959/2669/934 3960/2666/934
f 3964/2670/936 3961/2671/935 3962/2668/935
f 3966/2672/937 3963/2673/936 3964/2670/936
f 3968/2674/938 3965/2675/939 3966/2672/937
f 3970/2676/940 3967/2677/938 3968/2674/938
f 3972/2678/941 3969/2679/940 3970/2676/940
f 3974/2680/942 3971/2681/941 3972/2678/941
f 3976/2682/943 3973/2683/942 3974/2680/942
f 3978/2684/944 3975/2685/945 3976/2682/943
f 3980/2686/946 3977/2687/944 3978/2684/944
f 3982/2688/947 3979/2689/946 3980/2686/946
f 3984/2690/948 3981/2691/947 3982/2688/947
f 3986/2692/949 3983/2693/948 3984/2690/948
f 3988/2694/950 3985/2695/949 3986/2692/949
f 3990/2696/951 3987/2697/950 3988/2694/950
f 3992/2698/952 3989/2699/951 3990/2696/951
f 3994/2700/953 3991/2701/952 3992/2698/952
f 3996/2702/954 3993/2703/953 3994/2700/953
f 3998/2704/955 3995/2705/954 3996/2702/954
f 4000/2706/956 3997/2707/955 3998/2704/955
f 4002/2708/957 3999/2709/956 4000/2706/956
f 4004/2710/958 4001/2711/957 4002/2708/957
f 4006/2712/959 4003/2713/958 4004/2710/958
f 4008/2714/960 4005/2715/959 4006/2712/959
f 4010/2716/961 4007/2717/962 4008/2714/960
f 4012/2718/963 4009/2719/961 4010/2716/961
f 4014/2720/964 4011/2721/963 4012/2718/963
f 4016/2722/965 4013/2723/964 4014/2720/964
f 4018/2724/966 4015/2725/965 4016/2722/965
f 4020/2726/967 4017/2727/966 4018/2724/966
f 4022/2728/968 4019/2729/967 4020/2726/967
f 4024/2730/969 4021/2731/968 4022/2728/968
f 4026/2732/970 4023/2733/971 4024/2730/969
f 4028/2734/972 4025/2735/970 4026/2732/970
f 4030/2736/973 4027/2737/972 4028/2734/972
f 4032/2738/974 4029/2739/973 4030/2736/973
f 4034/2740/975 4031/2741/974 4032/2738/974
f 4036/2742/976 4033/2743/975 4034/2740/975
f 4038/2744/977 4035/2745/978 4036/2742/976
f 4040/2746/979 4037/2747/977 4038/2744/977
f 4042/2748/980 4039/2749/979 4040/2746/979
f 4044/2750/981 4041/2751/980 4042/2748/980
f 4046/2752/982 4043/2753/981 4044/2750/981
f 4048/2754/983 4045/2755/982 4046/2752/982
f 4050/2756/393 4047/2757/983 4048/2754/983
f 4052/2758/395 4049/2759/393 4050/2756/393
f 4054/2760/395 4051/2761/395 4052/2758/395
f 3742/1506/393 4053/2762/395 4054/2760/395
f 4058/2763/984 4055/11/985 4056/1051/986
f 4060/2764/987 4057/2765/984 4058/2763/984
f 4062/2766/988 4059/2767/987 4060/2764/987
f 4064/2768/989 4061/2769/988 4062/2766/988
f 4066/1746/990 4063/2770/989 4064/2768/989
f 4068/2771/991 4065/482/990 4066/1746/990
f 4070/2772/992 4067/2773/991 4068/2771/991
f 4072/2774/993 4069/2775/994 4070/2772/992
f 4074/2776/995 4071/2777/993 4072/2774/993
f 4076/1779/996 4073/2778/995 4074/2776/995
f 4078/2779/997 4075/491/998 4076/1779/996
f 4080/2780/999 4077/2781/997 4078/2779/997
f 4082/2782/1000 4079/2783/1001 4080/2780/999
f 4084/2784/1002 4081/2785/1003 4082/2782/1000
f 4086/1812/1004 4083/2786/1002 4084/2784/1002
f 4088/2787/1005 4085/467/1006 4086/1812/1004
f 4090/2788/1007 4087/2789/1005 4088/2787/1005
f 4092/2790/1008 4089/2791/1009 4090/2788/1007
f 4094/2792/1010 4091/2793/1011 4092/2790/1008
f 4096/1845/1012 4093/2794/1010 4094/2792/1010
f 4098/2795/1013 4095/471/1012 4096/1845/1012
f 4100/2796/1014 4097/2797/1013 4098/2795/1013
f 4102/2798/1015 4099/2799/1014 4100/2796/1014
f 4104/2800/1016 4101/2801/1015 4102/2798/1015
f 4056/1506/986 4103/2802/1017 4104/2800/1016
f 4108/1882/1018 4105/11/1019 4106/1051/843
f 4110/1887/1020 4107/1885/1021 4108/1882/1018
f 4112/1893/1022 4109/1890/1020 4110/1887/1020
f 4114/1713/1023 4111/1895/1024 4112/1893/1022
f 4116/1902/1025 4113/520/1023 4114/1713/1023
f 4118/1907/1026 4115/1905/1025 4116/1902/1025
f 4120/1913/1027 4117/1910/1026 4118/1907/1026
f 4122/1597/1028 4119/1915/1027 4120/1913/1027
f 4124/1922/1029 4121/86/1028 4122/1597/1028
f 4126/1927/1030 4123/1925/1031 4124/1922/1029
f 4128/1933/1032 4125/1930/1033 4126/1927/1030
f 4130/1714/1034 4127/1935/1035 4128/1933/1032
f 4132/1942/393 4129/631/1036 4130/1714/1034
f 4134/1947/394 4131/1945/393 4132/1942/393
f 4136/1953/396 4133/1950/394 4134/1947/394
f 4106/1506/843 4135/1955/396 4136/1953/396
f 4140/1746/395 4137/11/1037 4138/1051/1037
f 4142/1779/393 4139/482/395 4140/1746/395
f 4144/1812/394 4141/491/393 4142/1779/393
f 4146/1845/1038 4143/467/394 4144/1812/394
f 4138/1506/1037 4145/471/1038 4146/1845/1038
f 4150/2803/1039 4147/11/1040 4148/1051/1040
f 4152/1879/1041 4149/2804/1039 4150/2803/1039
f 4154/2805/1042 4151/1881/1041 4152/1879/1041
f 4156/1880/1043 4153/2806/1042 4154/2805/1042
f 4158/2807/1044 4155/1883/1043 4156/1880/1043
f 4160/1882/1045 4157/2808/1044 4158/2807/1044
f 4162/2809/1046 4159/1885/1045 4160/1882/1045
f 4164/1884/1047 4161/2810/1046 4162/2809/1046
f 4166/2811/1048 4163/607/1047 4164/1884/1047
f 4168/1886/1049 4165/2812/1048 4166/2811/1048
f 4170/2813/1050 4167/1888/1049 4168/1886/1049
f 4172/1887/396 4169/2814/1051 4170/2813/1050
f 4174/2815/394 4171/1890/396 4172/1887/396
f 4176/1889/1052 4173/2816/394 4174/2815/394
f 4178/2817/1053 4175/1892/1052 4176/1889/1052
f 4180/1891/1054 4177/2818/1053 4178/2817/1053
f 4182/2819/1055 4179/550/1054 4180/1891/1054
f 4184/1893/1056 4181/2820/1055 4182/2819/1055
f 4186/2821/1057 4183/1895/1056 4184/1893/1056
f 4188/1894/1058 4185/2822/1057 4186/2821/1057
f 4190/2823/1059 4187/1897/1058 4188/1894/1058
f 4192/1896/1060 4189/2824/1059 4190/2823/1059
f 4194/2825/1061 4191/1898/1060 4192/1896/1060
f 4196/1713/1062 4193/2826/1063 4194/2825/1061
f 4198/2827/1064 4195/520/1062 4196/1713/1062
f 4200/1899/1065 4197/2828/1064 4198/2827/1064
f 4202/2829/396 4199/1901/1066 4200/1899/1065
f 4204/1900/394 4201/2830/396 4202/2829/396
f 4206/2831/393 4203/1903/394 4204/1900/394
f 4208/1902/393 4205/2832/393 4206/2831/393
f 4210/2833/394 4207/1905/393 4208/1902/393
f 4212/1904/394 4209/2834/394 4210/2833/394
f 4214/2835/393 4211/596/394 4212/1904/394
f 4216/1906/1067 4213/2836/393 4214/2835/393
f 4218/2837/1068 4215/1908/1069 4216/1906/1067
f 4220/1907/1070 4217/2838/1068 4218/2837/1068
f 4222/2839/1071 4219/1910/1070 4220/1907/1070
f 4224/1909/1072 4221/2840/1071 4222/2839/1071
f 4226/2841/1073 4223/1912/1072 4224/1909/1072
f 4228/1911/1074 4225/2842/1073 4226/2841/1073
f 4230/2843/1075 4227/611/1074 4228/1911/1074
f 4232/1913/1076 4229/2844/1075 4230/2843/1075
f 4234/2845/1077 4231/1915/1076 4232/1913/1076
f 4236/1914/1078 4233/2846/1077 4234/2845/1077
f 4238/2847/1079 4235/1917/1078 4236/1914/1078
f 4240/1916/1080 4237/2848/1079 4238/2847/1079
f 4242/2849/1081 4239/1918/1080 4240/1916/1080
f 4244/1597/1082 4241/2850/1081 4242/2849/1081
f 4246/2851/1083 4243/86/1084 4244/1597/1082
f 4248/1919/1085 4245/2852/1086 4246/2851/1083
f 4250/2853/1087 4247/1921/1088 4248/1919/1085
f 4252/1920/1089 4249/2854/1090 4250/2853/1087
f 4254/2855/1091 4251/1923/1089 4252/1920/1089
f 4256/1922/1092 4253/2856/1091 4254/2855/1091
f 4258/2857/1093 4255/1925/1092 4256/1922/1092
f 4260/1924/1094 4257/2858/1093 4258/2857/1093
f 4262/2859/1095 4259/526/1094 4260/1924/1094
f 4264/1926/1096 4261/2860/1097 4262/2859/1095
f 4266/2861/1098 4263/1928/1096 4264/1926/1096
f 4268/1927/1099 4265/2862/1098 4266/2861/1098
f 4270/2863/1100 4267/1930/1099 4268/1927/1099
f 4272/1929/1101 4269/2864/1100 4270/2863/1100
f 4274/2865/1102 4271/1932/1101 4272/1929/1101
f 4276/1931/1103 4273/2866/1102 4274/2865/1102
f 4278/2867/1104 4275/645/1103 4276/1931/1103
f 4280/1933/1105 4277/2868/1104 4278/2867/1104
f 4282/2869/1106 4279/1935/1105 4280/1933/1105
f 4284/1934/1107 4281/2870/1106 4282/2869/1106
f 4286/2871/1108 4283/1937/1107 4284/1934/1107
f 4288/1936/1109 4285/2872/1108 4286/2871/1108
f 4290/2873/393 4287/1938/1110 4288/1936/1109
f 4292/1714/395 4289/2874/393 4290/2873/393
f 4294/2875/395 4291/631/395 4292/1714/395
f 4296/1939/393 4293/2876/395 4294/2875/395
f 4298/2877/393 4295/1941/393 4296/1939/393
f 4300/1940/395 4297/2878/393 4298/2877/393
f 4302/2879/395 4299/1943/395 4300/1940/395
f 4304/1942/395 4301/2880/395 4302/2879/395
f 4306/2881/396 4303/1945/395 4304/1942/395
f 4308/1944/396 4305/2882/396 4306/2881/396
f 4310/2883/396 4307/572/396 4308/1944/396
f 4312/1946/1111 4309/2884/396 4310/2883/396
f 4314/2885/1112 4311/1948/1111 4312/1946/1111
f 4316/1947/1113 4313/2886/1112 4314/2885/1112
f 4318/2887/1114 4315/1950/1113 4316/1947/1113
f 4320/1949/1115 4317/2888/1116 4318/2887/1114
f 4322/2889/1117 4319/1952/1115 4320/1949/1115
f 4324/1951/1118 4321/2890/1119 4322/2889/1117
f 4326/2891/1120 4323/507/1118 4324/1951/1118
f 4328/1953/1121 4325/2892/1122 4326/2891/1120
f 4330/2893/1123 4327/1955/1124 4328/1953/1121
f 4332/1954/1125 4329/2894/1123 4330/2893/1123
f 4334/2895/1126 4331/1957/1125 4332/1954/1125
f 4336/1956/1127 4333/2896/1126 4334/2895/1126
f 4338/2897/1128 4335/1958/1127 4336/1956/1127
f 4148/1506/1040 4337/2898/1128 4338/2897/1128
f 4342/2899/1129 4339/11/1130 4340/1051/1131
f 4344/2900/1132 4341/2901/1129 4342/2899/1129
f 4346/1746/1133 4343/2902/1134 4344/2900/1132
f 4348/2903/1135 4345/482/1133 4346/1746/1133
f 4350/1904/1136 4347/2904/1135 4348/2903/1135
f 4352/1779/1137 4349/596/1136 4350/1904/1136
f 4354/2905/1138 4351/491/1137 4352/1779/1137
f 4356/2906/1139 4353/2907/1138 4354/2905/1138
f 4358/1812/1140 4355/2908/1139 4356/2906/1139
f 4360/1931/1141 4357/467/1140 4358/1812/1140
f 4362/2909/1142 4359/645/1143 4360/1931/1141
f 4364/1845/394 4361/2910/1142 4362/2909/1142
f 4366/2911/396 4363/471/394 4364/1845/394
f 4368/2912/1144 4365/2913/396 4366/2911/396
f 4340/1506/1131 4367/2914/1144 4368/2912/1144
f 4372/1713/393 4369/11/395 4370/1051/395
f 4374/1597/394 4371/520/393 4372/1713/393
f 4376/1714/396 4373/86/394 4374/1597/394
f 4370/1506/395 4375/631/396 4376/1714/396
f 4380/1713/394 4377/11/393 4378/1051/393
f 4382/1597/396 4379/520/394 4380/1713/394
f 4384/1714/395 4381/86/396 4382/1597/396
f 4378/1506/393 4383/631/395 4384/1714/395
f 2196/1050/5 2195/1053/5 2193/11/6
f 2198/1052/7 2197/1055/7 2195/1053/5
f 2200/1054/8 2199/1057/8 2197/1055/7
f 2202/1056/9 2201/1059/9 2199/1057/8
f 2204/1058/10 2203/1061/10 2201/1059/9
f 2206/1060/11 2205/1063/13 2203/1061/10
f 2208/1062/12 2207/1065/12 2205/1063/13
f 2210/1064/14 2209/1067/14 2207/1065/12
f 2212/1066/15 2211/1069/15 2209/1067/14
f 2214/1068/16 2213/1071/18 2211/1069/15
f 2216/1070/17 2215/1073/17 2213/1071/18
f 2218/1072/19 2217/1075/21 2215/1073/17
f 2220/1074/20 2219/1077/20 2217/1075/21
f 2222/1076/22 2221/1079/22 2219/1077/20
f 2224/1078/23 2223/1081/23 2221/1079/22
f 2226/1080/24 2225/1083/24 2223/1081/23
f 2228/1082/25 2227/1085/25 2225/1083/24
f 2230/1084/26 2229/1087/26 2227/1085/25
f 2232/1086/27 2231/1089/27 2229/1087/26
f 2234/1088/28 2233/1091/28 2231/1089/27
f 2236/1090/29 2235/1093/29 2233/1091/28
f 2238/1092/30 2237/1095/30 2235/1093/29
f 2240/1094/31 2239/1097/31 2237/1095/30
f 2242/1096/32 2241/1099/32 2239/1097/31
f 2244/1098/33 2243/1101/35 2241/1099/32
f 2246/1100/34 2245/1103/34 2243/1101/35
f 2248/1102/36 2247/1105/38 2245/1103/34
f 2250/1104/37 2249/1107/37 2247/1105/38
f 2252/1106/39 2251/1109/39 2249/1107/37
f 2254/1108/40 2253/1111/40 2251/1109/39
f 2256/1110/41 2255/1113/41 2253/1111/40
f 2258/1112/42 2257/1115/44 2255/1113/41
f 2260/1114/43 2259/1117/46 2257/1115/44
f 2262/1116/45 2261/1119/48 2259/1117/46
f 2264/1118/47 2263/1121/47 2261/1119/48
f 2266/1120/49 2265/1123/49 2263/1121/47
f 2268/1122/50 2267/1125/50 2265/1123/49
f 2270/1124/51 2269/1127/51 2267/1125/50
f 2272/1126/52 2271/1129/52 2269/1127/51
f 2274/1128/53 2273/1131/53 2271/1129/52
f 2276/1130/54 2275/1133/54 2273/1131/53
f 2278/1132/55 2277/1135/55 2275/1133/54
f 2280/1134/56 2279/1137/56 2277/1135/55
f 2282/1136/57 2281/1139/57 2279/1137/56
f 2284/1138/58 2283/1141/60 2281/1139/57
f 2286/1140/59 2285/1143/59 2283/1141/60
f 2288/1142/61 2287/1145/63 2285/1143/59
f 2290/1144/62 2289/1147/65 2287/1145/63
f 2292/1146/64 2291/1149/64 2289/1147/65
f 2294/1148/66 2293/1151/68 2291/1149/64
f 2296/1150/67 2295/1153/70 2293/1151/68
f 2298/1152/69 2297/1155/69 2295/1153/70
f 2300/1154/71 2299/1157/71 2297/1155/69
f 2302/1156/72 2301/1159/72 2299/1157/71
f 2304/1158/73 2303/1161/73 2301/1159/72
f 2306/1160/74 2305/1163/74 2303/1161/73
f 2308/1162/75 2307/1165/75 2305/1163/74
f 2310/1164/76 2309/1167/76 2307/1165/75
f 2312/1166/77 2311/1169/77 2309/1167/76
f 2314/1168/78 2313/1171/78 2311/1169/77
f 2316/1170/79 2315/1173/79 2313/1171/78
f 2318/1172/80 2317/1175/80 2315/1173/79
f 2320/1174/81 2319/1177/81 2317/1175/80
f 2322/1176/82 2321/1179/84 2319/1177/81
f 2324/1178/83 2323/1181/83 2321/1179/84
f 2326/1180/85 2325/1183/85 2323/1181/83
f 2328/1182/86 2327/1185/86 2325/1183/85
f 2330/1184/87 2329/1187/87 2327/1185/86
f 2332/1186/88 2331/1189/88 2329/1187/87
f 2334/1188/89 2333/1191/89 2331/1189/88
f 2336/1190/90 2335/1193/90 2333/1191/89
f 2338/1192/91 2337/1195/91 2335/1193/90
f 2340/1194/92 2339/1197/92 2337/1195/91
f 2342/1196/93 2341/1199/93 2339/1197/92
f 2344/1198/94 2343/1201/94 2341/1199/93
f 2346/1200/95 2345/1203/95 2343/1201/94
f 2348/1202/96 2347/1205/96 2345/1203/95
f 2350/1204/97 2349/1207/97 2347/1205/96
f 2352/1206/98 2351/1209/100 2349/1207/97
f 2354/1208/99 2353/1211/99 2351/1209/100
f 2356/1210/101 2355/1213/101 2353/1211/99
f 2358/1212/102 2357/1215/102 2355/1213/101
f 2360/1214/103 2359/1217/103 2357/1215/102
f 2362/1216/104 2361/1219/104 2359/1217/103
f 2364/1218/105 2363/1221/105 2361/1219/104
f 2366/1220/106 2365/1223/106 2363/1221/105
f 2368/1222/107 2367/1225/107 2365/1223/106
f 2370/1224/108 2369/1227/108 2367/1225/107
f 2372/1226/109 2371/1229/109 2369/1227/108
f 2374/1228/110 2373/1231/110 2371/1229/109
f 2376/1230/111 2375/1233/111 2373/1231/110
f 2378/1232/112 2377/1235/112 2375/1233/111
f 2380/1234/113 2379/1237/113 2377/1235/112
f 2382/1236/114 2381/1239/114 2379/1237/113
f 2384/1238/115 2383/1241/115 2381/1239/114
f 2386/1240/116 2385/1243/116 2383/1241/115
f 2388/1242/117 2387/1245/117 2385/1243/116
f 2390/1244/118 2389/1247/118 2387/1245/117
f 2392/1246/119 2391/1249/119 2389/1247/118
f 2394/1248/120 2393/1251/120 2391/1249/119
f 2396/1250/121 2395/1253/121 2393/1251/120
f 2398/1252/122 2397/1255/122 2395/1253/121
f 2400/1254/123 2399/1257/123 2397/1255/122
f 2402/1256/124 2401/1259/124 2399/1257/123
f 2404/1258/125 2403/1261/125 2401/1259/124
f 2406/1260/126 2405/1263/128 2403/1261/125
f 2408/1262/127 2407/1265/127 2405/1263/128
f 2410/1264/129 2409/1267/129 2407/1265/127
f 2412/1266/130 2411/1269/130 2409/1267/129
f 2414/1268/131 2413/1271/131 2411/1269/130
f 2416/1270/132 2415/1273/132 2413/1271/131
f 2418/1272/133 2417/1275/133 2415/1273/132
f 2420/1274/134 2419/1277/134 2417/1275/133
f 2422/1276/135 2421/1279/137 2419/1277/134
f 2424/1278/136 2423/1281/136 2421/1279/137
f 2426/1280/138 2425/1283/138 2423/1281/136
f 2428/1282/139 2427/1285/141 2425/1283/138
f 2430/1284/140 2429/1287/143 2427/1285/141
f 2432/1286/142 2431/1289/142 2429/1287/143
f 2434/1288/144 2433/1291/144 2431/1289/142
f 2436/1290/145 2435/1293/145 2433/1291/144
f 2438/1292/146 2437/1295/146 2435/1293/145
f 2440/1294/147 2439/1297/147 2437/1295/146
f 2442/1296/148 2441/1299/148 2439/1297/147
f 2444/1298/149 2443/1301/149 2441/1299/148
f 2446/1300/150 2445/1303/150 2443/1301/149
f 2448/1302/151 2447/1305/151 2445/1303/150
f 2450/1304/152 2449/1307/152 2447/1305/151
f 2452/1306/153 2451/1309/153 2449/1307/152
f 2454/1308/154 2453/1311/154 2451/1309/153
f 2456/1310/155 2455/1313/155 2453/1311/154
f 2458/1312/156 2457/1315/156 2455/1313/155
f 2460/1314/157 2459/1317/157 2457/1315/156
f 2462/1316/158 2461/1319/158 2459/1317/157
f 2464/1318/159 2463/1321/159 2461/1319/158
f 2466/1320/160 2465/1323/160 2463/1321/159
f 2468/1322/161 2467/1325/161 2465/1323/160
f 2470/1324/162 2469/1327/162 2467/1325/161
f 2472/1326/163 2471/1329/163 2469/1327/162
f 2474/1328/164 2473/1331/164 2471/1329/163
f 2476/1330/165 2475/1333/165 2473/1331/164
f 2478/1332/166 2477/1335/166 2475/1333/165
f 2480/1334/167 2479/1337/169 2477/1335/166
f 2482/1336/168 2481/1339/168 2479/1337/169
f 2484/1338/170 2483/1341/170 2481/1339/168
f 2486/1340/171 2485/1343/171 2483/1341/170
f 2488/1342/172 2487/1345/172 2485/1343/171
f 2490/1344/173 2489/1347/173 2487/1345/172
f 2492/1346/174 2491/1349/174 2489/1347/173
f 2494/1348/175 2493/1351/175 2491/1349/174
f 2496/1350/176 2495/1353/176 2493/1351/175
f 2498/1352/177 2497/1355/177 2495/1353/176
f 2500/1354/178 2499/1357/178 2497/1355/177
f 2502/1356/179 2501/1359/179 2499/1357/178
f 2504/1358/180 2503/1361/180 2501/1359/179
f 2506/1360/181 2505/1363/181 2503/1361/180
f 2508/1362/182 2507/1365/182 2505/1363/181
f 2510/1364/183 2509/1367/183 2507/1365/182
f 2512/1366/184 2511/1369/184 2509/1367/183
f 2514/1368/185 2513/1371/185 2511/1369/184
f 2516/1370/186 2515/1373/186 2513/1371/185
f 2518/1372/187 2517/1375/187 2515/1373/186
f 2520/1374/188 2519/1377/188 2517/1375/187
f 2522/1376/189 2521/1379/189 2519/1377/188
f 2524/1378/190 2523/1381/190 2521/1379/189
f 2526/1380/191 2525/1383/191 2523/1381/190
f 2528/1382/192 2527/1385/192 2525/1383/191
f 2530/1384/193 2529/1387/195 2527/1385/192
f 2532/1386/194 2531/1389/194 2529/1387/195
f 2534/1388/196 2533/1391/196 2531/1389/194
f 2536/1390/197 2535/1393/197 2533/1391/196
f 2538/1392/198 2537/1395/198 2535/1393/197
f 2540/1394/199 2539/1397/199 2537/1395/198
f 2542/1396/200 2541/1399/200 2539/1397/199
f 2544/1398/201 2543/1401/201 2541/1399/200
f 2546/1400/202 2545/1403/202 2543/1401/201
f 2548/1402/203 2547/1405/203 2545/1403/202
f 2550/1404/204 2549/1407/204 2547/1405/203
f 2552/1406/205 2551/1409/205 2549/1407/204
f 2554/1408/206 2553/1411/206 2551/1409/205
f 2556/1410/207 2555/1413/207 2553/1411/206
f 2558/1412/208 2557/1415/208 2555/1413/207
f 2560/1414/209 2559/1417/209 2557/1415/208
f 2562/1416/210 2561/1419/210 2559/1417/209
f 2564/1418/211 2563/1421/213 2561/1419/210
f 2566/1420/212 2565/1423/215 2563/1421/213
f 2568/1422/214 2567/1425/214 2565/1423/215
f 2570/1424/216 2569/1427/216 2567/1425/214
f 2572/1426/217 2571/1429/217 2569/1427/216
f 2574/1428/218 2573/1431/218 2571/1429/217
f 2576/1430/219 2575/1433/221 2573/1431/218
f 2578/1432/220 2577/1435/220 2575/1433/221
f 2580/1434/222 2579/1437/224 2577/1435/220
f 2582/1436/223 2581/1439/223 2579/1437/224
f 2584/1438/225 2583/1441/227 2581/1439/223
f 2586/1440/226 2585/1443/226 2583/1441/227
f 2588/1442/228 2587/1445/228 2585/1443/226
f 2590/1444/229 2589/1447/229 2587/1445/228
f 2592/1446/230 2591/1449/230 2589/1447/229
f 2594/1448/231 2593/1451/231 2591/1449/230
f 2596/1450/232 2595/1453/232 2593/1451/231
f 2598/1452/233 2597/1455/233 2595/1453/232
f 2600/1454/234 2599/1457/234 2597/1455/233
f 2602/1456/235 2601/1459/235 2599/1457/234
f 2604/1458/236 2603/1461/236 2601/1459/235
f 2606/1460/237 2605/1463/237 2603/1461/236
f 2608/1462/238 2607/1465/238 2605/1463/237
f 2610/1464/239 2609/1467/239 2607/1465/238
f 2612/1466/240 2611/1469/240 2609/1467/239
f 2614/1468/241 2613/1471/241 2611/1469/240
f 2616/1470/242 2615/1473/242 2613/1471/241
f 2618/1472/243 2617/1475/243 2615/1473/242
f 2620/1474/244 2619/1477/244 2617/1475/243
f 2622/1476/245 2621/1479/245 2619/1477/244
f 2624/1478/246 2623/1481/246 2621/1479/245
f 2626/1480/247 2625/1483/247 2623/1481/246
f 2628/1482/248 2627/1485/248 2625/1483/247
f 2630/1484/249 2629/1487/249 2627/1485/248
f 2632/1486/250 2631/1489/250 2629/1487/249
f 2634/1488/251 2633/1491/251 2631/1489/250
f 2636/1490/252 2635/1493/254 2633/1491/251
f 2638/1492/253 2637/1495/253 2635/1493/254
f 2640/1494/255 2639/1497/255 2637/1495/253
f 2642/1496/256 2641/1499/256 2639/1497/255
f 2644/1498/257 2643/1501/257 2641/1499/256
f 2646/1500/258 2645/1503/258 2643/1501/257
f 2648/1502/259 2647/1505/259 2645/1503/258
f 2650/1504/260 2649/1507/261 2647/1505/259
f 2194/1506/6 2193/85/6 2649/1507/261
f 2654/1508/262 2653/1510/262 2651/11/263
f 2656/1509/264 2655/1512/264 2653/1510/262
f 2658/1511/265 2657/1514/265 2655/1512/264
f 2660/1513/266 2659/1516/266 2657/1514/265
f 2662/1515/267 2661/1518/267 2659/1516/266
f 2664/1517/268 2663/1520/268 2661/1518/267
f 2666/1519/269 2665/656/271 2663/1520/268
f 2668/1521/270 2667/1523/270 2665/656/271
f 2670/1522/272 2669/1525/272 2667/1523/270
f 2672/1524/273 2671/1527/273 2669/1525/272
f 2674/1526/274 2673/1529/274 2671/1527/273
f 2676/1528/275 2675/1531/275 2673/1529/274
f 2678/1530/276 2677/1533/278 2675/1531/275
f 2680/1532/277 2679/476/277 2677/1533/278
f 2682/1534/279 2681/1536/279 2679/476/277
f 2684/1535/280 2683/1538/280 2681/1536/279
f 2686/1537/281 2685/1540/281 2683/1538/280
f 2688/1539/282 2687/1542/282 2685/1540/281
f 2690/1541/283 2689/1544/283 2687/1542/282
f 2692/1543/284 2691/1546/284 2689/1544/283
f 2694/1545/285 2693/674/285 2691/1546/284
f 2696/1547/286 2695/1549/286 2693/674/285
f 2698/1548/287 2697/1551/289 2695/1549/286
f 2700/1550/288 2699/1553/288 2697/1551/289
f 2702/1552/290 2701/1555/290 2699/1553/288
f 2704/1554/291 2703/1557/291 2701/1555/290
f 2706/1556/292 2705/1559/292 2703/1557/291
f 2708/1558/293 2707/486/295 2705/1559/292
f 2710/1560/294 2709/1562/294 2707/486/295
f 2712/1561/296 2711/1564/296 2709/1562/294
f 2714/1563/297 2713/1566/297 2711/1564/296
f 2716/1565/298 2715/1568/298 2713/1566/297
f 2718/1567/299 2717/1570/299 2715/1568/298
f 2720/1569/300 2719/1572/300 2717/1570/299
f 2722/1571/301 2721/704/301 2719/1572/300
f 2724/1573/302 2723/1575/302 2721/704/301
f 2726/1574/303 2725/1577/303 2723/1575/302
f 2728/1576/304 2727/1579/304 2725/1577/303
f 2730/1578/305 2729/1581/305 2727/1579/304
f 2732/1580/306 2731/1583/308 2729/1581/305
f 2734/1582/307 2733/1585/307 2731/1583/308
f 2736/1584/309 2735/490/309 2733/1585/307
f 2738/1586/310 2737/1588/310 2735/490/309
f 2740/1587/311 2739/1590/311 2737/1588/310
f 2742/1589/312 2741/1592/312 2739/1590/311
f 2744/1591/313 2743/1594/313 2741/1592/312
f 2746/1593/314 2745/1596/314 2743/1594/313
f 2748/1595/315 2747/1598/315 2745/1596/314
f 2750/1597/316 2749/86/316 2747/1598/315
f 2752/1599/317 2751/1601/317 2749/86/316
f 2754/1600/318 2753/1603/318 2751/1601/317
f 2756/1602/319 2755/1605/319 2753/1603/318
f 2758/1604/320 2757/1607/320 2755/1605/319
f 2760/1606/321 2759/1609/321 2757/1607/320
f 2762/1608/322 2761/1611/322 2759/1609/321
f 2764/1610/323 2763/465/323 2761/1611/322
f 2766/1612/324 2765/1614/324 2763/465/323
f 2768/1613/325 2767/1616/325 2765/1614/324
f 2770/1615/326 2769/1618/326 2767/1616/325
f 2772/1617/327 2771/1620/327 2769/1618/326
f 2774/1619/328 2773/1622/328 2771/1620/327
f 2776/1621/329 2775/1624/329 2773/1622/328
f 2778/1623/330 2777/686/332 2775/1624/329
f 2780/1625/331 2779/1627/331 2777/686/332
f 2782/1626/333 2781/1629/333 2779/1627/331
f 2784/1628/334 2783/1631/334 2781/1629/333
f 2786/1630/335 2785/1633/335 2783/1631/334
f 2788/1632/336 2787/1635/336 2785/1633/335
f 2790/1634/337 2789/1637/337 2787/1635/336
f 2792/1636/338 2791/460/338 2789/1637/337
f 2794/1638/339 2793/1640/339 2791/460/338
f 2796/1639/340 2795/1642/340 2793/1640/339
f 2798/1641/341 2797/1644/341 2795/1642/340
f 2800/1643/342 2799/1646/342 2797/1644/341
f 2802/1645/343 2801/1648/343 2799/1646/342
f 2804/1647/344 2803/1650/344 2801/1648/343
f 2806/1649/345 2805/703/345 2803/1650/344
f 2808/1651/346 2807/1653/346 2805/703/345
f 2810/1652/347 2809/1655/347 2807/1653/346
f 2812/1654/348 2811/1657/348 2809/1655/347
f 2814/1656/349 2813/1659/349 2811/1657/348
f 2816/1658/350 2815/1661/350 2813/1659/349
f 2818/1660/351 2817/1663/351 2815/1661/350
f 2820/1662/352 2819/470/352 2817/1663/351
f 2822/1664/353 2821/1666/353 2819/470/352
f 2824/1665/354 2823/1668/354 2821/1666/353
f 2826/1667/355 2825/1670/355 2823/1668/354
f 2828/1669/356 2827/1672/356 2825/1670/355
f 2830/1671/357 2829/1674/357 2827/1672/356
f 2832/1673/358 2831/1676/358 2829/1674/357
f 2834/1675/359 2833/664/361 2831/1676/358
f 2836/1677/360 2835/1679/360 2833/664/361
f 2838/1678/362 2837/1681/362 2835/1679/360
f 2840/1680/363 2839/1683/363 2837/1681/362
f 2842/1682/364 2841/1685/364 2839/1683/363
f 2844/1684/365 2843/1687/365 2841/1685/364
f 2846/1686/366 2845/1688/366 2843/1687/365
f 2652/1506/263 2651/85/263 2845/1688/366
f 2850/1689/367 2849/597/367 2847/11/368
f 2852/1690/369 2851/609/369 2849/597/367
f 2854/1691/370 2853/586/370 2851/609/369
f 2856/1692/371 2855/559/371 2853/586/370
f 2858/1693/372 2857/532/372 2855/559/371
f 2860/1694/373 2859/508/373 2857/532/372
f 2862/1695/374 2861/539/374 2859/508/373
f 2864/1696/375 2863/567/375 2861/539/374
f 2866/1697/376 2865/615/376 2863/567/375
f 2868/1698/377 2867/633/377 2865/615/376
f 2870/1699/378 2869/600/378 2867/633/377
f 2872/1700/379 2871/558/379 2869/600/378
f 2874/1597/380 2873/86/380 2871/558/379
f 2876/1701/381 2875/495/381 2873/86/380
f 2878/1702/382 2877/519/382 2875/495/381
f 2880/1703/383 2879/570/383 2877/519/382
f 2882/1704/384 2881/620/384 2879/570/383
f 2884/1705/385 2883/643/385 2881/620/384
f 2886/1706/386 2885/636/386 2883/643/385
f 2888/1707/387 2887/625/387 2885/636/386
f 2890/1708/388 2889/598/388 2887/625/387
f 2892/1709/389 2891/563/389 2889/598/388
f 2894/1710/390 2893/527/390 2891/563/389
f 2896/1711/391 2895/505/391 2893/527/390
f 2898/1712/392 2897/537/392 2895/505/391
f 2848/1506/368 2847/85/368 2897/537/392
f 2902/1713/393 2901/520/393 2899/11/394
f 2904/1597/395 2903/86/395 2901/520/393
f 2906/1714/396 2905/631/396 2903/86/395
f 2900/1506/394 2899/85/394 2905/631/396
f 2910/1715/397 2909/1717/397 2907/11/398
f 2912/1716/399 2911/1719/399 2909/1717/397
f 2914/1718/400 2913/1721/400 2911/1719/399
f 2916/1720/401 2915/1723/401 2913/1721/400
f 2918/1722/402 2917/1725/402 2915/1723/401
f 2920/1724/403 2919/1727/403 2917/1725/402
f 2922/1726/404 2921/1729/404 2919/1727/403
f 2924/1728/405 2923/1731/405 2921/1729/404
f 2926/1730/406 2925/1733/406 2923/1731/405
f 2928/1732/407 2927/1735/407 2925/1733/406
f 2930/1734/408 2929/1737/408 2927/1735/407
f 2932/1736/409 2931/1739/409 2929/1737/408
f 2934/1738/410 2933/1741/410 2931/1739/409
f 2936/1740/411 2935/1743/411 2933/1741/410
f 2938/1742/412 2937/1745/412 2935/1743/411
f 2940/1744/413 2939/1747/413 2937/1745/412
f 2942/1746/414 2941/482/414 2939/1747/413
f 2944/1748/415 2943/1750/415 2941/482/414
f 2946/1749/416 2945/1752/416 2943/1750/415
f 2948/1751/417 2947/1754/417 2945/1752/416
f 2950/1753/418 2949/1756/420 2947/1754/417
f 2952/1755/419 2951/1758/419 2949/1756/420
f 2954/1757/421 2953/1760/421 2951/1758/419
f 2956/1759/422 2955/1762/422 2953/1760/421
f 2958/1761/423 2957/1764/423 2955/1762/422
f 2960/1763/424 2959/1766/424 2957/1764/423
f 2962/1765/425 2961/1768/425 2959/1766/424
f 2964/1767/426 2963/1770/426 2961/1768/425
f 2966/1769/427 2965/1772/427 2963/1770/426
f 2968/1771/428 2967/1774/428 2965/1772/427
f 2970/1773/429 2969/1776/429 2967/1774/428
f 2972/1775/430 2971/1778/430 2969/1776/429
f 2974/1777/431 2973/1780/431 2971/1778/430
f 2976/1779/432 2975/491/432 2973/1780/431
f 2978/1781/433 2977/1783/433 2975/491/432
f 2980/1782/434 2979/1785/434 2977/1783/433
f 2982/1784/435 2981/1787/435 2979/1785/434
f 2984/1786/436 2983/1789/436 2981/1787/435
f 2986/1788/437 2985/1791/437 2983/1789/436
f 2988/1790/438 2987/1793/438 2985/1791/437
f 2990/1792/439 2989/1795/439 2987/1793/438
f 2992/1794/440 2991/1797/440 2989/1795/439
f 2994/1796/441 2993/1799/441 2991/1797/440
f 2996/1798/442 2995/1801/442 2993/1799/441
f 2998/1800/443 2997/1803/443 2995/1801/442
f 3000/1802/444 2999/1805/444 2997/1803/443
f 3002/1804/445 3001/1807/447 2999/1805/444
f 3004/1806/446 3003/1809/446 3001/1807/447
f 3006/1808/448 3005/1811/448 3003/1809/446
f 3008/1810/449 3007/1813/449 3005/1811/448
f 3010/1812/450 3009/467/450 3007/1813/449
f 3012/1814/451 3011/1816/451 3009/467/450
f 3014/1815/452 3013/1818/452 3011/1816/451
f 3016/1817/453 3015/1820/453 3013/1818/452
f 3018/1819/454 3017/1822/456 3015/1820/453
f 3020/1821/455 3019/1824/455 3017/1822/456
f 3022/1823/457 3021/1826/457 3019/1824/455
f 3024/1825/458 3023/1828/458 3021/1826/457
f 3026/1827/459 3025/1830/459 3023/1828/458
f 3028/1829/460 3027/1832/460 3025/1830/459
f 3030/1831/461 3029/1834/461 3027/1832/460
f 3032/1833/462 3031/1836/462 3029/1834/461
f 3034/1835/463 3033/1838/463 3031/1836/462
f 3036/1837/464 3035/1840/464 3033/1838/463
f 3038/1839/465 3037/1842/465 3035/1840/464
f 3040/1841/466 3039/1844/466 3037/1842/465
f 3042/1843/467 3041/1846/467 3039/1844/466
f 3044/1845/468 3043/471/468 3041/1846/467
f 3046/1847/469 3045/1849/469 3043/471/468
f 3048/1848/470 3047/1851/470 3045/1849/469
f 3050/1850/471 3049/1853/473 3047/1851/470
f 3052/1852/472 3051/1855/472 3049/1853/473
f 3054/1854/474 3053/1857/474 3051/1855/472
f 3056/1856/475 3055/1859/475 3053/1857/474
f 3058/1858/476 3057/1861/476 3055/1859/475
f 3060/1860/477 3059/1863/477 3057/1861/476
f 3062/1862/478 3061/1865/478 3059/1863/477
f 3064/1864/479 3063/1867/479 3061/1865/478
f 3066/1866/480 3065/1869/480 3063/1867/479
f 3068/1868/481 3067/1871/481 3065/1869/480
f 3070/1870/482 3069/1873/482 3067/1871/481
f 3072/1872/483 3071/1875/483 3069/1873/482
f 3074/1874/484 3073/1877/484 3071/1875/483
f 3076/1876/485 3075/1878/485 3073/1877/484
f 2908/1506/398 2907/85/398 3075/1878/485
f 3080/1879/486 3079/1881/486 3077/11/487
f 3082/1880/488 3081/1883/488 3079/1881/486
f 3084/1882/489 3083/1885/489 3081/1883/488
f 3086/1884/490 3085/607/490 3083/1885/489
f 3088/1886/491 3087/1888/491 3085/607/490
f 3090/1887/492 3089/1890/492 3087/1888/491
f 3092/1889/493 3091/1892/493 3089/1890/492
f 3094/1891/494 3093/550/494 3091/1892/493
f 3096/1893/495 3095/1895/495 3093/550/494
f 3098/1894/496 3097/1897/496 3095/1895/495
f 3100/1896/497 3099/1898/497 3097/1897/496
f 3102/1713/498 3101/520/498 3099/1898/497
f 3104/1899/499 3103/1901/499 3101/520/498
f 3106/1900/500 3105/1903/500 3103/1901/499
f 3108/1902/501 3107/1905/501 3105/1903/500
f 3110/1904/502 3109/596/502 3107/1905/501
f 3112/1906/503 3111/1908/503 3109/596/502
f 3114/1907/504 3113/1910/504 3111/1908/503
f 3116/1909/505 3115/1912/505 3113/1910/504
f 3118/1911/506 3117/611/506 3115/1912/505
f 3120/1913/507 3119/1915/507 3117/611/506
f 3122/1914/508 3121/1917/508 3119/1915/507
f 3124/1916/509 3123/1918/509 3121/1917/508
f 3126/1597/510 3125/86/510 3123/1918/509
f 3128/1919/511 3127/1921/513 3125/86/510
f 3130/1920/512 3129/1923/512 3127/1921/513
f 3132/1922/514 3131/1925/514 3129/1923/512
f 3134/1924/515 3133/526/515 3131/1925/514
f 3136/1926/516 3135/1928/516 3133/526/515
f 3138/1927/517 3137/1930/517 3135/1928/516
f 3140/1929/518 3139/1932/518 3137/1930/517
f 3142/1931/519 3141/645/519 3139/1932/518
f 3144/1933/520 3143/1935/520 3141/645/519
f 3146/1934/521 3145/1937/521 3143/1935/520
f 3148/1936/522 3147/1938/524 3145/1937/521
f 3150/1714/523 3149/631/523 3147/1938/524
f 3152/1939/525 3151/1941/525 3149/631/523
f 3154/1940/526 3153/1943/526 3151/1941/525
f 3156/1942/527 3155/1945/527 3153/1943/526
f 3158/1944/528 3157/572/528 3155/1945/527
f 3160/1946/529 3159/1948/531 3157/572/528
f 3162/1947/530 3161/1950/530 3159/1948/531
f 3164/1949/532 3163/1952/532 3161/1950/530
f 3166/1951/533 3165/507/533 3163/1952/532
f 3168/1953/534 3167/1955/536 3165/507/533
f 3170/1954/535 3169/1957/535 3167/1955/536
f 3172/1956/537 3171/1958/537 3169/1957/535
f 3078/1506/487 3077/85/487 3171/1958/537
f 3176/1959/538 3175/1961/538 3173/11/539
f 3178/1960/540 3177/1963/540 3175/1961/538
f 3180/1962/541 3179/1965/541 3177/1963/540
f 3182/1964/542 3181/1967/542 3179/1965/541
f 3184/1966/543 3183/1969/543 3181/1967/542
f 3186/1968/544 3185/1971/544 3183/1969/543
f 3188/1970/545 3187/1973/545 3185/1971/544
f 3190/1972/546 3189/1975/546 3187/1973/545
f 3192/1974/547 3191/1977/547 3189/1975/546
f 3194/1976/548 3193/1979/548 3191/1977/547
f 3196/1978/549 3195/1981/549 3193/1979/548
f 3198/1980/550 3197/1983/550 3195/1981/549
f 3200/1982/551 3199/1985/551 3197/1983/550
f 3202/1984/552 3201/1987/552 3199/1985/551
f 3204/1986/553 3203/1989/553 3201/1987/552
f 3206/1988/554 3205/1991/554 3203/1989/553
f 3208/1990/555 3207/1993/555 3205/1991/554
f 3210/1992/556 3209/1995/556 3207/1993/555
f 3212/1994/557 3211/1997/557 3209/1995/556
f 3214/1996/558 3213/1999/558 3211/1997/557
f 3216/1998/559 3215/2001/559 3213/1999/558
f 3218/2000/560 3217/2003/560 3215/2001/559
f 3220/2002/561 3219/2005/561 3217/2003/560
f 3222/2004/562 3221/2007/562 3219/2005/561
f 3224/2006/563 3223/2009/563 3221/2007/562
f 3226/2008/564 3225/2011/564 3223/2009/563
f 3228/2010/565 3227/2013/565 3225/2011/564
f 3230/2012/566 3229/2015/566 3227/2013/565
f 3232/2014/567 3231/2017/567 3229/2015/566
f 3234/2016/568 3233/2019/568 3231/2017/567
f 3236/2018/569 3235/2021/569 3233/2019/568
f 3238/2020/570 3237/2023/570 3235/2021/569
f 3240/2022/571 3239/2025/571 3237/2023/570
f 3242/2024/572 3241/2027/572 3239/2025/571
f 3244/2026/573 3243/2029/573 3241/2027/572
f 3246/2028/574 3245/2031/574 3243/2029/573
f 3248/2030/575 3247/2033/575 3245/2031/574
f 3250/2032/576 3249/2035/576 3247/2033/575
f 3252/2034/577 3251/2037/577 3249/2035/576
f 3254/2036/578 3253/2039/578 3251/2037/577
f 3256/2038/579 3255/2041/579 3253/2039/578
f 3258/2040/580 3257/2043/580 3255/2041/579
f 3260/2042/581 3259/2045/581 3257/2043/580
f 3262/2044/582 3261/2047/582 3259/2045/581
f 3264/2046/583 3263/2049/583 3261/2047/582
f 3266/2048/584 3265/2051/584 3263/2049/583
f 3268/2050/585 3267/2053/585 3265/2051/584
f 3270/2052/586 3269/2055/586 3267/2053/585
f 3272/2054/587 3271/2057/587 3269/2055/586
f 3274/2056/588 3273/2059/588 3271/2057/587
f 3276/2058/589 3275/2061/589 3273/2059/588
f 3278/2060/590 3277/2063/590 3275/2061/589
f 3280/2062/591 3279/2065/591 3277/2063/590
f 3282/2064/592 3281/2067/592 3279/2065/591
f 3284/2066/593 3283/2069/593 3281/2067/592
f 3286/2068/594 3285/2071/594 3283/2069/593
f 3288/2070/595 3287/2073/595 3285/2071/594
f 3290/2072/596 3289/2075/596 3287/2073/595
f 3292/2074/597 3291/2077/599 3289/2075/596
f 3294/2076/598 3293/2079/598 3291/2077/599
f 3296/2078/79 3295/2081/79 3293/2079/598
f 3298/2080/600 3297/2083/600 3295/2081/79
f 3300/2082/601 3299/2085/601 3297/2083/600
f 3302/2084/602 3301/2087/602 3299/2085/601
f 3304/2086/603 3303/2089/603 3301/2087/602
f 3306/2088/294 3305/2091/294 3303/2089/603
f 3308/2090/604 3307/2093/604 3305/2091/294
f 3310/2092/605 3309/2095/605 3307/2093/604
f 3312/2094/606 3311/2097/606 3309/2095/605
f 3314/2096/607 3313/2099/607 3311/2097/606
f 3316/2098/608 3315/2101/608 3313/2099/607
f 3318/2100/609 3317/2103/609 3315/2101/608
f 3320/2102/610 3319/2105/610 3317/2103/609
f 3322/2104/611 3321/2107/611 3319/2105/610
f 3324/2106/612 3323/2109/612 3321/2107/611
f 3326/2108/613 3325/2111/613 3323/2109/612
f 3328/2110/614 3327/2113/614 3325/2111/613
f 3330/2112/615 3329/2115/615 3327/2113/614
f 3332/2114/616 3331/2117/616 3329/2115/615
f 3334/2116/617 3333/2119/617 3331/2117/616
f 3336/2118/618 3335/2121/618 3333/2119/617
f 3338/2120/619 3337/2123/619 3335/2121/618
f 3340/2122/620 3339/2125/620 3337/2123/619
f 3342/2124/621 3341/2127/623 3339/2125/620
f 3344/2126/622 3343/2129/622 3341/2127/623
f 3346/2128/624 3345/2131/624 3343/2129/622
f 3348/2130/625 3347/2133/625 3345/2131/624
f 3350/2132/626 3349/2135/626 3347/2133/625
f 3352/2134/627 3351/2137/627 3349/2135/626
f 3354/2136/628 3353/2139/628 3351/2137/627
f 3356/2138/629 3355/2141/629 3353/2139/628
f 3358/2140/630 3357/2143/630 3355/2141/629
f 3360/2142/631 3359/2145/631 3357/2143/630
f 3362/2144/632 3361/2147/632 3359/2145/631
f 3364/2146/633 3363/2149/633 3361/2147/632
f 3366/2148/634 3365/2151/634 3363/2149/633
f 3368/2150/635 3367/2153/635 3365/2151/634
f 3370/2152/636 3369/2155/636 3367/2153/635
f 3372/2154/637 3371/2157/637 3369/2155/636
f 3374/2156/638 3373/2159/640 3371/2157/637
f 3376/2158/639 3375/2161/639 3373/2159/640
f 3378/2160/641 3377/2163/641 3375/2161/639
f 3380/2162/642 3379/2165/642 3377/2163/641
f 3382/2164/643 3381/2167/643 3379/2165/642
f 3384/2166/644 3383/2169/644 3381/2167/643
f 3386/2168/645 3385/2171/645 3383/2169/644
f 3388/2170/646 3387/2173/646 3385/2171/645
f 3390/2172/647 3389/2174/647 3387/2173/646
f 3174/1506/539 3173/85/539 3389/2174/647
f 3394/1887/393 3393/1890/393 3391/11/394
f 3396/1713/393 3395/520/393 3393/1890/393
f 3398/1907/394 3397/1910/394 3395/520/393
f 3400/1597/394 3399/86/394 3397/1910/394
f 3402/1927/393 3401/1930/393 3399/86/394
f 3404/1714/395 3403/631/395 3401/1930/393
f 3406/1947/396 3405/1950/396 3403/631/395
f 3392/1506/394 3391/85/394 3405/1950/396
f 3410/1713/393 3409/520/393 3407/11/394
f 3412/1597/395 3411/86/395 3409/520/393
f 3414/1714/396 3413/631/396 3411/86/395
f 3408/1506/394 3407/85/394 3413/631/396
f 3418/1713/393 3417/520/393 3415/11/394
f 3420/1597/395 3419/86/395 3417/520/393
f 3422/1714/396 3421/631/396 3419/86/395
f 3416/1506/394 3415/85/394 3421/631/396
f 3426/1713/393 3425/520/393 3423/11/395
f 3428/1597/394 3427/86/394 3425/520/393
f 3430/1714/396 3429/631/396 3427/86/394
f 3424/1506/395 3423/85/395 3429/631/396
f 3434/1713/394 3433/520/394 3431/11/393
f 3436/1597/396 3435/86/396 3433/520/394
f 3438/1714/395 3437/631/395 3435/86/396
f 3432/1506/393 3431/85/393 3437/631/395
f 3442/1713/393 3441/520/393 3439/11/395
f 3444/1597/394 3443/86/394 3441/520/393
f 3446/1714/396 3445/631/396 3443/86/394
f 3440/1506/395 3439/85/395 3445/631/396
f 3450/1887/393 3449/1890/393 3447/11/394
f 3452/1713/393 3451/520/393 3449/1890/393
f 3454/1907/394 3453/1910/394 3451/520/393
f 3456/1597/394 3455/86/394 3453/1910/394
f 3458/1927/393 3457/1930/393 3455/86/394
f 3460/1714/395 3459/631/395 3457/1930/393
f 3462/1947/396 3461/1950/396 3459/631/395
f 3448/1506/394 3447/85/394 3461/1950/396
f 3466/2175/648 3465/2177/648 3463/11/649
f 3468/2176/650 3467/2179/650 3465/2177/648
f 3470/2178/651 3469/2181/651 3467/2179/650
f 3472/2180/652 3471/2183/652 3469/2181/651
f 3474/2182/653 3473/2185/653 3471/2183/652
f 3476/2184/654 3475/2187/654 3473/2185/653
f 3478/2186/655 3477/2189/655 3475/2187/654
f 3480/2188/656 3479/2191/658 3477/2189/655
f 3482/2190/657 3481/2193/657 3479/2191/658
f 3484/2192/659 3483/2195/659 3481/2193/657
f 3486/2194/660 3485/2197/660 3483/2195/659
f 3488/2196/661 3487/2199/661 3485/2197/660
f 3490/2198/662 3489/2201/662 3487/2199/661
f 3492/2200/663 3491/2203/663 3489/2201/662
f 3494/2202/664 3493/2205/664 3491/2203/663
f 3496/2204/665 3495/2207/665 3493/2205/664
f 3498/2206/666 3497/2209/666 3495/2207/665
f 3500/2208/667 3499/2211/669 3497/2209/666
f 3502/2210/668 3501/2213/668 3499/2211/669
f 3504/2212/670 3503/2215/670 3501/2213/668
f 3506/2214/671 3505/2217/671 3503/2215/670
f 3508/2216/672 3507/2219/672 3505/2217/671
f 3510/2218/673 3509/2221/673 3507/2219/672
f 3512/2220/674 3511/2223/674 3509/2221/673
f 3514/2222/675 3513/2225/675 3511/2223/674
f 3516/2224/676 3515/2227/676 3513/2225/675
f 3518/2226/677 3517/2229/677 3515/2227/676
f 3520/2228/70 3519/2231/70 3517/2229/677
f 3522/2230/678 3521/2233/678 3519/2231/70
f 3524/2232/679 3523/2235/679 3521/2233/678
f 3526/2234/680 3525/2237/680 3523/2235/679
f 3528/2236/681 3527/2239/681 3525/2237/680
f 3530/2238/682 3529/2241/684 3527/2239/681
f 3532/2240/683 3531/2243/686 3529/2241/684
f 3534/2242/685 3533/2245/688 3531/2243/686
f 3536/2244/687 3535/2247/690 3533/2245/688
f 3538/2246/689 3537/2249/689 3535/2247/690
f 3540/2248/691 3539/2251/691 3537/2249/689
f 3542/2250/692 3541/2253/694 3539/2251/691
f 3544/2252/693 3543/2255/696 3541/2253/694
f 3546/2254/695 3545/2257/695 3543/2255/696
f 3548/2256/697 3547/2259/697 3545/2257/695
f 3550/2258/698 3549/2261/700 3547/2259/697
f 3552/2260/699 3551/2263/702 3549/2261/700
f 3554/2262/701 3553/2265/701 3551/2263/702
f 3556/2264/703 3555/2267/703 3553/2265/701
f 3558/2266/704 3557/2269/704 3555/2267/703
f 3560/2268/705 3559/2271/705 3557/2269/704
f 3562/2270/706 3561/2273/706 3559/2271/705
f 3564/2272/707 3563/2275/707 3561/2273/706
f 3566/2274/708 3565/2277/708 3563/2275/707
f 3568/2276/709 3567/2279/709 3565/2277/708
f 3570/2278/710 3569/2281/710 3567/2279/709
f 3572/2280/711 3571/2283/711 3569/2281/710
f 3574/2282/712 3573/2285/712 3571/2283/711
f 3576/2284/713 3575/2287/713 3573/2285/712
f 3578/2286/714 3577/2289/714 3575/2287/713
f 3580/2288/715 3579/2291/715 3577/2289/714
f 3582/2290/716 3581/2293/716 3579/2291/715
f 3584/2292/717 3583/2295/717 3581/2293/716
f 3586/2294/718 3585/2297/720 3583/2295/717
f 3588/2296/719 3587/2299/722 3585/2297/720
f 3590/2298/721 3589/2301/721 3587/2299/722
f 3592/2300/723 3591/2303/723 3589/2301/721
f 3594/2302/724 3593/2305/726 3591/2303/723
f 3596/2304/725 3595/2307/725 3593/2305/726
f 3598/2306/727 3597/2309/727 3595/2307/725
f 3600/2308/728 3599/2311/728 3597/2309/727
f 3602/2310/729 3601/2313/731 3599/2311/728
f 3604/2312/730 3603/2315/733 3601/2313/731
f 3606/2314/732 3605/2317/735 3603/2315/733
f 3608/2316/734 3607/2319/734 3605/2317/735
f 3610/2318/736 3609/2321/736 3607/2319/734
f 3612/2320/737 3611/2323/737 3609/2321/736
f 3614/2322/738 3613/2325/738 3611/2323/737
f 3616/2324/739 3615/2327/739 3613/2325/738
f 3618/2326/740 3617/2329/740 3615/2327/739
f 3620/2328/741 3619/2331/741 3617/2329/740
f 3622/2330/742 3621/2333/742 3619/2331/741
f 3624/2332/743 3623/2335/743 3621/2333/742
f 3626/2334/744 3625/2337/744 3623/2335/743
f 3628/2336/745 3627/2339/745 3625/2337/744
f 3630/2338/746 3629/2341/746 3627/2339/745
f 3632/2340/747 3631/2343/747 3629/2341/746
f 3634/2342/748 3633/2345/748 3631/2343/747
f 3636/2344/749 3635/2347/749 3633/2345/748
f 3638/2346/750 3637/2349/750 3635/2347/749
f 3640/2348/751 3639/2351/751 3637/2349/750
f 3642/2350/752 3641/2353/752 3639/2351/751
f 3644/2352/753 3643/2355/755 3641/2353/752
f 3646/2354/754 3645/2357/757 3643/2355/755
f 3648/2356/756 3647/2359/759 3645/2357/757
f 3650/2358/758 3649/2361/758 3647/2359/759
f 3652/2360/760 3651/2363/760 3649/2361/758
f 3654/2362/761 3653/2365/761 3651/2363/760
f 3656/2364/762 3655/2367/762 3653/2365/761
f 3658/2366/763 3657/2369/765 3655/2367/762
f 3660/2368/764 3659/2371/767 3657/2369/765
f 3662/2370/766 3661/2373/766 3659/2371/767
f 3664/2372/768 3663/2375/768 3661/2373/766
f 3666/2374/769 3665/2377/769 3663/2375/768
f 3668/2376/770 3667/2379/770 3665/2377/769
f 3670/2378/771 3669/2381/773 3667/2379/770
f 3672/2380/772 3671/2383/772 3669/2381/773
f 3674/2382/774 3673/2385/774 3671/2383/772
f 3676/2384/775 3675/2387/775 3673/2385/774
f 3678/2386/776 3677/2389/776 3675/2387/775
f 3680/2388/222 3679/2391/222 3677/2389/776
f 3682/2390/777 3681/2393/777 3679/2391/222
f 3684/2392/778 3683/2395/778 3681/2393/777
f 3686/2394/779 3685/2397/779 3683/2395/778
f 3688/2396/780 3687/2399/780 3685/2397/779
f 3690/2398/781 3689/2401/781 3687/2399/780
f 3692/2400/782 3691/2403/782 3689/2401/781
f 3694/2402/783 3693/2405/783 3691/2403/782
f 3696/2404/784 3695/2407/784 3693/2405/783
f 3698/2406/785 3697/2409/785 3695/2407/784
f 3700/2408/786 3699/2411/786 3697/2409/785
f 3702/2410/787 3701/2413/787 3699/2411/786
f 3704/2412/788 3703/2415/790 3701/2413/787
f 3706/2414/789 3705/2417/789 3703/2415/790
f 3708/2416/791 3707/2419/791 3705/2417/789
f 3710/2418/792 3709/2421/792 3707/2419/791
f 3712/2420/793 3711/2423/793 3709/2421/792
f 3714/2422/794 3713/2425/794 3711/2423/793
f 3716/2424/795 3715/2427/795 3713/2425/794
f 3718/2426/796 3717/2429/796 3715/2427/795
f 3720/2428/797 3719/2431/797 3717/2429/796
f 3722/2430/798 3721/2433/798 3719/2431/797
f 3724/2432/799 3723/2435/799 3721/2433/798
f 3726/2434/800 3725/2437/802 3723/2435/799
f 3728/2436/801 3727/2439/801 3725/2437/802
f 3730/2438/803 3729/2441/803 3727/2439/801
f 3732/2440/394 3731/2443/394 3729/2441/803
f 3734/2442/394 3733/2445/394 3731/2443/394
f 3736/2444/393 3735/2447/393 3733/2445/394
f 3738/2446/395 3737/2449/395 3735/2447/393
f 3740/2448/804 3739/2450/804 3737/2449/395
f 3464/1506/649 3463/85/649 3739/2450/804
f 3744/2451/393 3743/2453/393 3741/11/393
f 3746/2452/805 3745/2455/805 3743/2453/393
f 3748/2454/806 3747/2457/806 3745/2455/805
f 3750/2456/807 3749/2459/807 3747/2457/806
f 3752/2458/808 3751/2461/808 3749/2459/807
f 3754/2460/809 3753/2463/809 3751/2461/808
f 3756/2462/810 3755/2465/812 3753/2463/809
f 3758/2464/811 3757/2467/814 3755/2465/812
f 3760/2466/813 3759/2469/813 3757/2467/814
f 3762/2468/815 3761/2471/815 3759/2469/813
f 3764/2470/816 3763/2473/818 3761/2471/815
f 3766/2472/817 3765/2475/820 3763/2473/818
f 3768/2474/819 3767/2477/819 3765/2475/820
f 3770/2476/821 3769/2479/821 3767/2477/819
f 3772/2478/822 3771/2481/824 3769/2479/821
f 3774/2480/823 3773/2483/826 3771/2481/824
f 3776/2482/825 3775/2485/825 3773/2483/826
f 3778/2484/827 3777/2487/827 3775/2485/825
f 3780/2486/828 3779/2489/828 3777/2487/827
f 3782/2488/829 3781/2491/829 3779/2489/828
f 3784/2490/830 3783/2493/830 3781/2491/829
f 3786/2492/831 3785/2495/831 3783/2493/830
f 3788/2494/832 3787/2497/832 3785/2495/831
f 3790/2496/833 3789/2499/833 3787/2497/832
f 3792/2498/834 3791/2501/836 3789/2499/833
f 3794/2500/835 3793/2503/835 3791/2501/836
f 3796/2502/837 3795/2505/837 3793/2503/835
f 3798/2504/838 3797/2507/838 3795/2505/837
f 3800/2506/839 3799/2509/839 3797/2507/838
f 3802/2508/840 3801/2511/840 3799/2509/839
f 3804/2510/841 3803/2513/841 3801/2511/840
f 3806/2512/842 3805/2515/842 3803/2513/841
f 3808/2514/843 3807/2517/845 3805/2515/842
f 3810/2516/844 3809/2519/844 3807/2517/845
f 3812/2518/846 3811/2521/846 3809/2519/844
f 3814/2520/847 3813/2523/847 3811/2521/846
f 3816/2522/848 3815/2525/848 3813/2523/847
f 3818/2524/849 3817/2527/849 3815/2525/848
f 3820/2526/850 3819/2529/850 3817/2527/849
f 3822/2528/851 3821/2531/851 3819/2529/850
f 3824/2530/852 3823/2533/852 3821/2531/851
f 3826/2532/579 3825/2535/579 3823/2533/852
f 3828/2534/853 3827/2537/853 3825/2535/579
f 3830/2536/854 3829/2539/854 3827/2537/853
f 3832/2538/855 3831/2541/855 3829/2539/854
f 3834/2540/856 3833/2543/856 3831/2541/855
f 3836/2542/857 3835/2545/857 3833/2543/856
f 3838/2544/858 3837/2547/858 3835/2545/857
f 3840/2546/859 3839/2549/861 3837/2547/858
f 3842/2548/860 3841/2551/860 3839/2549/861
f 3844/2550/862 3843/2553/864 3841/2551/860
f 3846/2552/863 3845/2555/866 3843/2553/864
f 3848/2554/865 3847/2557/865 3845/2555/866
f 3850/2556/867 3849/2559/867 3847/2557/865
f 3852/2558/868 3851/2561/870 3849/2559/867
f 3854/2560/869 3853/2563/872 3851/2561/870
f 3856/2562/871 3855/2565/871 3853/2563/872
f 3858/2564/873 3857/2567/873 3855/2565/871
f 3860/2566/874 3859/2569/876 3857/2567/873
f 3862/2568/875 3861/2571/878 3859/2569/876
f 3864/2570/877 3863/2573/880 3861/2571/878
f 3866/2572/879 3865/2575/882 3863/2573/880
f 3868/2574/881 3867/2577/881 3865/2575/882
f 3870/2576/883 3869/2579/883 3867/2577/881
f 3872/2578/884 3871/2581/886 3869/2579/883
f 3874/2580/885 3873/2583/885 3871/2581/886
f 3876/2582/887 3875/2585/887 3873/2583/885
f 3878/2584/888 3877/2587/888 3875/2585/887
f 3880/2586/889 3879/2589/889 3877/2587/888
f 3882/2588/890 3881/2591/892 3879/2589/889
f 3884/2590/891 3883/2593/891 3881/2591/892
f 3886/2592/893 3885/2595/893 3883/2593/891
f 3888/2594/894 3887/2597/894 3885/2595/893
f 3890/2596/895 3889/2599/895 3887/2597/894
f 3892/2598/896 3891/2601/896 3889/2599/895
f 3894/2600/394 3893/2603/394 3891/2601/896
f 3896/2602/394 3895/2605/394 3893/2603/394
f 3898/2604/396 3897/2607/396 3895/2605/394
f 3900/2606/396 3899/2609/396 3897/2607/396
f 3902/2608/394 3901/2611/394 3899/2609/396
f 3904/2610/897 3903/2613/899 3901/2611/394
f 3906/2612/898 3905/2615/898 3903/2613/899
f 3908/2614/900 3907/2617/900 3905/2615/898
f 3910/2616/901 3909/2619/901 3907/2617/900
f 3912/2618/902 3911/2621/902 3909/2619/901
f 3914/2620/903 3913/2623/903 3911/2621/902
f 3916/2622/904 3915/2625/904 3913/2623/903
f 3918/2624/905 3917/2627/905 3915/2625/904
f 3920/2626/906 3919/2629/906 3917/2627/905
f 3922/2628/907 3921/2631/907 3919/2629/906
f 3924/2630/908 3923/2633/908 3921/2631/907
f 3926/2632/909 3925/2635/909 3923/2633/908
f 3928/2634/910 3927/2637/912 3925/2635/909
f 3930/2636/911 3929/2639/914 3927/2637/912
f 3932/2638/913 3931/2641/913 3929/2639/914
f 3934/2640/915 3933/2643/915 3931/2641/913
f 3936/2642/916 3935/2645/918 3933/2643/915
f 3938/2644/917 3937/2647/917 3935/2645/918
f 3940/2646/919 3939/2649/921 3937/2647/917
f 3942/2648/920 3941/2651/923 3939/2649/921
f 3944/2650/922 3943/2653/925 3941/2651/923
f 3946/2652/924 3945/2655/927 3943/2653/925
f 3948/2654/926 3947/2657/926 3945/2655/927
f 3950/2656/928 3949/2659/928 3947/2657/926
f 3952/2658/929 3951/2661/931 3949/2659/928
f 3954/2660/930 3953/2663/930 3951/2661/931
f 3956/2662/932 3955/2665/932 3953/2663/930
f 3958/2664/933 3957/2667/933 3955/2665/932
f 3960/2666/934 3959/2669/934 3957/2667/933
f 3962/2668/935 3961/2671/935 3959/2669/934
f 3964/2670/936 3963/2673/936 3961/2671/935
f 3966/2672/937 3965/2675/939 3963/2673/936
f 3968/2674/938 3967/2677/938 3965/2675/939
f 3970/2676/940 3969/2679/940 3967/2677/938
f 3972/2678/941 3971/2681/941 3969/2679/940
f 3974/2680/942 3973/2683/942 3971/2681/941
f 3976/2682/943 3975/2685/945 3973/2683/942
f 3978/2684/944 3977/2687/944 3975/2685/945
f 3980/2686/946 3979/2689/946 3977/2687/944
f 3982/2688/947 3981/2691/947 3979/2689/946
f 3984/2690/948 3983/2693/948 3981/2691/947
f 3986/2692/949 3985/2695/949 3983/2693/948
f 3988/2694/950 3987/2697/950 3985/2695/949
f 3990/2696/951 3989/2699/951 3987/2697/950
f 3992/2698/952 3991/2701/952 3989/2699/951
f 3994/2700/953 3993/2703/953 3991/2701/952
f 3996/2702/954 3995/2705/954 3993/2703/953
f 3998/2704/955 3997/2707/955 3995/2705/954
f 4000/2706/956 3999/2709/956 3997/2707/955
f 4002/2708/957 4001/2711/957 3999/2709/956
f 4004/2710/958 4003/2713/958 4001/2711/957
f 4006/2712/959 4005/2715/959 4003/2713/958
f 4008/2714/960 4007/2717/962 4005/2715/959
f 4010/2716/961 4009/2719/961 4007/2717/962
f 4012/2718/963 4011/2721/963 4009/2719/961
f 4014/2720/964 4013/2723/964 4011/2721/963
f 4016/2722/965 4015/2725/965 4013/2723/964
f 4018/2724/966 4017/2727/966 4015/2725/965
f 4020/2726/967 4019/2729/967 4017/2727/966
f 4022/2728/968 4021/2731/968 4019/2729/967
f 4024/2730/969 4023/2733/971 4021/2731/968
f 4026/2732/970 4025/2735/970 4023/2733/971
f 4028/2734/972 4027/2737/972 4025/2735/970
f 4030/2736/973 4029/2739/973 4027/2737/972
f 4032/2738/974 4031/2741/974 4029/2739/973
f 4034/2740/975 4033/2743/975 4031/2741/974
f 4036/2742/976 4035/2745/978 4033/2743/975
f 4038/2744/977 4037/2747/977 4035/2745/978
f 4040/2746/979 4039/2749/979 4037/2747/977
f 4042/2748/980 4041/2751/980 4039/2749/979
f 4044/2750/981 4043/2753/981 4041/2751/980
f 4046/2752/982 4045/2755/982 4043/2753/981
f 4048/2754/983 4047/2757/983 4045/2755/982
f 4050/2756/393 4049/2759/393 4047/2757/983
f 4052/2758/395 4051/2761/395 4049/2759/393
f 4054/2760/395 4053/2762/395 4051/2761/395
f 3742/1506/393 3741/85/393 4053/2762/395
f 4058/2763/984 4057/2765/984 4055/11/985
f 4060/2764/987 4059/2767/987 4057/2765/984
f 4062/2766/988 4061/2769/988 4059/2767/987
f 4064/2768/989 4063/2770/989 4061/2769/988
f 4066/1746/990 4065/482/990 4063/2770/989
f 4068/2771/991 4067/2773/991 4065/482/990
f 4070/2772/992 4069/2775/994 4067/2773/991
f 4072/2774/993 4071/2777/993 4069/2775/994
f 4074/2776/995 4073/2778/995 4071/2777/993
f 4076/1779/996 4075/491/998 4073/2778/995
f 4078/2779/997 4077/2781/997 4075/491/998
f 4080/2780/999 4079/2783/1001 4077/2781/997
f 4082/2782/1000 4081/2785/1003 4079/2783/1001
f 4084/2784/1002 4083/2786/1002 4081/2785/1003
f 4086/1812/1004 4085/467/1006 4083/2786/1002
f 4088/2787/1005 4087/2789/1005 4085/467/1006
f 4090/2788/1007 4089/2791/1009 4087/2789/1005
f 4092/2790/1008 4091/2793/1011 4089/2791/1009
f 4094/2792/1010 4093/2794/1010 4091/2793/1011
f 4096/1845/1012 4095/471/1012 4093/2794/1010
f 4098/2795/1013 4097/2797/1013 4095/471/1012
f 4100/2796/1014 4099/2799/1014 4097/2797/1013
f 4102/2798/1015 4101/2801/1015 4099/2799/1014
f 4104/2800/1016 4103/2802/1017 4101/2801/1015
f 4056/1506/986 4055/85/985 4103/2802/1017
f 4108/1882/1018 4107/1885/1021 4105/11/1019
f 4110/1887/1020 4109/1890/1020 4107/1885/1021
f 4112/1893/1022 4111/1895/1024 4109/1890/1020
f 4114/1713/1023 4113/520/1023 4111/1895/1024
f 4116/1902/1025 4115/1905/1025 4113/520/1023
f 4118/1907/1026 4117/1910/1026 4115/1905/1025
f 4120/1913/1027 4119/1915/1027 4117/1910/1026
f 4122/1597/1028 4121/86/1028 4119/1915/1027
f 4124/1922/1029 4123/1925/1031 4121/86/1028
f 4126/1927/1030 4125/1930/1033 4123/1925/1031
f 4128/1933/1032 4127/1935/1035 4125/1930/1033
f 4130/1714/1034 4129/631/1036 4127/1935/1035
f 4132/1942/393 4131/1945/393 4129/631/1036
f 4134/1947/394 4133/1950/394 4131/1945/393
f 4136/1953/396 4135/1955/396 4133/1950/394
f 4106/1506/843 4105/85/1019 4135/1955/396
f 4140/1746/395 4139/482/395 4137/11/1037
f 4142/1779/393 4141/491/393 4139/482/395
f 4144/1812/394 4143/467/394 4141/491/393
f 4146/1845/1038 4145/471/1038 4143/467/394
f 4138/1506/1037 4137/85/1037 4145/471/1038
f 4150/2803/1039 4149/2804/1039 4147/11/1040
f 4152/1879/1041 4151/1881/1041 4149/2804/1039
f 4154/2805/1042 4153/2806/1042 4151/1881/1041
f 4156/1880/1043 4155/1883/1043 4153/2806/1042
f 4158/2807/1044 4157/2808/1044 4155/1883/1043
f 4160/1882/1045 4159/1885/1045 4157/2808/1044
f 4162/2809/1046 4161/2810/1046 4159/1885/1045
f 4164/1884/1047 4163/607/1047 4161/2810/1046
f 4166/2811/1048 4165/2812/1048 4163/607/1047
f 4168/1886/1049 4167/1888/1049 4165/2812/1048
f 4170/2813/1050 4169/2814/1051 4167/1888/1049
f 4172/1887/396 4171/1890/396 4169/2814/1051
f 4174/2815/394 4173/2816/394 4171/1890/396
f 4176/1889/1052 4175/1892/1052 4173/2816/394
f 4178/2817/1053 4177/2818/1053 4175/1892/1052
f 4180/1891/1054 4179/550/1054 4177/2818/1053
f 4182/2819/1055 4181/2820/1055 4179/550/1054
f 4184/1893/1056 4183/1895/1056 4181/2820/1055
f 4186/2821/1057 4185/2822/1057 4183/1895/1056
f 4188/1894/1058 4187/1897/1058 4185/2822/1057
f 4190/2823/1059 4189/2824/1059 4187/1897/1058
f 4192/1896/1060 4191/1898/1060 4189/2824/1059
f 4194/2825/1061 4193/2826/1063 4191/1898/1060
f 4196/1713/1062 4195/520/1062 4193/2826/1063
f 4198/2827/1064 4197/2828/1064 4195/520/1062
f 4200/1899/1065 4199/1901/1066 4197/2828/1064
f 4202/2829/396 4201/2830/396 4199/1901/1066
f 4204/1900/394 4203/1903/394 4201/2830/396
f 4206/2831/393 4205/2832/393 4203/1903/394
f 4208/1902/393 4207/1905/393 4205/2832/393
f 4210/2833/394 4209/2834/394 4207/1905/393
f 4212/1904/394 4211/596/394 4209/2834/394
f 4214/2835/393 4213/2836/393 4211/596/394
f 4216/1906/1067 4215/1908/1069 4213/2836/393
f 4218/2837/1068 4217/2838/1068 4215/1908/1069
f 4220/1907/1070 4219/1910/1070 4217/2838/1068
f 4222/2839/1071 4221/2840/1071 4219/1910/1070
f 4224/1909/1072 4223/1912/1072 4221/2840/1071
f 4226/2841/1073 4225/2842/1073 4223/1912/1072
f 4228/1911/1074 4227/611/1074 4225/2842/1073
f 4230/2843/1075 4229/2844/1075 4227/611/1074
f 4232/1913/1076 4231/1915/1076 4229/2844/1075
f 4234/2845/1077 4233/2846/1077 4231/1915/1076
f 4236/1914/1078 4235/1917/1078 4233/2846/1077
f 4238/2847/1079 4237/2848/1079 4235/1917/1078
f 4240/1916/1080 4239/1918/1080 4237/2848/1079
f 4242/2849/1081 4241/2850/1081 4239/1918/1080
f 4244/1597/1082 4243/86/1084 4241/2850/1081
f 4246/2851/1083 4245/2852/1086 4243/86/1084
f 4248/1919/1085 4247/1921/1088 4245/2852/1086
f 4250/2853/1087 4249/2854/1090 4247/1921/1088
f 4252/1920/1089 4251/1923/1089 4249/2854/1090
f 4254/2855/1091 4253/2856/1091 4251/1923/1089
f 4256/1922/1092 4255/1925/1092 4253/2856/1091
f 4258/2857/1093 4257/2858/1093 4255/1925/1092
f 4260/1924/1094 4259/526/1094 4257/2858/1093
f 4262/2859/1095 4261/2860/1097 4259/526/1094
f 4264/1926/1096 4263/1928/1096 4261/2860/1097
f 4266/2861/1098 4265/2862/1098 4263/1928/1096
f 4268/1927/1099 4267/1930/1099 4265/2862/1098
f 4270/2863/1100 4269/2864/1100 4267/1930/1099
f 4272/1929/1101 4271/1932/1101 4269/2864/1100
f 4274/2865/1102 4273/2866/1102 4271/1932/1101
f 4276/1931/1103 4275/645/1103 4273/2866/1102
f 4278/2867/1104 4277/2868/1104 4275/645/1103
f 4280/1933/1105 4279/1935/1105 4277/2868/1104
f 4282/2869/1106 4281/2870/1106 4279/1935/1105
f 4284/1934/1107 4283/1937/1107 4281/2870/1106
f 4286/2871/1108 4285/2872/1108 4283/1937/1107
f 4288/1936/1109 4287/1938/1110 4285/2872/1108
f 4290/2873/393 4289/2874/393 4287/1938/1110
f 4292/1714/395 4291/631/395 4289/2874/393
f 4294/2875/395 4293/2876/395 4291/631/395
f 4296/1939/393 4295/1941/393 4293/2876/395
f 4298/2877/393 4297/2878/393 4295/1941/393
f 4300/1940/395 4299/1943/395 4297/2878/393
f 4302/2879/395 4301/2880/395 4299/1943/395
f 4304/1942/395 4303/1945/395 4301/2880/395
f 4306/2881/396 4305/2882/396 4303/1945/395
f 4308/1944/396 4307/572/396 4305/2882/396
f 4310/2883/396 4309/2884/396 4307/572/396
f 4312/1946/1111 4311/1948/1111 4309/2884/396
f 4314/2885/1112 4313/2886/1112 4311/1948/1111
f 4316/1947/1113 4315/1950/1113 4313/2886/1112
f 4318/2887/1114 4317/2888/1116 4315/1950/1113
f 4320/1949/1115 4319/1952/1115 4317/2888/1116
f 4322/2889/1117 4321/2890/1119 4319/1952/1115
f 4324/1951/1118 4323/507/1118 4321/2890/1119
f 4326/2891/1120 4325/2892/1122 4323/507/1118
f 4328/1953/1121 4327/1955/1124 4325/2892/1122
f 4330/2893/1123 4329/2894/1123 4327/1955/1124
f 4332/1954/1125 4331/1957/1125 4329/2894/1123
f 4334/2895/1126 4333/2896/1126 4331/1957/1125
f 4336/1956/1127 4335/1958/1127 4333/2896/1126
f 4338/2897/1128 4337/2898/1128 4335/1958/1127
f 4148/1506/1040 4147/85/1040 4337/2898/1128
f 4342/2899/1129 4341/2901/1129 4339/11/1130
f 4344/2900/1132 4343/2902/1134 4341/2901/1129
f 4346/1746/1133 4345/482/1133 4343/2902/1134
f 4348/2903/1135 4347/2904/1135 4345/482/1133
f 4350/1904/1136 4349/596/1136 4347/2904/1135
f 4352/1779/1137 4351/491/1137 4349/596/1136
f 4354/2905/1138 4353/2907/1138 4351/491/1137
f 4356/2906/1139 4355/2908/1139 4353/2907/1138
f 4358/1812/1140 4357/467/1140 4355/2908/1139
f 4360/1931/1141 4359/645/1143 4357/467/1140
f 4362/2909/1142 4361/2910/1142 4359/645/1143
f 4364/1845/394 4363/471/394 4361/2910/1142
f 4366/2911/396 4365/2913/396 4363/471/394
f 4368/2912/1144 4367/2914/1144 4365/2913/396
f 4340/1506/1131 4339/85/1130 4367/2914/1144
f 4372/1713/393 4371/520/393 4369/11/395
f 4374/1597/394 4373/86/394 4371/520/393
f 4376/1714/396 4375/631/396 4373/86/394
f 4370/1506/395 4369/85/395 4375/631/396
f 4380/1713/394 4379/520/394 4377/11/393
f 4382/1597/396 4381/86/396 4379/520/394
f 4384/1714/395 4383/631/395 4381/86/396
f 4378/1506/393 4377/85/393 4383/631/395
